2025-04-15 13:25:16.244 - RealTimeSTT: root - INFO - Starting RealTimeSTT
2025-04-15 13:25:16.246 - RealTimeSTT: root - INFO - Initializing faster_whisper main transcription model base.en
2025-04-15 13:25:16.246 - RealTimeSTT: root - INFO - Initializing audio recording (creating pyAudio input stream, sample rate: 16000 buffer size: 512
2025-04-15 13:25:16.247 - RealTimeSTT: root - INFO - Initializing WebRTC voice with Sensitivity 0
2025-04-15 13:25:16.247 - RealTimeSTT: root - DEBUG - WebRTC VAD voice activity detection engine initialized successfully
2025-04-15 13:25:16.251 - RealTimeSTT: urllib3.connectionpool - DEBUG - Starting new HTTPS connection (1): huggingface.co:443
2025-04-15 13:25:16.392 - RealTimeSTT: urllib3.connectionpool - DEBUG - https://huggingface.co:443 "GET /api/models/Systran/faster-whisper-base.en/revision/main HTTP/1.1" 200 932
2025-04-15 13:25:16.406 - RealTimeSTT: root - INFO - Microphone connected and validated (input_device_index: 5)
2025-04-15 13:25:16.406 - RealTimeSTT: root - DEBUG - Audio recording initialized successfully at 16000 Hz, reading 1024 frames at a time
2025-04-15 13:25:16.446 - RealTimeSTT: torio._extension.utils - DEBUG - Loading FFmpeg6
2025-04-15 13:25:16.450 - RealTimeSTT: torio._extension.utils - DEBUG - Failed to load FFmpeg6 extension.
Traceback (most recent call last):
  File "/home/hello-robot/.local/lib/python3.10/site-packages/torio/_extension/utils.py", line 116, in _find_ffmpeg_extension
    ext = _find_versionsed_ffmpeg_extension(ffmpeg_ver)
  File "/home/hello-robot/.local/lib/python3.10/site-packages/torio/_extension/utils.py", line 108, in _find_versionsed_ffmpeg_extension
    _load_lib(lib)
  File "/home/hello-robot/.local/lib/python3.10/site-packages/torio/_extension/utils.py", line 94, in _load_lib
    torch.ops.load_library(path)
  File "/home/hello-robot/.local/lib/python3.10/site-packages/torch/_ops.py", line 1032, in load_library
    ctypes.CDLL(path)
  File "/usr/lib/python3.10/ctypes/__init__.py", line 374, in __init__
    self._handle = _dlopen(self._name, mode)
OSError: libavutil.so.58: cannot open shared object file: No such file or directory
2025-04-15 13:25:16.452 - RealTimeSTT: torio._extension.utils - DEBUG - Loading FFmpeg5
2025-04-15 13:25:16.454 - RealTimeSTT: torio._extension.utils - DEBUG - Failed to load FFmpeg5 extension.
Traceback (most recent call last):
  File "/home/hello-robot/.local/lib/python3.10/site-packages/torio/_extension/utils.py", line 116, in _find_ffmpeg_extension
    ext = _find_versionsed_ffmpeg_extension(ffmpeg_ver)
  File "/home/hello-robot/.local/lib/python3.10/site-packages/torio/_extension/utils.py", line 108, in _find_versionsed_ffmpeg_extension
    _load_lib(lib)
  File "/home/hello-robot/.local/lib/python3.10/site-packages/torio/_extension/utils.py", line 94, in _load_lib
    torch.ops.load_library(path)
  File "/home/hello-robot/.local/lib/python3.10/site-packages/torch/_ops.py", line 1032, in load_library
    ctypes.CDLL(path)
  File "/usr/lib/python3.10/ctypes/__init__.py", line 374, in __init__
    self._handle = _dlopen(self._name, mode)
OSError: libavutil.so.57: cannot open shared object file: No such file or directory
2025-04-15 13:25:16.455 - RealTimeSTT: torio._extension.utils - DEBUG - Loading FFmpeg4
2025-04-15 13:25:16.668 - RealTimeSTT: torio._extension.utils - DEBUG - Successfully loaded FFmpeg4
2025-04-15 13:25:16.857 - RealTimeSTT: root - DEBUG - Silero VAD voice activity detection engine initialized successfully
2025-04-15 13:25:16.969 - RealTimeSTT: root - DEBUG - Starting realtime worker
2025-04-15 13:25:16.969 - RealTimeSTT: root - DEBUG - Waiting for main transcription model to start
2025-04-15 13:25:16.972 - RealTimeSTT: faster_whisper - INFO - Processing audio with duration 00:01.620
2025-04-15 13:25:17.016 - RealTimeSTT: faster_whisper - INFO - VAD filter removed 00:00.000 of audio
2025-04-15 13:25:17.630 - RealTimeSTT: root - DEBUG - _audio_data_worker writing audio data into queue.
2025-04-15 13:25:18.482 - RealTimeSTT: root - DEBUG - Faster_whisper main speech to text transcription model initialized successfully
2025-04-15 13:25:18.482 - RealTimeSTT: root - DEBUG - Main transcription model ready
2025-04-15 13:25:18.483 - RealTimeSTT: root - DEBUG - RealtimeSTT initialization completed successfully
2025-04-15 13:25:18.654 - RealTimeSTT: root - DEBUG - _audio_data_worker writing audio data into queue.
2025-04-15 13:25:19.678 - RealTimeSTT: root - DEBUG - _audio_data_worker writing audio data into queue.
2025-04-15 13:25:20.702 - RealTimeSTT: root - DEBUG - _audio_data_worker writing audio data into queue.
2025-04-15 13:25:21.726 - RealTimeSTT: root - DEBUG - _audio_data_worker writing audio data into queue.
2025-04-15 13:25:22.750 - RealTimeSTT: root - DEBUG - _audio_data_worker writing audio data into queue.
2025-04-15 13:25:23.774 - RealTimeSTT: root - DEBUG - _audio_data_worker writing audio data into queue.
2025-04-15 13:25:24.798 - RealTimeSTT: root - DEBUG - _audio_data_worker writing audio data into queue.
2025-04-15 13:25:25.822 - RealTimeSTT: root - DEBUG - _audio_data_worker writing audio data into queue.
2025-04-15 13:25:26.846 - RealTimeSTT: root - DEBUG - _audio_data_worker writing audio data into queue.
2025-04-15 13:25:27.870 - RealTimeSTT: root - DEBUG - _audio_data_worker writing audio data into queue.
2025-04-15 13:25:28.894 - RealTimeSTT: root - DEBUG - _audio_data_worker writing audio data into queue.
2025-04-15 13:25:29.918 - RealTimeSTT: root - DEBUG - _audio_data_worker writing audio data into queue.
2025-04-15 13:25:30.942 - RealTimeSTT: root - DEBUG - _audio_data_worker writing audio data into queue.
2025-04-15 13:25:31.966 - RealTimeSTT: root - DEBUG - _audio_data_worker writing audio data into queue.
2025-04-15 13:25:32.990 - RealTimeSTT: root - DEBUG - _audio_data_worker writing audio data into queue.
2025-04-15 13:25:34.014 - RealTimeSTT: root - DEBUG - _audio_data_worker writing audio data into queue.
2025-04-15 13:25:35.038 - RealTimeSTT: root - DEBUG - _audio_data_worker writing audio data into queue.
2025-04-15 13:25:36.062 - RealTimeSTT: root - DEBUG - _audio_data_worker writing audio data into queue.
2025-04-15 13:25:37.086 - RealTimeSTT: root - DEBUG - _audio_data_worker writing audio data into queue.
2025-04-15 13:25:38.110 - RealTimeSTT: root - DEBUG - _audio_data_worker writing audio data into queue.
2025-04-15 13:25:39.134 - RealTimeSTT: root - DEBUG - _audio_data_worker writing audio data into queue.
2025-04-15 13:25:40.158 - RealTimeSTT: root - DEBUG - _audio_data_worker writing audio data into queue.
2025-04-15 13:25:41.182 - RealTimeSTT: root - DEBUG - _audio_data_worker writing audio data into queue.
2025-04-15 13:25:42.206 - RealTimeSTT: root - DEBUG - _audio_data_worker writing audio data into queue.
2025-04-15 13:25:43.230 - RealTimeSTT: root - DEBUG - _audio_data_worker writing audio data into queue.
2025-04-15 13:25:44.254 - RealTimeSTT: root - DEBUG - _audio_data_worker writing audio data into queue.
2025-04-15 13:25:45.278 - RealTimeSTT: root - DEBUG - _audio_data_worker writing audio data into queue.
2025-04-15 13:25:46.302 - RealTimeSTT: root - DEBUG - _audio_data_worker writing audio data into queue.
2025-04-15 13:25:47.327 - RealTimeSTT: root - DEBUG - _audio_data_worker writing audio data into queue.
2025-04-15 13:25:48.350 - RealTimeSTT: root - DEBUG - _audio_data_worker writing audio data into queue.
2025-04-15 13:25:49.374 - RealTimeSTT: root - DEBUG - _audio_data_worker writing audio data into queue.
2025-04-15 13:25:50.398 - RealTimeSTT: root - DEBUG - _audio_data_worker writing audio data into queue.
2025-04-15 13:25:51.422 - RealTimeSTT: root - DEBUG - _audio_data_worker writing audio data into queue.
2025-04-15 13:25:52.446 - RealTimeSTT: root - DEBUG - _audio_data_worker writing audio data into queue.
2025-04-15 13:25:53.470 - RealTimeSTT: root - DEBUG - _audio_data_worker writing audio data into queue.
2025-04-15 13:25:54.494 - RealTimeSTT: root - DEBUG - _audio_data_worker writing audio data into queue.
2025-04-15 13:25:55.518 - RealTimeSTT: root - DEBUG - _audio_data_worker writing audio data into queue.
2025-04-15 13:25:55.619 - RealTimeSTT: gtts.tts - DEBUG - text: Good morning Mueller. this is Florence. A reminder that it is time for drinking .
2025-04-15 13:25:55.619 - RealTimeSTT: gtts.tts - DEBUG - tld: com
2025-04-15 13:25:55.619 - RealTimeSTT: gtts.tts - DEBUG - lang: en
2025-04-15 13:25:55.619 - RealTimeSTT: gtts.tts - DEBUG - slow: False
2025-04-15 13:25:55.619 - RealTimeSTT: gtts.tts - DEBUG - lang_check: True
2025-04-15 13:25:55.619 - RealTimeSTT: gtts.tts - DEBUG - pre_processor_funcs: [<function tone_marks at 0x7dbe7fb31a20>, <function end_of_line at 0x7dbe7fb32290>, <function abbreviations at 0x7dbe7fb32320>, <function word_sub at 0x7dbe7fb323b0>]
2025-04-15 13:25:55.619 - RealTimeSTT: gtts.tts - DEBUG - tokenizer_func: <bound method Tokenizer.run of re.compile('(?<=\\?).|(?<=!).|(?<=？).|(?<=！).|(?<!\\.[a-z])\\. |(?<!\\.[a-z]), |(?<!\\d):|。|;|，|\\(|،|\\\n|：|\\[|\\)|¿|、|…|¡|‥|\\]|—', re.IGNORECASE) from: [<function tone_marks at 0x7dbe7fb32560>, <function period_comma at 0x7dbe7fb325f0>, <function colon at 0x7dbe7fb32680>, <function other_punctuation at 0x7dbe7fb32710>]>
2025-04-15 13:25:55.619 - RealTimeSTT: gtts.tts - DEBUG - timeout: None
2025-04-15 13:25:55.620 - RealTimeSTT: gtts.lang - DEBUG - langs: {'af': 'Afrikaans', 'ar': 'Arabic', 'bg': 'Bulgarian', 'bn': 'Bengali', 'bs': 'Bosnian', 'ca': 'Catalan', 'cs': 'Czech', 'da': 'Danish', 'de': 'German', 'el': 'Greek', 'en': 'English', 'es': 'Spanish', 'et': 'Estonian', 'fi': 'Finnish', 'fr': 'French', 'gu': 'Gujarati', 'hi': 'Hindi', 'hr': 'Croatian', 'hu': 'Hungarian', 'id': 'Indonesian', 'is': 'Icelandic', 'it': 'Italian', 'iw': 'Hebrew', 'ja': 'Japanese', 'jw': 'Javanese', 'km': 'Khmer', 'kn': 'Kannada', 'ko': 'Korean', 'la': 'Latin', 'lv': 'Latvian', 'ml': 'Malayalam', 'mr': 'Marathi', 'ms': 'Malay', 'my': 'Myanmar (Burmese)', 'ne': 'Nepali', 'nl': 'Dutch', 'no': 'Norwegian', 'pl': 'Polish', 'pt': 'Portuguese', 'ro': 'Romanian', 'ru': 'Russian', 'si': 'Sinhala', 'sk': 'Slovak', 'sq': 'Albanian', 'sr': 'Serbian', 'su': 'Sundanese', 'sv': 'Swedish', 'sw': 'Swahili', 'ta': 'Tamil', 'te': 'Telugu', 'th': 'Thai', 'tl': 'Filipino', 'tr': 'Turkish', 'uk': 'Ukrainian', 'ur': 'Urdu', 'vi': 'Vietnamese', 'zh-CN': 'Chinese (Simplified)', 'zh-TW': 'Chinese (Mandarin/Taiwan)', 'zh': 'Chinese (Mandarin)'}
2025-04-15 13:25:55.620 - RealTimeSTT: gtts.tts - DEBUG - pre-processing: <function tone_marks at 0x7dbe7fb31a20>
2025-04-15 13:25:55.620 - RealTimeSTT: gtts.tts - DEBUG - pre-processing: <function end_of_line at 0x7dbe7fb32290>
2025-04-15 13:25:55.620 - RealTimeSTT: gtts.tts - DEBUG - pre-processing: <function abbreviations at 0x7dbe7fb32320>
2025-04-15 13:25:55.621 - RealTimeSTT: gtts.tts - DEBUG - pre-processing: <function word_sub at 0x7dbe7fb323b0>
2025-04-15 13:25:55.621 - RealTimeSTT: gtts.tts - DEBUG - text_parts: ['Good morning Mueller. this is Florence. A reminder that it is time for drinking .']
2025-04-15 13:25:55.621 - RealTimeSTT: gtts.tts - DEBUG - text_parts: 1
2025-04-15 13:25:55.621 - RealTimeSTT: gtts.tts - DEBUG - data-0: f.req=%5B%5B%5B%22jQ1olc%22%2C%22%5B%5C%22Good%20morning%20Mueller.%20this%20is%20Florence.%20A%20reminder%20that%20it%20is%20time%20for%20drinking%20.%5C%22%2C%5C%22en%5C%22%2Cnull%2C%5C%22null%5C%22%5D%22%2Cnull%2C%22generic%22%5D%5D%5D&
2025-04-15 13:25:55.622 - RealTimeSTT: urllib3.connectionpool - DEBUG - Starting new HTTPS connection (1): translate.google.com:443
2025-04-15 13:25:55.835 - RealTimeSTT: urllib3.connectionpool - DEBUG - https://translate.google.com:443 "POST /_/TranslateWebserverUi/data/batchexecute HTTP/1.1" 200 None
2025-04-15 13:25:55.863 - RealTimeSTT: gtts.tts - DEBUG - headers-0: {'Referer': 'http://translate.google.com/', 'User-Agent': 'Mozilla/5.0 (Windows NT 10.0; WOW64) AppleWebKit/537.36 (KHTML, like Gecko) Chrome/47.0.2526.106 Safari/537.36', 'Content-Type': 'application/x-www-form-urlencoded;charset=utf-8', 'Content-Length': '239'}
2025-04-15 13:25:55.863 - RealTimeSTT: gtts.tts - DEBUG - url-0: https://translate.google.com/_/TranslateWebserverUi/data/batchexecute
2025-04-15 13:25:55.863 - RealTimeSTT: gtts.tts - DEBUG - status-0: 200
2025-04-15 13:25:55.865 - RealTimeSTT: gtts.tts - DEBUG - part-0 written to <_io.BufferedWriter name='/tmp/tmps0u5l2k4.mp4'>
2025-04-15 13:25:55.865 - RealTimeSTT: gtts.tts - DEBUG - part-0 created
2025-04-15 13:25:55.865 - RealTimeSTT: gtts.tts - DEBUG - Saved to /tmp/tmps0u5l2k4.mp4
2025-04-15 13:25:56.542 - RealTimeSTT: root - DEBUG - _audio_data_worker writing audio data into queue.
2025-04-15 13:25:57.566 - RealTimeSTT: root - DEBUG - _audio_data_worker writing audio data into queue.
2025-04-15 13:25:58.590 - RealTimeSTT: root - DEBUG - _audio_data_worker writing audio data into queue.
2025-04-15 13:25:59.615 - RealTimeSTT: root - DEBUG - _audio_data_worker writing audio data into queue.
2025-04-15 13:26:00.638 - RealTimeSTT: root - DEBUG - _audio_data_worker writing audio data into queue.
2025-04-15 13:26:01.662 - RealTimeSTT: root - DEBUG - _audio_data_worker writing audio data into queue.
2025-04-15 13:26:02.686 - RealTimeSTT: root - DEBUG - _audio_data_worker writing audio data into queue.
2025-04-15 13:26:03.710 - RealTimeSTT: root - DEBUG - _audio_data_worker writing audio data into queue.
2025-04-15 13:26:04.734 - RealTimeSTT: root - DEBUG - _audio_data_worker writing audio data into queue.
2025-04-15 13:26:05.758 - RealTimeSTT: root - DEBUG - _audio_data_worker writing audio data into queue.
2025-04-15 13:26:06.782 - RealTimeSTT: root - DEBUG - _audio_data_worker writing audio data into queue.
2025-04-15 13:26:07.806 - RealTimeSTT: root - DEBUG - _audio_data_worker writing audio data into queue.
2025-04-15 13:26:08.830 - RealTimeSTT: root - DEBUG - _audio_data_worker writing audio data into queue.
2025-04-15 13:26:09.854 - RealTimeSTT: root - DEBUG - _audio_data_worker writing audio data into queue.
2025-04-15 13:26:10.878 - RealTimeSTT: root - DEBUG - _audio_data_worker writing audio data into queue.
2025-04-15 13:26:11.902 - RealTimeSTT: root - DEBUG - _audio_data_worker writing audio data into queue.
2025-04-15 13:26:12.926 - RealTimeSTT: root - DEBUG - _audio_data_worker writing audio data into queue.
2025-04-15 13:26:13.950 - RealTimeSTT: root - DEBUG - _audio_data_worker writing audio data into queue.
2025-04-15 13:26:14.974 - RealTimeSTT: root - DEBUG - _audio_data_worker writing audio data into queue.
2025-04-15 13:26:15.998 - RealTimeSTT: root - DEBUG - _audio_data_worker writing audio data into queue.
2025-04-15 13:26:17.022 - RealTimeSTT: root - DEBUG - _audio_data_worker writing audio data into queue.
2025-04-15 13:26:18.046 - RealTimeSTT: root - DEBUG - _audio_data_worker writing audio data into queue.
2025-04-15 13:26:19.070 - RealTimeSTT: root - DEBUG - _audio_data_worker writing audio data into queue.
2025-04-15 13:26:20.094 - RealTimeSTT: root - DEBUG - _audio_data_worker writing audio data into queue.
2025-04-15 13:26:21.118 - RealTimeSTT: root - DEBUG - _audio_data_worker writing audio data into queue.
2025-04-15 13:26:22.142 - RealTimeSTT: root - DEBUG - _audio_data_worker writing audio data into queue.
2025-04-15 13:26:23.166 - RealTimeSTT: root - DEBUG - _audio_data_worker writing audio data into queue.
2025-04-15 13:26:24.190 - RealTimeSTT: root - DEBUG - _audio_data_worker writing audio data into queue.
2025-04-15 13:26:25.214 - RealTimeSTT: root - DEBUG - _audio_data_worker writing audio data into queue.
2025-04-15 13:26:26.238 - RealTimeSTT: root - DEBUG - _audio_data_worker writing audio data into queue.
2025-04-15 13:26:27.262 - RealTimeSTT: root - DEBUG - _audio_data_worker writing audio data into queue.
2025-04-15 13:26:28.286 - RealTimeSTT: root - DEBUG - _audio_data_worker writing audio data into queue.
2025-04-15 13:26:29.310 - RealTimeSTT: root - DEBUG - _audio_data_worker writing audio data into queue.
2025-04-15 13:26:30.334 - RealTimeSTT: root - DEBUG - _audio_data_worker writing audio data into queue.
2025-04-15 13:26:31.358 - RealTimeSTT: root - DEBUG - _audio_data_worker writing audio data into queue.
2025-04-15 13:26:32.382 - RealTimeSTT: root - DEBUG - _audio_data_worker writing audio data into queue.
2025-04-15 13:26:33.406 - RealTimeSTT: root - DEBUG - _audio_data_worker writing audio data into queue.
2025-04-15 13:26:34.430 - RealTimeSTT: root - DEBUG - _audio_data_worker writing audio data into queue.
2025-04-15 13:26:35.454 - RealTimeSTT: root - DEBUG - _audio_data_worker writing audio data into queue.
2025-04-15 13:26:36.478 - RealTimeSTT: root - DEBUG - _audio_data_worker writing audio data into queue.
2025-04-15 13:26:37.502 - RealTimeSTT: root - DEBUG - _audio_data_worker writing audio data into queue.
2025-04-15 13:26:38.526 - RealTimeSTT: root - DEBUG - _audio_data_worker writing audio data into queue.
2025-04-15 13:26:39.550 - RealTimeSTT: root - DEBUG - _audio_data_worker writing audio data into queue.
2025-04-15 13:26:40.574 - RealTimeSTT: root - DEBUG - _audio_data_worker writing audio data into queue.
2025-04-15 13:26:41.598 - RealTimeSTT: root - DEBUG - _audio_data_worker writing audio data into queue.
2025-04-15 13:26:42.622 - RealTimeSTT: root - DEBUG - _audio_data_worker writing audio data into queue.
2025-04-15 13:26:43.646 - RealTimeSTT: root - DEBUG - _audio_data_worker writing audio data into queue.
2025-04-15 13:26:44.670 - RealTimeSTT: root - DEBUG - _audio_data_worker writing audio data into queue.
2025-04-15 13:26:45.694 - RealTimeSTT: root - DEBUG - _audio_data_worker writing audio data into queue.
2025-04-15 13:26:46.718 - RealTimeSTT: root - DEBUG - _audio_data_worker writing audio data into queue.
2025-04-15 13:26:47.742 - RealTimeSTT: root - DEBUG - _audio_data_worker writing audio data into queue.
2025-04-15 13:26:48.766 - RealTimeSTT: root - DEBUG - _audio_data_worker writing audio data into queue.
2025-04-15 13:26:49.790 - RealTimeSTT: root - DEBUG - _audio_data_worker writing audio data into queue.
2025-04-15 13:26:50.814 - RealTimeSTT: root - DEBUG - _audio_data_worker writing audio data into queue.
2025-04-15 13:26:51.838 - RealTimeSTT: root - DEBUG - _audio_data_worker writing audio data into queue.
2025-04-15 13:26:52.862 - RealTimeSTT: root - DEBUG - _audio_data_worker writing audio data into queue.
2025-04-15 13:26:53.887 - RealTimeSTT: root - DEBUG - _audio_data_worker writing audio data into queue.
2025-04-15 13:26:54.910 - RealTimeSTT: root - DEBUG - _audio_data_worker writing audio data into queue.
2025-04-15 13:26:55.934 - RealTimeSTT: root - DEBUG - _audio_data_worker writing audio data into queue.
2025-04-15 13:26:56.958 - RealTimeSTT: root - DEBUG - _audio_data_worker writing audio data into queue.
2025-04-15 13:26:57.982 - RealTimeSTT: root - DEBUG - _audio_data_worker writing audio data into queue.
2025-04-15 13:26:59.006 - RealTimeSTT: root - DEBUG - _audio_data_worker writing audio data into queue.
2025-04-15 13:27:00.030 - RealTimeSTT: root - DEBUG - _audio_data_worker writing audio data into queue.
2025-04-15 13:27:01.054 - RealTimeSTT: root - DEBUG - _audio_data_worker writing audio data into queue.
2025-04-15 13:27:02.078 - RealTimeSTT: root - DEBUG - _audio_data_worker writing audio data into queue.
2025-04-15 13:27:03.102 - RealTimeSTT: root - DEBUG - _audio_data_worker writing audio data into queue.
2025-04-15 13:27:04.126 - RealTimeSTT: root - DEBUG - _audio_data_worker writing audio data into queue.
2025-04-15 13:27:05.150 - RealTimeSTT: root - DEBUG - _audio_data_worker writing audio data into queue.
2025-04-15 13:27:06.174 - RealTimeSTT: root - DEBUG - _audio_data_worker writing audio data into queue.
2025-04-15 13:27:07.198 - RealTimeSTT: root - DEBUG - _audio_data_worker writing audio data into queue.
2025-04-15 13:27:08.222 - RealTimeSTT: root - DEBUG - _audio_data_worker writing audio data into queue.
2025-04-15 13:27:09.246 - RealTimeSTT: root - DEBUG - _audio_data_worker writing audio data into queue.
2025-04-15 13:27:10.270 - RealTimeSTT: root - DEBUG - _audio_data_worker writing audio data into queue.
2025-04-15 13:27:11.294 - RealTimeSTT: root - DEBUG - _audio_data_worker writing audio data into queue.
2025-04-15 13:27:12.318 - RealTimeSTT: root - DEBUG - _audio_data_worker writing audio data into queue.
2025-04-15 13:27:13.342 - RealTimeSTT: root - DEBUG - _audio_data_worker writing audio data into queue.
2025-04-15 13:27:14.366 - RealTimeSTT: root - DEBUG - _audio_data_worker writing audio data into queue.
2025-04-15 13:27:15.390 - RealTimeSTT: root - DEBUG - _audio_data_worker writing audio data into queue.
2025-04-15 13:27:16.414 - RealTimeSTT: root - DEBUG - _audio_data_worker writing audio data into queue.
2025-04-15 13:27:17.438 - RealTimeSTT: root - DEBUG - _audio_data_worker writing audio data into queue.
2025-04-15 13:27:18.462 - RealTimeSTT: root - DEBUG - _audio_data_worker writing audio data into queue.
2025-04-15 13:27:19.486 - RealTimeSTT: root - DEBUG - _audio_data_worker writing audio data into queue.
2025-04-15 13:27:20.510 - RealTimeSTT: root - DEBUG - _audio_data_worker writing audio data into queue.
2025-04-15 13:27:21.534 - RealTimeSTT: root - DEBUG - _audio_data_worker writing audio data into queue.
2025-04-15 13:27:22.558 - RealTimeSTT: root - DEBUG - _audio_data_worker writing audio data into queue.
2025-04-15 13:27:23.582 - RealTimeSTT: root - DEBUG - _audio_data_worker writing audio data into queue.
2025-04-15 13:27:24.606 - RealTimeSTT: root - DEBUG - _audio_data_worker writing audio data into queue.
2025-04-15 13:27:25.630 - RealTimeSTT: root - DEBUG - _audio_data_worker writing audio data into queue.
2025-04-15 13:27:26.654 - RealTimeSTT: root - DEBUG - _audio_data_worker writing audio data into queue.
2025-04-15 13:27:27.678 - RealTimeSTT: root - DEBUG - _audio_data_worker writing audio data into queue.
2025-04-15 13:27:28.702 - RealTimeSTT: root - DEBUG - _audio_data_worker writing audio data into queue.
2025-04-15 13:27:29.727 - RealTimeSTT: root - DEBUG - _audio_data_worker writing audio data into queue.
2025-04-15 13:27:30.750 - RealTimeSTT: root - DEBUG - _audio_data_worker writing audio data into queue.
2025-04-15 13:27:31.774 - RealTimeSTT: root - DEBUG - _audio_data_worker writing audio data into queue.
2025-04-15 13:27:32.798 - RealTimeSTT: root - DEBUG - _audio_data_worker writing audio data into queue.
2025-04-15 13:27:33.822 - RealTimeSTT: root - DEBUG - _audio_data_worker writing audio data into queue.
2025-04-15 13:27:34.846 - RealTimeSTT: root - DEBUG - _audio_data_worker writing audio data into queue.
2025-04-15 13:27:35.870 - RealTimeSTT: root - DEBUG - _audio_data_worker writing audio data into queue.
2025-04-15 13:27:36.894 - RealTimeSTT: root - DEBUG - _audio_data_worker writing audio data into queue.
2025-04-15 13:27:37.918 - RealTimeSTT: root - DEBUG - _audio_data_worker writing audio data into queue.
2025-04-15 13:27:38.942 - RealTimeSTT: root - DEBUG - _audio_data_worker writing audio data into queue.
2025-04-15 13:27:39.966 - RealTimeSTT: root - DEBUG - _audio_data_worker writing audio data into queue.
2025-04-15 13:27:40.990 - RealTimeSTT: root - DEBUG - _audio_data_worker writing audio data into queue.
2025-04-15 13:27:42.014 - RealTimeSTT: root - DEBUG - _audio_data_worker writing audio data into queue.
2025-04-15 13:27:43.038 - RealTimeSTT: root - DEBUG - _audio_data_worker writing audio data into queue.
2025-04-15 13:27:44.062 - RealTimeSTT: root - DEBUG - _audio_data_worker writing audio data into queue.
2025-04-15 13:27:45.086 - RealTimeSTT: root - DEBUG - _audio_data_worker writing audio data into queue.
2025-04-15 13:27:46.110 - RealTimeSTT: root - DEBUG - _audio_data_worker writing audio data into queue.
2025-04-15 13:27:47.134 - RealTimeSTT: root - DEBUG - _audio_data_worker writing audio data into queue.
2025-04-15 13:27:48.158 - RealTimeSTT: root - DEBUG - _audio_data_worker writing audio data into queue.
2025-04-15 13:27:49.182 - RealTimeSTT: root - DEBUG - _audio_data_worker writing audio data into queue.
2025-04-15 13:27:50.206 - RealTimeSTT: root - DEBUG - _audio_data_worker writing audio data into queue.
2025-04-15 13:27:51.230 - RealTimeSTT: root - DEBUG - _audio_data_worker writing audio data into queue.
2025-04-15 13:27:52.254 - RealTimeSTT: root - DEBUG - _audio_data_worker writing audio data into queue.
2025-04-15 13:27:53.278 - RealTimeSTT: root - DEBUG - _audio_data_worker writing audio data into queue.
2025-04-15 13:27:54.301 - RealTimeSTT: root - DEBUG - _audio_data_worker writing audio data into queue.
2025-04-15 13:27:55.325 - RealTimeSTT: root - DEBUG - _audio_data_worker writing audio data into queue.
2025-04-15 13:27:56.349 - RealTimeSTT: root - DEBUG - _audio_data_worker writing audio data into queue.
2025-04-15 13:27:57.373 - RealTimeSTT: root - DEBUG - _audio_data_worker writing audio data into queue.
2025-04-15 13:27:58.397 - RealTimeSTT: root - DEBUG - _audio_data_worker writing audio data into queue.
2025-04-15 13:27:59.421 - RealTimeSTT: root - DEBUG - _audio_data_worker writing audio data into queue.
2025-04-15 13:28:00.445 - RealTimeSTT: root - DEBUG - _audio_data_worker writing audio data into queue.
2025-04-15 13:28:01.469 - RealTimeSTT: root - DEBUG - _audio_data_worker writing audio data into queue.
2025-04-15 13:28:02.493 - RealTimeSTT: root - DEBUG - _audio_data_worker writing audio data into queue.
2025-04-15 13:28:03.517 - RealTimeSTT: root - DEBUG - _audio_data_worker writing audio data into queue.
2025-04-15 13:28:04.541 - RealTimeSTT: root - DEBUG - _audio_data_worker writing audio data into queue.
2025-04-15 13:28:05.565 - RealTimeSTT: root - DEBUG - _audio_data_worker writing audio data into queue.
2025-04-15 13:28:06.589 - RealTimeSTT: root - DEBUG - _audio_data_worker writing audio data into queue.
2025-04-15 13:28:07.613 - RealTimeSTT: root - DEBUG - _audio_data_worker writing audio data into queue.
2025-04-15 13:28:08.637 - RealTimeSTT: root - DEBUG - _audio_data_worker writing audio data into queue.
2025-04-15 15:36:59.246 - RealTimeSTT: root - INFO - Starting RealTimeSTT
2025-04-15 15:36:59.248 - RealTimeSTT: root - INFO - Initializing faster_whisper main transcription model base.en
2025-04-15 15:36:59.249 - RealTimeSTT: root - INFO - Initializing audio recording (creating pyAudio input stream, sample rate: 16000 buffer size: 512
2025-04-15 15:36:59.251 - RealTimeSTT: root - INFO - Initializing WebRTC voice with Sensitivity 0
2025-04-15 15:36:59.251 - RealTimeSTT: root - DEBUG - WebRTC VAD voice activity detection engine initialized successfully
2025-04-15 15:36:59.257 - RealTimeSTT: urllib3.connectionpool - DEBUG - Starting new HTTPS connection (1): huggingface.co:443
2025-04-15 15:36:59.388 - RealTimeSTT: root - INFO - Microphone connected and validated (input_device_index: 5)
2025-04-15 15:36:59.388 - RealTimeSTT: root - DEBUG - Audio recording initialized successfully at 16000 Hz, reading 1024 frames at a time
2025-04-15 15:36:59.482 - RealTimeSTT: urllib3.connectionpool - DEBUG - https://huggingface.co:443 "GET /api/models/Systran/faster-whisper-base.en/revision/main HTTP/1.1" 200 932
2025-04-15 15:36:59.496 - RealTimeSTT: torio._extension.utils - DEBUG - Loading FFmpeg6
2025-04-15 15:36:59.499 - RealTimeSTT: torio._extension.utils - DEBUG - Failed to load FFmpeg6 extension.
Traceback (most recent call last):
  File "/home/hello-robot/.local/lib/python3.10/site-packages/torio/_extension/utils.py", line 116, in _find_ffmpeg_extension
    ext = _find_versionsed_ffmpeg_extension(ffmpeg_ver)
  File "/home/hello-robot/.local/lib/python3.10/site-packages/torio/_extension/utils.py", line 108, in _find_versionsed_ffmpeg_extension
    _load_lib(lib)
  File "/home/hello-robot/.local/lib/python3.10/site-packages/torio/_extension/utils.py", line 94, in _load_lib
    torch.ops.load_library(path)
  File "/home/hello-robot/.local/lib/python3.10/site-packages/torch/_ops.py", line 1032, in load_library
    ctypes.CDLL(path)
  File "/usr/lib/python3.10/ctypes/__init__.py", line 374, in __init__
    self._handle = _dlopen(self._name, mode)
OSError: libavutil.so.58: cannot open shared object file: No such file or directory
2025-04-15 15:36:59.501 - RealTimeSTT: torio._extension.utils - DEBUG - Loading FFmpeg5
2025-04-15 15:36:59.503 - RealTimeSTT: torio._extension.utils - DEBUG - Failed to load FFmpeg5 extension.
Traceback (most recent call last):
  File "/home/hello-robot/.local/lib/python3.10/site-packages/torio/_extension/utils.py", line 116, in _find_ffmpeg_extension
    ext = _find_versionsed_ffmpeg_extension(ffmpeg_ver)
  File "/home/hello-robot/.local/lib/python3.10/site-packages/torio/_extension/utils.py", line 108, in _find_versionsed_ffmpeg_extension
    _load_lib(lib)
  File "/home/hello-robot/.local/lib/python3.10/site-packages/torio/_extension/utils.py", line 94, in _load_lib
    torch.ops.load_library(path)
  File "/home/hello-robot/.local/lib/python3.10/site-packages/torch/_ops.py", line 1032, in load_library
    ctypes.CDLL(path)
  File "/usr/lib/python3.10/ctypes/__init__.py", line 374, in __init__
    self._handle = _dlopen(self._name, mode)
OSError: libavutil.so.57: cannot open shared object file: No such file or directory
2025-04-15 15:36:59.504 - RealTimeSTT: torio._extension.utils - DEBUG - Loading FFmpeg4
2025-04-15 15:36:59.729 - RealTimeSTT: torio._extension.utils - DEBUG - Successfully loaded FFmpeg4
2025-04-15 15:37:00.086 - RealTimeSTT: root - DEBUG - Silero VAD voice activity detection engine initialized successfully
2025-04-15 15:37:00.087 - RealTimeSTT: root - DEBUG - Starting realtime worker
2025-04-15 15:37:00.087 - RealTimeSTT: root - DEBUG - Waiting for main transcription model to start
2025-04-15 15:37:00.089 - RealTimeSTT: faster_whisper - INFO - Processing audio with duration 00:01.620
2025-04-15 15:37:00.131 - RealTimeSTT: faster_whisper - INFO - VAD filter removed 00:00.000 of audio
2025-04-15 15:37:00.504 - RealTimeSTT: root - DEBUG - _audio_data_worker writing audio data into queue.
2025-04-15 15:37:01.397 - RealTimeSTT: root - DEBUG - Faster_whisper main speech to text transcription model initialized successfully
2025-04-15 15:37:01.397 - RealTimeSTT: root - DEBUG - Main transcription model ready
2025-04-15 15:37:01.398 - RealTimeSTT: root - DEBUG - RealtimeSTT initialization completed successfully
2025-04-15 15:37:01.528 - RealTimeSTT: root - DEBUG - _audio_data_worker writing audio data into queue.
2025-04-15 15:37:02.552 - RealTimeSTT: root - DEBUG - _audio_data_worker writing audio data into queue.
2025-04-15 15:37:03.576 - RealTimeSTT: root - DEBUG - _audio_data_worker writing audio data into queue.
2025-04-15 15:37:04.600 - RealTimeSTT: root - DEBUG - _audio_data_worker writing audio data into queue.
2025-04-15 15:37:05.624 - RealTimeSTT: root - DEBUG - _audio_data_worker writing audio data into queue.
2025-04-15 15:37:06.648 - RealTimeSTT: root - DEBUG - _audio_data_worker writing audio data into queue.
2025-04-15 15:37:07.672 - RealTimeSTT: root - DEBUG - _audio_data_worker writing audio data into queue.
2025-04-15 15:37:08.696 - RealTimeSTT: root - DEBUG - _audio_data_worker writing audio data into queue.
2025-04-15 15:37:09.720 - RealTimeSTT: root - DEBUG - _audio_data_worker writing audio data into queue.
2025-04-15 15:37:10.744 - RealTimeSTT: root - DEBUG - _audio_data_worker writing audio data into queue.
2025-04-15 15:37:11.768 - RealTimeSTT: root - DEBUG - _audio_data_worker writing audio data into queue.
2025-04-15 15:37:12.792 - RealTimeSTT: root - DEBUG - _audio_data_worker writing audio data into queue.
2025-04-15 15:37:13.816 - RealTimeSTT: root - DEBUG - _audio_data_worker writing audio data into queue.
2025-04-15 15:37:14.840 - RealTimeSTT: root - DEBUG - _audio_data_worker writing audio data into queue.
2025-04-15 15:37:15.864 - RealTimeSTT: root - DEBUG - _audio_data_worker writing audio data into queue.
2025-04-15 15:37:16.888 - RealTimeSTT: root - DEBUG - _audio_data_worker writing audio data into queue.
2025-04-15 15:37:17.912 - RealTimeSTT: root - DEBUG - _audio_data_worker writing audio data into queue.
2025-04-15 15:37:18.936 - RealTimeSTT: root - DEBUG - _audio_data_worker writing audio data into queue.
2025-04-15 15:37:19.960 - RealTimeSTT: root - DEBUG - _audio_data_worker writing audio data into queue.
2025-04-15 15:37:20.984 - RealTimeSTT: root - DEBUG - _audio_data_worker writing audio data into queue.
2025-04-15 15:37:22.008 - RealTimeSTT: root - DEBUG - _audio_data_worker writing audio data into queue.
2025-04-15 15:37:23.032 - RealTimeSTT: root - DEBUG - _audio_data_worker writing audio data into queue.
2025-04-15 15:37:24.056 - RealTimeSTT: root - DEBUG - _audio_data_worker writing audio data into queue.
2025-04-15 15:37:25.080 - RealTimeSTT: root - DEBUG - _audio_data_worker writing audio data into queue.
2025-04-15 15:37:26.104 - RealTimeSTT: root - DEBUG - _audio_data_worker writing audio data into queue.
2025-04-15 15:37:27.128 - RealTimeSTT: root - DEBUG - _audio_data_worker writing audio data into queue.
2025-04-15 15:37:28.152 - RealTimeSTT: root - DEBUG - _audio_data_worker writing audio data into queue.
2025-04-15 15:37:29.176 - RealTimeSTT: root - DEBUG - _audio_data_worker writing audio data into queue.
2025-04-15 15:37:30.200 - RealTimeSTT: root - DEBUG - _audio_data_worker writing audio data into queue.
2025-04-15 15:37:31.224 - RealTimeSTT: root - DEBUG - _audio_data_worker writing audio data into queue.
2025-04-15 15:37:32.248 - RealTimeSTT: root - DEBUG - _audio_data_worker writing audio data into queue.
2025-04-15 15:37:33.272 - RealTimeSTT: root - DEBUG - _audio_data_worker writing audio data into queue.
2025-04-15 15:37:34.296 - RealTimeSTT: root - DEBUG - _audio_data_worker writing audio data into queue.
2025-04-15 15:37:35.320 - RealTimeSTT: root - DEBUG - _audio_data_worker writing audio data into queue.
2025-04-15 15:37:36.344 - RealTimeSTT: root - DEBUG - _audio_data_worker writing audio data into queue.
2025-04-15 15:37:37.368 - RealTimeSTT: root - DEBUG - _audio_data_worker writing audio data into queue.
2025-04-15 15:37:38.392 - RealTimeSTT: root - DEBUG - _audio_data_worker writing audio data into queue.
2025-04-15 15:37:39.416 - RealTimeSTT: root - DEBUG - _audio_data_worker writing audio data into queue.
2025-04-15 15:37:40.440 - RealTimeSTT: root - DEBUG - _audio_data_worker writing audio data into queue.
2025-04-15 15:37:41.464 - RealTimeSTT: root - DEBUG - _audio_data_worker writing audio data into queue.
2025-04-15 15:37:42.488 - RealTimeSTT: root - DEBUG - _audio_data_worker writing audio data into queue.
2025-04-15 15:37:43.512 - RealTimeSTT: root - DEBUG - _audio_data_worker writing audio data into queue.
2025-04-15 15:37:44.536 - RealTimeSTT: root - DEBUG - _audio_data_worker writing audio data into queue.
2025-04-15 15:37:45.560 - RealTimeSTT: root - DEBUG - _audio_data_worker writing audio data into queue.
2025-04-15 15:37:46.584 - RealTimeSTT: root - DEBUG - _audio_data_worker writing audio data into queue.
2025-04-15 15:37:47.608 - RealTimeSTT: root - DEBUG - _audio_data_worker writing audio data into queue.
2025-04-15 15:37:48.632 - RealTimeSTT: root - DEBUG - _audio_data_worker writing audio data into queue.
2025-04-15 15:37:49.656 - RealTimeSTT: root - DEBUG - _audio_data_worker writing audio data into queue.
2025-04-15 15:37:50.680 - RealTimeSTT: root - DEBUG - _audio_data_worker writing audio data into queue.
2025-04-15 15:37:51.704 - RealTimeSTT: root - DEBUG - _audio_data_worker writing audio data into queue.
2025-04-15 15:37:52.728 - RealTimeSTT: root - DEBUG - _audio_data_worker writing audio data into queue.
2025-04-15 15:37:53.752 - RealTimeSTT: root - DEBUG - _audio_data_worker writing audio data into queue.
2025-04-15 15:37:54.776 - RealTimeSTT: root - DEBUG - _audio_data_worker writing audio data into queue.
2025-04-15 15:37:55.800 - RealTimeSTT: root - DEBUG - _audio_data_worker writing audio data into queue.
2025-04-15 15:37:56.824 - RealTimeSTT: root - DEBUG - _audio_data_worker writing audio data into queue.
2025-04-15 15:37:57.849 - RealTimeSTT: root - DEBUG - _audio_data_worker writing audio data into queue.
2025-04-15 15:37:58.872 - RealTimeSTT: root - DEBUG - _audio_data_worker writing audio data into queue.
2025-04-15 15:37:59.896 - RealTimeSTT: root - DEBUG - _audio_data_worker writing audio data into queue.
2025-04-15 15:38:00.920 - RealTimeSTT: root - DEBUG - _audio_data_worker writing audio data into queue.
2025-04-15 15:38:01.944 - RealTimeSTT: root - DEBUG - _audio_data_worker writing audio data into queue.
2025-04-15 15:38:02.968 - RealTimeSTT: root - DEBUG - _audio_data_worker writing audio data into queue.
2025-04-15 15:38:03.992 - RealTimeSTT: root - DEBUG - _audio_data_worker writing audio data into queue.
2025-04-15 15:38:05.016 - RealTimeSTT: root - DEBUG - _audio_data_worker writing audio data into queue.
2025-04-15 15:38:06.041 - RealTimeSTT: root - DEBUG - _audio_data_worker writing audio data into queue.
2025-04-15 15:38:07.065 - RealTimeSTT: root - DEBUG - _audio_data_worker writing audio data into queue.
2025-04-15 15:38:08.088 - RealTimeSTT: root - DEBUG - _audio_data_worker writing audio data into queue.
2025-04-15 15:38:09.112 - RealTimeSTT: root - DEBUG - _audio_data_worker writing audio data into queue.
2025-04-15 15:38:10.136 - RealTimeSTT: root - DEBUG - _audio_data_worker writing audio data into queue.
2025-04-15 15:38:11.160 - RealTimeSTT: root - DEBUG - _audio_data_worker writing audio data into queue.
2025-04-15 15:38:12.184 - RealTimeSTT: root - DEBUG - _audio_data_worker writing audio data into queue.
2025-04-15 15:38:13.208 - RealTimeSTT: root - DEBUG - _audio_data_worker writing audio data into queue.
2025-04-15 15:38:14.233 - RealTimeSTT: root - DEBUG - _audio_data_worker writing audio data into queue.
2025-04-15 15:38:15.256 - RealTimeSTT: root - DEBUG - _audio_data_worker writing audio data into queue.
2025-04-15 15:38:16.280 - RealTimeSTT: root - DEBUG - _audio_data_worker writing audio data into queue.
2025-04-15 15:38:17.304 - RealTimeSTT: root - DEBUG - _audio_data_worker writing audio data into queue.
2025-04-15 15:38:18.328 - RealTimeSTT: root - DEBUG - _audio_data_worker writing audio data into queue.
2025-04-15 15:38:19.352 - RealTimeSTT: root - DEBUG - _audio_data_worker writing audio data into queue.
2025-04-15 15:38:20.376 - RealTimeSTT: root - DEBUG - _audio_data_worker writing audio data into queue.
2025-04-15 15:38:21.400 - RealTimeSTT: root - DEBUG - _audio_data_worker writing audio data into queue.
2025-04-15 15:38:22.424 - RealTimeSTT: root - DEBUG - _audio_data_worker writing audio data into queue.
2025-04-15 15:38:23.449 - RealTimeSTT: root - DEBUG - _audio_data_worker writing audio data into queue.
2025-04-15 15:38:24.472 - RealTimeSTT: root - DEBUG - _audio_data_worker writing audio data into queue.
2025-04-15 15:38:25.496 - RealTimeSTT: root - DEBUG - _audio_data_worker writing audio data into queue.
2025-04-15 15:38:26.520 - RealTimeSTT: root - DEBUG - _audio_data_worker writing audio data into queue.
2025-04-15 15:38:27.545 - RealTimeSTT: root - DEBUG - _audio_data_worker writing audio data into queue.
2025-04-15 15:38:28.568 - RealTimeSTT: root - DEBUG - _audio_data_worker writing audio data into queue.
2025-04-15 15:38:29.592 - RealTimeSTT: root - DEBUG - _audio_data_worker writing audio data into queue.
2025-04-15 15:38:30.616 - RealTimeSTT: root - DEBUG - _audio_data_worker writing audio data into queue.
2025-04-15 15:38:31.641 - RealTimeSTT: root - DEBUG - _audio_data_worker writing audio data into queue.
2025-04-15 15:38:32.665 - RealTimeSTT: root - DEBUG - _audio_data_worker writing audio data into queue.
2025-04-15 15:38:33.688 - RealTimeSTT: root - DEBUG - _audio_data_worker writing audio data into queue.
2025-04-15 15:38:34.713 - RealTimeSTT: root - DEBUG - _audio_data_worker writing audio data into queue.
2025-04-15 15:38:35.736 - RealTimeSTT: root - DEBUG - _audio_data_worker writing audio data into queue.
2025-04-15 15:38:36.760 - RealTimeSTT: root - DEBUG - _audio_data_worker writing audio data into queue.
2025-04-15 15:38:37.784 - RealTimeSTT: root - DEBUG - _audio_data_worker writing audio data into queue.
2025-04-15 15:38:38.808 - RealTimeSTT: root - DEBUG - _audio_data_worker writing audio data into queue.
2025-04-15 15:38:39.832 - RealTimeSTT: root - DEBUG - _audio_data_worker writing audio data into queue.
2025-04-15 15:38:40.856 - RealTimeSTT: root - DEBUG - _audio_data_worker writing audio data into queue.
2025-04-15 15:38:41.880 - RealTimeSTT: root - DEBUG - _audio_data_worker writing audio data into queue.
2025-04-15 15:38:42.904 - RealTimeSTT: root - DEBUG - _audio_data_worker writing audio data into queue.
2025-04-15 15:38:43.929 - RealTimeSTT: root - DEBUG - _audio_data_worker writing audio data into queue.
2025-04-15 15:38:44.952 - RealTimeSTT: root - DEBUG - _audio_data_worker writing audio data into queue.
2025-04-15 15:38:45.976 - RealTimeSTT: root - DEBUG - _audio_data_worker writing audio data into queue.
2025-04-15 15:38:47.000 - RealTimeSTT: root - DEBUG - _audio_data_worker writing audio data into queue.
2025-04-15 15:38:48.024 - RealTimeSTT: root - DEBUG - _audio_data_worker writing audio data into queue.
2025-04-15 15:38:49.048 - RealTimeSTT: root - DEBUG - _audio_data_worker writing audio data into queue.
2025-04-15 15:38:50.072 - RealTimeSTT: root - DEBUG - _audio_data_worker writing audio data into queue.
2025-04-15 15:38:51.096 - RealTimeSTT: root - DEBUG - _audio_data_worker writing audio data into queue.
2025-04-15 15:38:52.120 - RealTimeSTT: root - DEBUG - _audio_data_worker writing audio data into queue.
2025-04-15 15:38:53.144 - RealTimeSTT: root - DEBUG - _audio_data_worker writing audio data into queue.
2025-04-15 15:38:54.168 - RealTimeSTT: root - DEBUG - _audio_data_worker writing audio data into queue.
2025-04-15 15:38:55.193 - RealTimeSTT: root - DEBUG - _audio_data_worker writing audio data into queue.
2025-04-15 15:38:56.216 - RealTimeSTT: root - DEBUG - _audio_data_worker writing audio data into queue.
2025-04-15 15:38:57.241 - RealTimeSTT: root - DEBUG - _audio_data_worker writing audio data into queue.
2025-04-15 15:38:58.264 - RealTimeSTT: root - DEBUG - _audio_data_worker writing audio data into queue.
2025-04-15 15:38:59.288 - RealTimeSTT: root - DEBUG - _audio_data_worker writing audio data into queue.
2025-04-15 15:39:00.313 - RealTimeSTT: root - DEBUG - _audio_data_worker writing audio data into queue.
2025-04-15 15:39:01.337 - RealTimeSTT: root - DEBUG - _audio_data_worker writing audio data into queue.
2025-04-15 15:39:02.360 - RealTimeSTT: root - DEBUG - _audio_data_worker writing audio data into queue.
2025-04-15 15:39:03.384 - RealTimeSTT: root - DEBUG - _audio_data_worker writing audio data into queue.
2025-04-15 15:39:04.408 - RealTimeSTT: root - DEBUG - _audio_data_worker writing audio data into queue.
2025-04-15 15:39:05.432 - RealTimeSTT: root - DEBUG - _audio_data_worker writing audio data into queue.
2025-04-15 15:39:06.456 - RealTimeSTT: root - DEBUG - _audio_data_worker writing audio data into queue.
2025-04-15 15:39:07.480 - RealTimeSTT: root - DEBUG - _audio_data_worker writing audio data into queue.
2025-04-15 15:39:08.504 - RealTimeSTT: root - DEBUG - _audio_data_worker writing audio data into queue.
2025-04-15 15:39:09.528 - RealTimeSTT: root - DEBUG - _audio_data_worker writing audio data into queue.
2025-04-15 15:39:10.552 - RealTimeSTT: root - DEBUG - _audio_data_worker writing audio data into queue.
2025-04-15 15:39:11.576 - RealTimeSTT: root - DEBUG - _audio_data_worker writing audio data into queue.
2025-04-15 15:39:12.601 - RealTimeSTT: root - DEBUG - _audio_data_worker writing audio data into queue.
2025-04-15 15:39:13.624 - RealTimeSTT: root - DEBUG - _audio_data_worker writing audio data into queue.
2025-04-15 15:39:14.648 - RealTimeSTT: root - DEBUG - _audio_data_worker writing audio data into queue.
2025-04-15 15:39:15.672 - RealTimeSTT: root - DEBUG - _audio_data_worker writing audio data into queue.
2025-04-15 15:39:16.697 - RealTimeSTT: root - DEBUG - _audio_data_worker writing audio data into queue.
2025-04-15 15:39:17.721 - RealTimeSTT: root - DEBUG - _audio_data_worker writing audio data into queue.
2025-04-15 15:39:18.744 - RealTimeSTT: root - DEBUG - _audio_data_worker writing audio data into queue.
2025-04-15 15:39:19.768 - RealTimeSTT: root - DEBUG - _audio_data_worker writing audio data into queue.
2025-04-15 15:39:20.792 - RealTimeSTT: root - DEBUG - _audio_data_worker writing audio data into queue.
2025-04-15 15:39:21.816 - RealTimeSTT: root - DEBUG - _audio_data_worker writing audio data into queue.
2025-04-15 15:39:22.840 - RealTimeSTT: root - DEBUG - _audio_data_worker writing audio data into queue.
2025-04-15 15:39:23.864 - RealTimeSTT: root - DEBUG - _audio_data_worker writing audio data into queue.
2025-04-15 15:39:24.888 - RealTimeSTT: root - DEBUG - _audio_data_worker writing audio data into queue.
2025-04-15 15:39:25.913 - RealTimeSTT: root - DEBUG - _audio_data_worker writing audio data into queue.
2025-04-15 15:39:26.936 - RealTimeSTT: root - DEBUG - _audio_data_worker writing audio data into queue.
2025-04-15 15:39:27.960 - RealTimeSTT: root - DEBUG - _audio_data_worker writing audio data into queue.
2025-04-15 15:39:28.985 - RealTimeSTT: root - DEBUG - _audio_data_worker writing audio data into queue.
2025-04-15 15:39:30.008 - RealTimeSTT: root - DEBUG - _audio_data_worker writing audio data into queue.
2025-04-15 15:39:31.032 - RealTimeSTT: root - DEBUG - _audio_data_worker writing audio data into queue.
2025-04-15 15:39:32.056 - RealTimeSTT: root - DEBUG - _audio_data_worker writing audio data into queue.
2025-04-15 15:39:33.080 - RealTimeSTT: root - DEBUG - _audio_data_worker writing audio data into queue.
2025-04-15 15:39:34.104 - RealTimeSTT: root - DEBUG - _audio_data_worker writing audio data into queue.
2025-04-15 15:39:35.128 - RealTimeSTT: root - DEBUG - _audio_data_worker writing audio data into queue.
2025-04-15 15:39:36.152 - RealTimeSTT: root - DEBUG - _audio_data_worker writing audio data into queue.
2025-04-15 15:39:37.176 - RealTimeSTT: root - DEBUG - _audio_data_worker writing audio data into queue.
2025-04-15 15:39:38.200 - RealTimeSTT: root - DEBUG - _audio_data_worker writing audio data into queue.
2025-04-15 15:39:39.225 - RealTimeSTT: root - DEBUG - _audio_data_worker writing audio data into queue.
2025-04-15 15:39:40.248 - RealTimeSTT: root - DEBUG - _audio_data_worker writing audio data into queue.
2025-04-15 15:39:41.272 - RealTimeSTT: root - DEBUG - _audio_data_worker writing audio data into queue.
2025-04-15 15:39:42.296 - RealTimeSTT: root - DEBUG - _audio_data_worker writing audio data into queue.
2025-04-15 15:39:43.320 - RealTimeSTT: root - DEBUG - _audio_data_worker writing audio data into queue.
2025-04-15 15:39:44.407 - RealTimeSTT: root - DEBUG - _audio_data_worker writing audio data into queue.
2025-04-15 15:39:45.431 - RealTimeSTT: root - DEBUG - _audio_data_worker writing audio data into queue.
2025-04-15 15:39:46.455 - RealTimeSTT: root - DEBUG - _audio_data_worker writing audio data into queue.
2025-04-15 15:39:47.479 - RealTimeSTT: root - DEBUG - _audio_data_worker writing audio data into queue.
2025-04-15 15:39:48.503 - RealTimeSTT: root - DEBUG - _audio_data_worker writing audio data into queue.
2025-04-15 15:39:49.527 - RealTimeSTT: root - DEBUG - _audio_data_worker writing audio data into queue.
2025-04-15 15:39:50.551 - RealTimeSTT: root - DEBUG - _audio_data_worker writing audio data into queue.
2025-04-15 15:39:51.575 - RealTimeSTT: root - DEBUG - _audio_data_worker writing audio data into queue.
2025-04-15 15:39:52.599 - RealTimeSTT: root - DEBUG - _audio_data_worker writing audio data into queue.
2025-04-15 15:39:53.623 - RealTimeSTT: root - DEBUG - _audio_data_worker writing audio data into queue.
2025-04-15 15:39:54.647 - RealTimeSTT: root - DEBUG - _audio_data_worker writing audio data into queue.
2025-04-15 15:39:55.671 - RealTimeSTT: root - DEBUG - _audio_data_worker writing audio data into queue.
2025-04-15 15:39:56.695 - RealTimeSTT: root - DEBUG - _audio_data_worker writing audio data into queue.
2025-04-15 15:39:57.719 - RealTimeSTT: root - DEBUG - _audio_data_worker writing audio data into queue.
2025-04-15 15:39:58.743 - RealTimeSTT: root - DEBUG - _audio_data_worker writing audio data into queue.
2025-04-15 15:39:59.767 - RealTimeSTT: root - DEBUG - _audio_data_worker writing audio data into queue.
2025-04-15 15:40:00.791 - RealTimeSTT: root - DEBUG - _audio_data_worker writing audio data into queue.
2025-04-15 15:40:01.815 - RealTimeSTT: root - DEBUG - _audio_data_worker writing audio data into queue.
2025-04-15 15:40:02.839 - RealTimeSTT: root - DEBUG - _audio_data_worker writing audio data into queue.
2025-04-15 15:40:03.863 - RealTimeSTT: root - DEBUG - _audio_data_worker writing audio data into queue.
2025-04-15 15:40:04.887 - RealTimeSTT: root - DEBUG - _audio_data_worker writing audio data into queue.
2025-04-15 15:40:05.911 - RealTimeSTT: root - DEBUG - _audio_data_worker writing audio data into queue.
2025-04-15 15:40:06.935 - RealTimeSTT: root - DEBUG - _audio_data_worker writing audio data into queue.
2025-04-15 15:40:07.959 - RealTimeSTT: root - DEBUG - _audio_data_worker writing audio data into queue.
2025-04-15 15:40:08.983 - RealTimeSTT: root - DEBUG - _audio_data_worker writing audio data into queue.
2025-04-15 15:40:10.007 - RealTimeSTT: root - DEBUG - _audio_data_worker writing audio data into queue.
2025-04-15 15:40:11.031 - RealTimeSTT: root - DEBUG - _audio_data_worker writing audio data into queue.
2025-04-15 15:40:12.055 - RealTimeSTT: root - DEBUG - _audio_data_worker writing audio data into queue.
2025-04-15 15:40:13.079 - RealTimeSTT: root - DEBUG - _audio_data_worker writing audio data into queue.
2025-04-15 15:40:14.103 - RealTimeSTT: root - DEBUG - _audio_data_worker writing audio data into queue.
2025-04-15 15:40:15.127 - RealTimeSTT: root - DEBUG - _audio_data_worker writing audio data into queue.
2025-04-15 15:40:16.151 - RealTimeSTT: root - DEBUG - _audio_data_worker writing audio data into queue.
2025-04-15 15:40:17.175 - RealTimeSTT: root - DEBUG - _audio_data_worker writing audio data into queue.
2025-04-15 15:40:18.199 - RealTimeSTT: root - DEBUG - _audio_data_worker writing audio data into queue.
2025-04-15 15:40:19.223 - RealTimeSTT: root - DEBUG - _audio_data_worker writing audio data into queue.
2025-04-15 15:40:20.247 - RealTimeSTT: root - DEBUG - _audio_data_worker writing audio data into queue.
2025-04-15 15:40:21.271 - RealTimeSTT: root - DEBUG - _audio_data_worker writing audio data into queue.
2025-04-15 15:40:22.295 - RealTimeSTT: root - DEBUG - _audio_data_worker writing audio data into queue.
2025-04-15 15:40:23.319 - RealTimeSTT: root - DEBUG - _audio_data_worker writing audio data into queue.
2025-04-15 15:40:24.343 - RealTimeSTT: root - DEBUG - _audio_data_worker writing audio data into queue.
2025-04-15 15:40:25.367 - RealTimeSTT: root - DEBUG - _audio_data_worker writing audio data into queue.
2025-04-15 15:40:26.391 - RealTimeSTT: root - DEBUG - _audio_data_worker writing audio data into queue.
2025-04-15 15:40:27.415 - RealTimeSTT: root - DEBUG - _audio_data_worker writing audio data into queue.
2025-04-15 15:40:28.439 - RealTimeSTT: root - DEBUG - _audio_data_worker writing audio data into queue.
2025-04-15 15:40:29.463 - RealTimeSTT: root - DEBUG - _audio_data_worker writing audio data into queue.
2025-04-15 15:40:30.487 - RealTimeSTT: root - DEBUG - _audio_data_worker writing audio data into queue.
2025-04-15 15:40:31.512 - RealTimeSTT: root - DEBUG - _audio_data_worker writing audio data into queue.
2025-04-15 15:40:32.536 - RealTimeSTT: root - DEBUG - _audio_data_worker writing audio data into queue.
2025-04-15 15:40:33.560 - RealTimeSTT: root - DEBUG - _audio_data_worker writing audio data into queue.
2025-04-15 15:40:34.584 - RealTimeSTT: root - DEBUG - _audio_data_worker writing audio data into queue.
2025-04-15 15:40:35.608 - RealTimeSTT: root - DEBUG - _audio_data_worker writing audio data into queue.
2025-04-15 15:40:36.632 - RealTimeSTT: root - DEBUG - _audio_data_worker writing audio data into queue.
2025-04-15 15:40:37.655 - RealTimeSTT: root - DEBUG - _audio_data_worker writing audio data into queue.
2025-04-15 15:40:38.680 - RealTimeSTT: root - DEBUG - _audio_data_worker writing audio data into queue.
2025-04-15 15:40:39.704 - RealTimeSTT: root - DEBUG - _audio_data_worker writing audio data into queue.
2025-04-15 15:40:40.728 - RealTimeSTT: root - DEBUG - _audio_data_worker writing audio data into queue.
2025-04-15 15:40:41.752 - RealTimeSTT: root - DEBUG - _audio_data_worker writing audio data into queue.
2025-04-15 15:40:42.776 - RealTimeSTT: root - DEBUG - _audio_data_worker writing audio data into queue.
2025-04-15 15:40:43.799 - RealTimeSTT: root - DEBUG - _audio_data_worker writing audio data into queue.
2025-04-15 15:40:44.824 - RealTimeSTT: root - DEBUG - _audio_data_worker writing audio data into queue.
2025-04-15 15:40:45.848 - RealTimeSTT: root - DEBUG - _audio_data_worker writing audio data into queue.
2025-04-15 15:40:46.871 - RealTimeSTT: root - DEBUG - _audio_data_worker writing audio data into queue.
2025-04-15 15:40:47.896 - RealTimeSTT: root - DEBUG - _audio_data_worker writing audio data into queue.
2025-04-15 15:40:48.919 - RealTimeSTT: root - DEBUG - _audio_data_worker writing audio data into queue.
2025-04-15 15:40:49.943 - RealTimeSTT: root - DEBUG - _audio_data_worker writing audio data into queue.
2025-04-15 15:40:50.967 - RealTimeSTT: root - DEBUG - _audio_data_worker writing audio data into queue.
2025-04-15 15:40:51.991 - RealTimeSTT: root - DEBUG - _audio_data_worker writing audio data into queue.
2025-04-15 15:40:53.016 - RealTimeSTT: root - DEBUG - _audio_data_worker writing audio data into queue.
2025-04-15 15:40:54.039 - RealTimeSTT: root - DEBUG - _audio_data_worker writing audio data into queue.
2025-04-15 15:40:55.063 - RealTimeSTT: root - DEBUG - _audio_data_worker writing audio data into queue.
2025-04-15 15:40:56.087 - RealTimeSTT: root - DEBUG - _audio_data_worker writing audio data into queue.
2025-04-15 15:40:57.112 - RealTimeSTT: root - DEBUG - _audio_data_worker writing audio data into queue.
2025-04-15 15:40:58.135 - RealTimeSTT: root - DEBUG - _audio_data_worker writing audio data into queue.
2025-04-15 15:40:59.160 - RealTimeSTT: root - DEBUG - _audio_data_worker writing audio data into queue.
2025-04-15 15:41:00.184 - RealTimeSTT: root - DEBUG - _audio_data_worker writing audio data into queue.
2025-04-15 15:41:01.207 - RealTimeSTT: root - DEBUG - _audio_data_worker writing audio data into queue.
2025-04-15 15:41:02.231 - RealTimeSTT: root - DEBUG - _audio_data_worker writing audio data into queue.
2025-04-15 15:41:03.255 - RealTimeSTT: root - DEBUG - _audio_data_worker writing audio data into queue.
2025-04-15 15:41:04.279 - RealTimeSTT: root - DEBUG - _audio_data_worker writing audio data into queue.
2025-04-15 15:41:05.303 - RealTimeSTT: root - DEBUG - _audio_data_worker writing audio data into queue.
2025-04-15 15:41:06.327 - RealTimeSTT: root - DEBUG - _audio_data_worker writing audio data into queue.
2025-04-15 15:41:07.351 - RealTimeSTT: root - DEBUG - _audio_data_worker writing audio data into queue.
2025-04-15 15:41:08.375 - RealTimeSTT: root - DEBUG - _audio_data_worker writing audio data into queue.
2025-04-15 15:41:09.399 - RealTimeSTT: root - DEBUG - _audio_data_worker writing audio data into queue.
2025-04-15 15:41:10.423 - RealTimeSTT: root - DEBUG - _audio_data_worker writing audio data into queue.
2025-04-15 15:41:11.447 - RealTimeSTT: root - DEBUG - _audio_data_worker writing audio data into queue.
2025-04-15 15:41:12.471 - RealTimeSTT: root - DEBUG - _audio_data_worker writing audio data into queue.
2025-04-15 15:41:13.495 - RealTimeSTT: root - DEBUG - _audio_data_worker writing audio data into queue.
2025-04-15 15:41:14.519 - RealTimeSTT: root - DEBUG - _audio_data_worker writing audio data into queue.
2025-04-15 15:41:15.543 - RealTimeSTT: root - DEBUG - _audio_data_worker writing audio data into queue.
2025-04-15 15:41:16.567 - RealTimeSTT: root - DEBUG - _audio_data_worker writing audio data into queue.
2025-04-15 15:41:17.591 - RealTimeSTT: root - DEBUG - _audio_data_worker writing audio data into queue.
2025-04-15 15:41:18.615 - RealTimeSTT: root - DEBUG - _audio_data_worker writing audio data into queue.
2025-04-15 15:41:19.639 - RealTimeSTT: root - DEBUG - _audio_data_worker writing audio data into queue.
2025-04-15 15:41:20.663 - RealTimeSTT: root - DEBUG - _audio_data_worker writing audio data into queue.
2025-04-15 15:41:21.687 - RealTimeSTT: root - DEBUG - _audio_data_worker writing audio data into queue.
2025-04-15 15:41:22.711 - RealTimeSTT: root - DEBUG - _audio_data_worker writing audio data into queue.
2025-04-15 15:41:23.735 - RealTimeSTT: root - DEBUG - _audio_data_worker writing audio data into queue.
2025-04-15 15:41:24.759 - RealTimeSTT: root - DEBUG - _audio_data_worker writing audio data into queue.
2025-04-15 15:41:25.783 - RealTimeSTT: root - DEBUG - _audio_data_worker writing audio data into queue.
2025-04-15 15:41:26.807 - RealTimeSTT: root - DEBUG - _audio_data_worker writing audio data into queue.
2025-04-15 15:41:27.832 - RealTimeSTT: root - DEBUG - _audio_data_worker writing audio data into queue.
2025-04-15 15:41:28.855 - RealTimeSTT: root - DEBUG - _audio_data_worker writing audio data into queue.
2025-04-15 15:41:29.879 - RealTimeSTT: root - DEBUG - _audio_data_worker writing audio data into queue.
2025-04-15 15:41:30.903 - RealTimeSTT: root - DEBUG - _audio_data_worker writing audio data into queue.
2025-04-15 15:41:31.927 - RealTimeSTT: root - DEBUG - _audio_data_worker writing audio data into queue.
2025-04-15 15:41:32.951 - RealTimeSTT: root - DEBUG - _audio_data_worker writing audio data into queue.
2025-04-15 15:41:33.975 - RealTimeSTT: root - DEBUG - _audio_data_worker writing audio data into queue.
2025-04-15 15:41:34.999 - RealTimeSTT: root - DEBUG - _audio_data_worker writing audio data into queue.
2025-04-15 15:41:36.023 - RealTimeSTT: root - DEBUG - _audio_data_worker writing audio data into queue.
2025-04-15 15:41:37.047 - RealTimeSTT: root - DEBUG - _audio_data_worker writing audio data into queue.
2025-04-15 15:41:38.071 - RealTimeSTT: root - DEBUG - _audio_data_worker writing audio data into queue.
2025-04-15 15:41:39.095 - RealTimeSTT: root - DEBUG - _audio_data_worker writing audio data into queue.
2025-04-15 15:41:40.119 - RealTimeSTT: root - DEBUG - _audio_data_worker writing audio data into queue.
2025-04-15 15:41:41.143 - RealTimeSTT: root - DEBUG - _audio_data_worker writing audio data into queue.
2025-04-15 15:41:42.167 - RealTimeSTT: root - DEBUG - _audio_data_worker writing audio data into queue.
2025-04-15 15:41:43.192 - RealTimeSTT: root - DEBUG - _audio_data_worker writing audio data into queue.
2025-04-15 15:41:44.215 - RealTimeSTT: root - DEBUG - _audio_data_worker writing audio data into queue.
2025-04-15 15:41:45.239 - RealTimeSTT: root - DEBUG - _audio_data_worker writing audio data into queue.
2025-04-15 15:41:46.263 - RealTimeSTT: root - DEBUG - _audio_data_worker writing audio data into queue.
2025-04-15 15:41:47.287 - RealTimeSTT: root - DEBUG - _audio_data_worker writing audio data into queue.
2025-04-15 15:41:48.311 - RealTimeSTT: root - DEBUG - _audio_data_worker writing audio data into queue.
2025-04-15 15:41:49.335 - RealTimeSTT: root - DEBUG - _audio_data_worker writing audio data into queue.
2025-04-15 15:41:50.359 - RealTimeSTT: root - DEBUG - _audio_data_worker writing audio data into queue.
2025-04-15 15:41:51.383 - RealTimeSTT: root - DEBUG - _audio_data_worker writing audio data into queue.
2025-04-15 15:41:52.407 - RealTimeSTT: root - DEBUG - _audio_data_worker writing audio data into queue.
2025-04-15 15:41:53.431 - RealTimeSTT: root - DEBUG - _audio_data_worker writing audio data into queue.
2025-04-15 15:41:54.455 - RealTimeSTT: root - DEBUG - _audio_data_worker writing audio data into queue.
2025-04-15 15:41:55.480 - RealTimeSTT: root - DEBUG - _audio_data_worker writing audio data into queue.
2025-04-15 15:41:56.503 - RealTimeSTT: root - DEBUG - _audio_data_worker writing audio data into queue.
2025-04-15 15:41:57.527 - RealTimeSTT: root - DEBUG - _audio_data_worker writing audio data into queue.
2025-04-15 15:41:58.552 - RealTimeSTT: root - DEBUG - _audio_data_worker writing audio data into queue.
2025-04-15 15:41:59.575 - RealTimeSTT: root - DEBUG - _audio_data_worker writing audio data into queue.
2025-04-15 15:42:00.599 - RealTimeSTT: root - DEBUG - _audio_data_worker writing audio data into queue.
2025-04-15 15:42:01.623 - RealTimeSTT: root - DEBUG - _audio_data_worker writing audio data into queue.
2025-04-15 15:42:02.647 - RealTimeSTT: root - DEBUG - _audio_data_worker writing audio data into queue.
2025-04-15 15:42:03.671 - RealTimeSTT: root - DEBUG - _audio_data_worker writing audio data into queue.
2025-04-15 15:42:04.695 - RealTimeSTT: root - DEBUG - _audio_data_worker writing audio data into queue.
2025-04-15 15:42:05.720 - RealTimeSTT: root - DEBUG - _audio_data_worker writing audio data into queue.
2025-04-15 15:42:06.743 - RealTimeSTT: root - DEBUG - _audio_data_worker writing audio data into queue.
2025-04-15 15:42:07.767 - RealTimeSTT: root - DEBUG - _audio_data_worker writing audio data into queue.
2025-04-15 15:42:08.792 - RealTimeSTT: root - DEBUG - _audio_data_worker writing audio data into queue.
2025-04-15 15:42:09.815 - RealTimeSTT: root - DEBUG - _audio_data_worker writing audio data into queue.
2025-04-15 15:42:10.839 - RealTimeSTT: root - DEBUG - _audio_data_worker writing audio data into queue.
2025-04-15 15:42:11.863 - RealTimeSTT: root - DEBUG - _audio_data_worker writing audio data into queue.
2025-04-15 15:42:12.888 - RealTimeSTT: root - DEBUG - _audio_data_worker writing audio data into queue.
2025-04-15 15:42:13.911 - RealTimeSTT: root - DEBUG - _audio_data_worker writing audio data into queue.
2025-04-15 15:42:14.935 - RealTimeSTT: root - DEBUG - _audio_data_worker writing audio data into queue.
2025-04-15 15:42:15.960 - RealTimeSTT: root - DEBUG - _audio_data_worker writing audio data into queue.
2025-04-15 15:42:16.983 - RealTimeSTT: root - DEBUG - _audio_data_worker writing audio data into queue.
2025-04-15 15:42:18.007 - RealTimeSTT: root - DEBUG - _audio_data_worker writing audio data into queue.
2025-04-15 15:42:19.031 - RealTimeSTT: root - DEBUG - _audio_data_worker writing audio data into queue.
2025-04-15 15:42:20.055 - RealTimeSTT: root - DEBUG - _audio_data_worker writing audio data into queue.
2025-04-15 15:42:21.079 - RealTimeSTT: root - DEBUG - _audio_data_worker writing audio data into queue.
2025-04-15 15:42:22.103 - RealTimeSTT: root - DEBUG - _audio_data_worker writing audio data into queue.
2025-04-15 15:42:23.127 - RealTimeSTT: root - DEBUG - _audio_data_worker writing audio data into queue.
2025-04-15 15:42:24.151 - RealTimeSTT: root - DEBUG - _audio_data_worker writing audio data into queue.
2025-04-15 15:42:25.175 - RealTimeSTT: root - DEBUG - _audio_data_worker writing audio data into queue.
2025-04-15 15:42:26.199 - RealTimeSTT: root - DEBUG - _audio_data_worker writing audio data into queue.
2025-04-15 15:42:27.222 - RealTimeSTT: root - DEBUG - _audio_data_worker writing audio data into queue.
2025-04-15 15:42:28.246 - RealTimeSTT: root - DEBUG - _audio_data_worker writing audio data into queue.
2025-04-15 15:42:29.270 - RealTimeSTT: root - DEBUG - _audio_data_worker writing audio data into queue.
2025-04-15 15:42:30.294 - RealTimeSTT: root - DEBUG - _audio_data_worker writing audio data into queue.
2025-04-15 15:42:31.318 - RealTimeSTT: root - DEBUG - _audio_data_worker writing audio data into queue.
2025-04-15 15:42:32.342 - RealTimeSTT: root - DEBUG - _audio_data_worker writing audio data into queue.
2025-04-15 15:42:33.366 - RealTimeSTT: root - DEBUG - _audio_data_worker writing audio data into queue.
2025-04-15 15:42:34.390 - RealTimeSTT: root - DEBUG - _audio_data_worker writing audio data into queue.
2025-04-15 15:42:35.415 - RealTimeSTT: root - DEBUG - _audio_data_worker writing audio data into queue.
2025-04-15 15:42:36.438 - RealTimeSTT: root - DEBUG - _audio_data_worker writing audio data into queue.
2025-04-15 15:42:37.462 - RealTimeSTT: root - DEBUG - _audio_data_worker writing audio data into queue.
2025-04-15 15:42:38.486 - RealTimeSTT: root - DEBUG - _audio_data_worker writing audio data into queue.
2025-04-15 15:42:39.510 - RealTimeSTT: root - DEBUG - _audio_data_worker writing audio data into queue.
2025-04-15 15:42:40.535 - RealTimeSTT: root - DEBUG - _audio_data_worker writing audio data into queue.
2025-04-15 15:42:41.558 - RealTimeSTT: root - DEBUG - _audio_data_worker writing audio data into queue.
2025-04-15 15:42:42.582 - RealTimeSTT: root - DEBUG - _audio_data_worker writing audio data into queue.
2025-04-15 15:42:43.607 - RealTimeSTT: root - DEBUG - _audio_data_worker writing audio data into queue.
2025-04-15 15:42:44.630 - RealTimeSTT: root - DEBUG - _audio_data_worker writing audio data into queue.
2025-04-15 15:42:45.654 - RealTimeSTT: root - DEBUG - _audio_data_worker writing audio data into queue.
2025-04-15 15:42:46.678 - RealTimeSTT: root - DEBUG - _audio_data_worker writing audio data into queue.
2025-04-15 15:42:47.702 - RealTimeSTT: root - DEBUG - _audio_data_worker writing audio data into queue.
2025-04-15 15:42:48.726 - RealTimeSTT: root - DEBUG - _audio_data_worker writing audio data into queue.
2025-04-15 15:42:49.750 - RealTimeSTT: root - DEBUG - _audio_data_worker writing audio data into queue.
2025-04-15 15:42:50.775 - RealTimeSTT: root - DEBUG - _audio_data_worker writing audio data into queue.
2025-04-15 15:42:51.798 - RealTimeSTT: root - DEBUG - _audio_data_worker writing audio data into queue.
2025-04-15 15:42:52.823 - RealTimeSTT: root - DEBUG - _audio_data_worker writing audio data into queue.
2025-04-15 15:42:53.846 - RealTimeSTT: root - DEBUG - _audio_data_worker writing audio data into queue.
2025-04-15 15:42:54.870 - RealTimeSTT: root - DEBUG - _audio_data_worker writing audio data into queue.
2025-04-15 15:42:55.894 - RealTimeSTT: root - DEBUG - _audio_data_worker writing audio data into queue.
2025-04-15 15:42:56.919 - RealTimeSTT: root - DEBUG - _audio_data_worker writing audio data into queue.
2025-04-15 15:42:57.942 - RealTimeSTT: root - DEBUG - _audio_data_worker writing audio data into queue.
2025-04-15 15:42:58.966 - RealTimeSTT: root - DEBUG - _audio_data_worker writing audio data into queue.
2025-04-15 15:42:59.990 - RealTimeSTT: root - DEBUG - _audio_data_worker writing audio data into queue.
2025-04-15 15:43:01.014 - RealTimeSTT: root - DEBUG - _audio_data_worker writing audio data into queue.
2025-04-15 15:43:02.038 - RealTimeSTT: root - DEBUG - _audio_data_worker writing audio data into queue.
2025-04-15 15:43:03.062 - RealTimeSTT: root - DEBUG - _audio_data_worker writing audio data into queue.
2025-04-15 15:43:04.086 - RealTimeSTT: root - DEBUG - _audio_data_worker writing audio data into queue.
2025-04-15 15:43:05.111 - RealTimeSTT: root - DEBUG - _audio_data_worker writing audio data into queue.
2025-04-15 15:43:06.135 - RealTimeSTT: root - DEBUG - _audio_data_worker writing audio data into queue.
2025-04-15 15:43:07.159 - RealTimeSTT: root - DEBUG - _audio_data_worker writing audio data into queue.
2025-04-15 15:43:08.182 - RealTimeSTT: root - DEBUG - _audio_data_worker writing audio data into queue.
2025-04-15 15:43:09.207 - RealTimeSTT: root - DEBUG - _audio_data_worker writing audio data into queue.
2025-04-15 15:43:10.230 - RealTimeSTT: root - DEBUG - _audio_data_worker writing audio data into queue.
2025-04-15 15:43:11.254 - RealTimeSTT: root - DEBUG - _audio_data_worker writing audio data into queue.
2025-04-15 15:43:12.278 - RealTimeSTT: root - DEBUG - _audio_data_worker writing audio data into queue.
2025-04-15 15:43:13.303 - RealTimeSTT: root - DEBUG - _audio_data_worker writing audio data into queue.
2025-04-15 15:43:14.327 - RealTimeSTT: root - DEBUG - _audio_data_worker writing audio data into queue.
2025-04-15 15:43:15.351 - RealTimeSTT: root - DEBUG - _audio_data_worker writing audio data into queue.
2025-04-15 15:43:16.374 - RealTimeSTT: root - DEBUG - _audio_data_worker writing audio data into queue.
2025-04-15 15:43:17.399 - RealTimeSTT: root - DEBUG - _audio_data_worker writing audio data into queue.
2025-04-15 15:43:18.423 - RealTimeSTT: root - DEBUG - _audio_data_worker writing audio data into queue.
2025-04-15 15:43:19.447 - RealTimeSTT: root - DEBUG - _audio_data_worker writing audio data into queue.
2025-04-15 15:43:20.471 - RealTimeSTT: root - DEBUG - _audio_data_worker writing audio data into queue.
2025-04-15 15:43:21.494 - RealTimeSTT: root - DEBUG - _audio_data_worker writing audio data into queue.
2025-04-15 15:43:22.519 - RealTimeSTT: root - DEBUG - _audio_data_worker writing audio data into queue.
2025-04-15 15:43:23.542 - RealTimeSTT: root - DEBUG - _audio_data_worker writing audio data into queue.
2025-04-15 15:43:24.566 - RealTimeSTT: root - DEBUG - _audio_data_worker writing audio data into queue.
2025-04-15 15:43:25.590 - RealTimeSTT: root - DEBUG - _audio_data_worker writing audio data into queue.
2025-04-15 15:43:26.614 - RealTimeSTT: root - DEBUG - _audio_data_worker writing audio data into queue.
2025-04-15 15:43:27.639 - RealTimeSTT: root - DEBUG - _audio_data_worker writing audio data into queue.
2025-04-15 15:43:28.663 - RealTimeSTT: root - DEBUG - _audio_data_worker writing audio data into queue.
2025-04-15 15:43:29.686 - RealTimeSTT: root - DEBUG - _audio_data_worker writing audio data into queue.
2025-04-15 15:43:30.710 - RealTimeSTT: root - DEBUG - _audio_data_worker writing audio data into queue.
2025-04-15 15:43:31.734 - RealTimeSTT: root - DEBUG - _audio_data_worker writing audio data into queue.
2025-04-15 15:43:32.758 - RealTimeSTT: root - DEBUG - _audio_data_worker writing audio data into queue.
2025-04-15 15:43:33.783 - RealTimeSTT: root - DEBUG - _audio_data_worker writing audio data into queue.
2025-04-15 15:43:34.806 - RealTimeSTT: root - DEBUG - _audio_data_worker writing audio data into queue.
2025-04-15 15:43:35.830 - RealTimeSTT: root - DEBUG - _audio_data_worker writing audio data into queue.
2025-04-15 15:43:36.854 - RealTimeSTT: root - DEBUG - _audio_data_worker writing audio data into queue.
2025-04-15 15:43:37.878 - RealTimeSTT: root - DEBUG - _audio_data_worker writing audio data into queue.
2025-04-15 15:43:38.902 - RealTimeSTT: root - DEBUG - _audio_data_worker writing audio data into queue.
2025-04-15 15:43:39.926 - RealTimeSTT: root - DEBUG - _audio_data_worker writing audio data into queue.
2025-04-15 15:43:40.950 - RealTimeSTT: root - DEBUG - _audio_data_worker writing audio data into queue.
2025-04-15 15:43:41.974 - RealTimeSTT: root - DEBUG - _audio_data_worker writing audio data into queue.
2025-04-15 15:43:42.999 - RealTimeSTT: root - DEBUG - _audio_data_worker writing audio data into queue.
2025-04-15 15:43:44.022 - RealTimeSTT: root - DEBUG - _audio_data_worker writing audio data into queue.
2025-04-15 15:43:45.046 - RealTimeSTT: root - DEBUG - _audio_data_worker writing audio data into queue.
2025-04-15 15:43:46.071 - RealTimeSTT: root - DEBUG - _audio_data_worker writing audio data into queue.
2025-04-15 15:43:47.094 - RealTimeSTT: root - DEBUG - _audio_data_worker writing audio data into queue.
2025-04-15 15:43:48.119 - RealTimeSTT: root - DEBUG - _audio_data_worker writing audio data into queue.
2025-04-15 15:43:49.142 - RealTimeSTT: root - DEBUG - _audio_data_worker writing audio data into queue.
2025-04-15 15:43:50.166 - RealTimeSTT: root - DEBUG - _audio_data_worker writing audio data into queue.
2025-04-15 15:43:51.191 - RealTimeSTT: root - DEBUG - _audio_data_worker writing audio data into queue.
2025-04-15 15:43:52.214 - RealTimeSTT: root - DEBUG - _audio_data_worker writing audio data into queue.
2025-04-15 15:43:53.239 - RealTimeSTT: root - DEBUG - _audio_data_worker writing audio data into queue.
2025-04-15 15:43:54.263 - RealTimeSTT: root - DEBUG - _audio_data_worker writing audio data into queue.
2025-04-15 15:43:55.286 - RealTimeSTT: root - DEBUG - _audio_data_worker writing audio data into queue.
2025-04-15 15:43:56.311 - RealTimeSTT: root - DEBUG - _audio_data_worker writing audio data into queue.
2025-04-15 15:43:57.335 - RealTimeSTT: root - DEBUG - _audio_data_worker writing audio data into queue.
2025-04-15 15:43:58.359 - RealTimeSTT: root - DEBUG - _audio_data_worker writing audio data into queue.
2025-04-15 15:43:59.383 - RealTimeSTT: root - DEBUG - _audio_data_worker writing audio data into queue.
2025-04-15 15:44:00.406 - RealTimeSTT: root - DEBUG - _audio_data_worker writing audio data into queue.
2025-04-15 15:44:01.431 - RealTimeSTT: root - DEBUG - _audio_data_worker writing audio data into queue.
2025-04-15 15:44:02.455 - RealTimeSTT: root - DEBUG - _audio_data_worker writing audio data into queue.
2025-04-15 15:44:03.479 - RealTimeSTT: root - DEBUG - _audio_data_worker writing audio data into queue.
2025-04-15 15:44:04.502 - RealTimeSTT: root - DEBUG - _audio_data_worker writing audio data into queue.
2025-04-15 15:44:05.527 - RealTimeSTT: root - DEBUG - _audio_data_worker writing audio data into queue.
2025-04-15 15:44:06.551 - RealTimeSTT: root - DEBUG - _audio_data_worker writing audio data into queue.
2025-04-15 15:44:07.574 - RealTimeSTT: root - DEBUG - _audio_data_worker writing audio data into queue.
2025-04-15 15:44:08.598 - RealTimeSTT: root - DEBUG - _audio_data_worker writing audio data into queue.
2025-04-15 15:44:09.623 - RealTimeSTT: root - DEBUG - _audio_data_worker writing audio data into queue.
2025-04-15 15:44:10.647 - RealTimeSTT: root - DEBUG - _audio_data_worker writing audio data into queue.
2025-04-15 15:44:11.671 - RealTimeSTT: root - DEBUG - _audio_data_worker writing audio data into queue.
2025-04-15 15:44:12.695 - RealTimeSTT: root - DEBUG - _audio_data_worker writing audio data into queue.
2025-04-15 15:44:13.719 - RealTimeSTT: root - DEBUG - _audio_data_worker writing audio data into queue.
2025-04-15 15:44:14.742 - RealTimeSTT: root - DEBUG - _audio_data_worker writing audio data into queue.
2025-04-15 15:44:15.766 - RealTimeSTT: root - DEBUG - _audio_data_worker writing audio data into queue.
2025-04-15 15:44:16.791 - RealTimeSTT: root - DEBUG - _audio_data_worker writing audio data into queue.
2025-04-15 15:44:17.815 - RealTimeSTT: root - DEBUG - _audio_data_worker writing audio data into queue.
2025-04-15 15:44:18.839 - RealTimeSTT: root - DEBUG - _audio_data_worker writing audio data into queue.
2025-04-15 15:44:19.862 - RealTimeSTT: root - DEBUG - _audio_data_worker writing audio data into queue.
2025-04-15 15:44:20.887 - RealTimeSTT: root - DEBUG - _audio_data_worker writing audio data into queue.
2025-04-15 15:44:21.911 - RealTimeSTT: root - DEBUG - _audio_data_worker writing audio data into queue.
2025-04-15 15:44:22.935 - RealTimeSTT: root - DEBUG - _audio_data_worker writing audio data into queue.
2025-04-15 15:44:23.959 - RealTimeSTT: root - DEBUG - _audio_data_worker writing audio data into queue.
2025-04-15 15:44:24.983 - RealTimeSTT: root - DEBUG - _audio_data_worker writing audio data into queue.
2025-04-15 15:44:26.006 - RealTimeSTT: root - DEBUG - _audio_data_worker writing audio data into queue.
2025-04-15 15:44:27.030 - RealTimeSTT: root - DEBUG - _audio_data_worker writing audio data into queue.
2025-04-15 15:44:28.055 - RealTimeSTT: root - DEBUG - _audio_data_worker writing audio data into queue.
2025-04-15 15:44:29.079 - RealTimeSTT: root - DEBUG - _audio_data_worker writing audio data into queue.
2025-04-15 15:44:30.103 - RealTimeSTT: root - DEBUG - _audio_data_worker writing audio data into queue.
2025-04-15 15:44:31.127 - RealTimeSTT: root - DEBUG - _audio_data_worker writing audio data into queue.
2025-04-15 15:44:32.150 - RealTimeSTT: root - DEBUG - _audio_data_worker writing audio data into queue.
2025-04-15 15:44:33.174 - RealTimeSTT: root - DEBUG - _audio_data_worker writing audio data into queue.
2025-04-15 15:44:34.199 - RealTimeSTT: root - DEBUG - _audio_data_worker writing audio data into queue.
2025-04-15 15:44:35.222 - RealTimeSTT: root - DEBUG - _audio_data_worker writing audio data into queue.
2025-04-15 15:44:36.247 - RealTimeSTT: root - DEBUG - _audio_data_worker writing audio data into queue.
2025-04-15 15:44:37.270 - RealTimeSTT: root - DEBUG - _audio_data_worker writing audio data into queue.
2025-04-15 15:44:38.294 - RealTimeSTT: root - DEBUG - _audio_data_worker writing audio data into queue.
2025-04-15 15:44:39.319 - RealTimeSTT: root - DEBUG - _audio_data_worker writing audio data into queue.
2025-04-15 15:44:40.342 - RealTimeSTT: root - DEBUG - _audio_data_worker writing audio data into queue.
2025-04-15 15:44:41.367 - RealTimeSTT: root - DEBUG - _audio_data_worker writing audio data into queue.
2025-04-15 15:44:42.390 - RealTimeSTT: root - DEBUG - _audio_data_worker writing audio data into queue.
2025-04-15 15:44:43.414 - RealTimeSTT: root - DEBUG - _audio_data_worker writing audio data into queue.
2025-04-15 15:44:44.438 - RealTimeSTT: root - DEBUG - _audio_data_worker writing audio data into queue.
2025-04-15 15:44:45.462 - RealTimeSTT: root - DEBUG - _audio_data_worker writing audio data into queue.
2025-04-15 15:44:46.486 - RealTimeSTT: root - DEBUG - _audio_data_worker writing audio data into queue.
2025-04-15 15:44:47.511 - RealTimeSTT: root - DEBUG - _audio_data_worker writing audio data into queue.
2025-04-15 15:44:48.535 - RealTimeSTT: root - DEBUG - _audio_data_worker writing audio data into queue.
2025-04-15 15:44:49.559 - RealTimeSTT: root - DEBUG - _audio_data_worker writing audio data into queue.
2025-04-15 15:44:50.582 - RealTimeSTT: root - DEBUG - _audio_data_worker writing audio data into queue.
2025-04-15 15:44:51.606 - RealTimeSTT: root - DEBUG - _audio_data_worker writing audio data into queue.
2025-04-15 15:44:52.631 - RealTimeSTT: root - DEBUG - _audio_data_worker writing audio data into queue.
2025-04-15 15:44:53.655 - RealTimeSTT: root - DEBUG - _audio_data_worker writing audio data into queue.
2025-04-15 15:44:54.678 - RealTimeSTT: root - DEBUG - _audio_data_worker writing audio data into queue.
2025-04-15 15:44:55.703 - RealTimeSTT: root - DEBUG - _audio_data_worker writing audio data into queue.
2025-04-15 15:44:56.726 - RealTimeSTT: root - DEBUG - _audio_data_worker writing audio data into queue.
2025-04-15 15:44:57.750 - RealTimeSTT: root - DEBUG - _audio_data_worker writing audio data into queue.
2025-04-15 15:44:58.774 - RealTimeSTT: root - DEBUG - _audio_data_worker writing audio data into queue.
2025-04-15 15:44:59.798 - RealTimeSTT: root - DEBUG - _audio_data_worker writing audio data into queue.
2025-04-15 15:45:00.822 - RealTimeSTT: root - DEBUG - _audio_data_worker writing audio data into queue.
2025-04-15 15:45:01.846 - RealTimeSTT: root - DEBUG - _audio_data_worker writing audio data into queue.
2025-04-15 15:45:02.871 - RealTimeSTT: root - DEBUG - _audio_data_worker writing audio data into queue.
2025-04-15 15:45:03.894 - RealTimeSTT: root - DEBUG - _audio_data_worker writing audio data into queue.
2025-04-15 15:45:04.918 - RealTimeSTT: root - DEBUG - _audio_data_worker writing audio data into queue.
2025-04-15 15:45:05.942 - RealTimeSTT: root - DEBUG - _audio_data_worker writing audio data into queue.
2025-04-15 15:45:06.966 - RealTimeSTT: root - DEBUG - _audio_data_worker writing audio data into queue.
2025-04-15 15:45:07.991 - RealTimeSTT: root - DEBUG - _audio_data_worker writing audio data into queue.
2025-04-15 15:45:09.014 - RealTimeSTT: root - DEBUG - _audio_data_worker writing audio data into queue.
2025-04-15 15:45:10.038 - RealTimeSTT: root - DEBUG - _audio_data_worker writing audio data into queue.
2025-04-15 15:45:11.062 - RealTimeSTT: root - DEBUG - _audio_data_worker writing audio data into queue.
2025-04-15 15:45:12.087 - RealTimeSTT: root - DEBUG - _audio_data_worker writing audio data into queue.
2025-04-15 15:45:13.110 - RealTimeSTT: root - DEBUG - _audio_data_worker writing audio data into queue.
2025-04-15 15:45:14.134 - RealTimeSTT: root - DEBUG - _audio_data_worker writing audio data into queue.
2025-04-15 15:45:15.159 - RealTimeSTT: root - DEBUG - _audio_data_worker writing audio data into queue.
2025-04-15 15:45:16.182 - RealTimeSTT: root - DEBUG - _audio_data_worker writing audio data into queue.
2025-04-15 15:45:17.206 - RealTimeSTT: root - DEBUG - _audio_data_worker writing audio data into queue.
2025-04-15 15:45:18.230 - RealTimeSTT: root - DEBUG - _audio_data_worker writing audio data into queue.
2025-04-15 15:45:19.254 - RealTimeSTT: root - DEBUG - _audio_data_worker writing audio data into queue.
2025-04-15 15:45:20.279 - RealTimeSTT: root - DEBUG - _audio_data_worker writing audio data into queue.
2025-04-15 15:45:21.302 - RealTimeSTT: root - DEBUG - _audio_data_worker writing audio data into queue.
2025-04-15 15:45:22.325 - RealTimeSTT: root - DEBUG - _audio_data_worker writing audio data into queue.
2025-04-15 15:45:23.350 - RealTimeSTT: root - DEBUG - _audio_data_worker writing audio data into queue.
2025-04-15 15:45:24.373 - RealTimeSTT: root - DEBUG - _audio_data_worker writing audio data into queue.
2025-04-15 15:45:25.397 - RealTimeSTT: root - DEBUG - _audio_data_worker writing audio data into queue.
2025-04-15 15:45:26.421 - RealTimeSTT: root - DEBUG - _audio_data_worker writing audio data into queue.
2025-04-15 15:45:27.446 - RealTimeSTT: root - DEBUG - _audio_data_worker writing audio data into queue.
2025-04-15 15:45:28.470 - RealTimeSTT: root - DEBUG - _audio_data_worker writing audio data into queue.
2025-04-15 15:45:29.494 - RealTimeSTT: root - DEBUG - _audio_data_worker writing audio data into queue.
2025-04-15 15:45:30.517 - RealTimeSTT: root - DEBUG - _audio_data_worker writing audio data into queue.
2025-04-15 15:45:31.542 - RealTimeSTT: root - DEBUG - _audio_data_worker writing audio data into queue.
2025-04-15 15:45:32.566 - RealTimeSTT: root - DEBUG - _audio_data_worker writing audio data into queue.
2025-04-15 15:45:33.590 - RealTimeSTT: root - DEBUG - _audio_data_worker writing audio data into queue.
2025-04-15 15:45:34.614 - RealTimeSTT: root - DEBUG - _audio_data_worker writing audio data into queue.
2025-04-15 15:45:35.638 - RealTimeSTT: root - DEBUG - _audio_data_worker writing audio data into queue.
2025-04-15 15:45:36.662 - RealTimeSTT: root - DEBUG - _audio_data_worker writing audio data into queue.
2025-04-15 15:45:37.685 - RealTimeSTT: root - DEBUG - _audio_data_worker writing audio data into queue.
2025-04-15 15:45:38.709 - RealTimeSTT: root - DEBUG - _audio_data_worker writing audio data into queue.
2025-04-15 15:45:39.734 - RealTimeSTT: root - DEBUG - _audio_data_worker writing audio data into queue.
2025-04-15 15:45:40.758 - RealTimeSTT: root - DEBUG - _audio_data_worker writing audio data into queue.
2025-04-15 15:45:41.781 - RealTimeSTT: root - DEBUG - _audio_data_worker writing audio data into queue.
2025-04-15 15:45:42.805 - RealTimeSTT: root - DEBUG - _audio_data_worker writing audio data into queue.
2025-04-15 15:45:43.829 - RealTimeSTT: root - DEBUG - _audio_data_worker writing audio data into queue.
2025-04-15 15:45:44.853 - RealTimeSTT: root - DEBUG - _audio_data_worker writing audio data into queue.
2025-04-15 15:45:45.878 - RealTimeSTT: root - DEBUG - _audio_data_worker writing audio data into queue.
2025-04-15 15:45:46.901 - RealTimeSTT: root - DEBUG - _audio_data_worker writing audio data into queue.
2025-04-15 15:45:47.925 - RealTimeSTT: root - DEBUG - _audio_data_worker writing audio data into queue.
2025-04-15 15:45:48.949 - RealTimeSTT: root - DEBUG - _audio_data_worker writing audio data into queue.
2025-04-15 15:45:49.974 - RealTimeSTT: root - DEBUG - _audio_data_worker writing audio data into queue.
2025-04-15 15:45:50.997 - RealTimeSTT: root - DEBUG - _audio_data_worker writing audio data into queue.
2025-04-15 15:45:52.021 - RealTimeSTT: root - DEBUG - _audio_data_worker writing audio data into queue.
2025-04-15 15:45:53.046 - RealTimeSTT: root - DEBUG - _audio_data_worker writing audio data into queue.
2025-04-15 15:45:54.069 - RealTimeSTT: root - DEBUG - _audio_data_worker writing audio data into queue.
2025-04-15 15:45:55.093 - RealTimeSTT: root - DEBUG - _audio_data_worker writing audio data into queue.
2025-04-15 15:45:56.117 - RealTimeSTT: root - DEBUG - _audio_data_worker writing audio data into queue.
2025-04-15 15:45:57.141 - RealTimeSTT: root - DEBUG - _audio_data_worker writing audio data into queue.
2025-04-15 15:45:58.165 - RealTimeSTT: root - DEBUG - _audio_data_worker writing audio data into queue.
2025-04-15 15:45:59.189 - RealTimeSTT: root - DEBUG - _audio_data_worker writing audio data into queue.
2025-04-15 15:46:00.213 - RealTimeSTT: root - DEBUG - _audio_data_worker writing audio data into queue.
2025-04-15 15:46:01.237 - RealTimeSTT: root - DEBUG - _audio_data_worker writing audio data into queue.
2025-04-15 15:46:02.261 - RealTimeSTT: root - DEBUG - _audio_data_worker writing audio data into queue.
2025-04-15 15:46:03.285 - RealTimeSTT: root - DEBUG - _audio_data_worker writing audio data into queue.
2025-04-15 15:46:04.309 - RealTimeSTT: root - DEBUG - _audio_data_worker writing audio data into queue.
2025-04-15 15:46:05.333 - RealTimeSTT: root - DEBUG - _audio_data_worker writing audio data into queue.
2025-04-15 15:46:06.357 - RealTimeSTT: root - DEBUG - _audio_data_worker writing audio data into queue.
2025-04-15 15:46:07.382 - RealTimeSTT: root - DEBUG - _audio_data_worker writing audio data into queue.
2025-04-15 15:46:08.405 - RealTimeSTT: root - DEBUG - _audio_data_worker writing audio data into queue.
2025-04-15 15:46:09.430 - RealTimeSTT: root - DEBUG - _audio_data_worker writing audio data into queue.
2025-04-15 15:46:10.453 - RealTimeSTT: root - DEBUG - _audio_data_worker writing audio data into queue.
2025-04-15 15:46:11.477 - RealTimeSTT: root - DEBUG - _audio_data_worker writing audio data into queue.
2025-04-15 15:46:12.501 - RealTimeSTT: root - DEBUG - _audio_data_worker writing audio data into queue.
2025-04-15 15:46:13.527 - RealTimeSTT: root - DEBUG - _audio_data_worker writing audio data into queue.
2025-04-15 15:46:14.549 - RealTimeSTT: root - DEBUG - _audio_data_worker writing audio data into queue.
2025-04-15 15:46:15.573 - RealTimeSTT: root - DEBUG - _audio_data_worker writing audio data into queue.
2025-04-15 15:46:16.597 - RealTimeSTT: root - DEBUG - _audio_data_worker writing audio data into queue.
2025-04-15 15:46:17.621 - RealTimeSTT: root - DEBUG - _audio_data_worker writing audio data into queue.
2025-04-15 15:46:18.645 - RealTimeSTT: root - DEBUG - _audio_data_worker writing audio data into queue.
2025-04-15 15:46:19.669 - RealTimeSTT: root - DEBUG - _audio_data_worker writing audio data into queue.
2025-04-15 15:46:20.693 - RealTimeSTT: root - DEBUG - _audio_data_worker writing audio data into queue.
2025-04-15 15:46:21.717 - RealTimeSTT: root - DEBUG - _audio_data_worker writing audio data into queue.
2025-04-15 15:46:22.741 - RealTimeSTT: root - DEBUG - _audio_data_worker writing audio data into queue.
2025-04-15 15:46:23.765 - RealTimeSTT: root - DEBUG - _audio_data_worker writing audio data into queue.
2025-04-15 15:46:24.789 - RealTimeSTT: root - DEBUG - _audio_data_worker writing audio data into queue.
2025-04-15 15:46:25.813 - RealTimeSTT: root - DEBUG - _audio_data_worker writing audio data into queue.
2025-04-15 15:46:26.837 - RealTimeSTT: root - DEBUG - _audio_data_worker writing audio data into queue.
2025-04-15 15:46:27.861 - RealTimeSTT: root - DEBUG - _audio_data_worker writing audio data into queue.
2025-04-15 15:46:28.885 - RealTimeSTT: root - DEBUG - _audio_data_worker writing audio data into queue.
2025-04-15 15:46:29.909 - RealTimeSTT: root - DEBUG - _audio_data_worker writing audio data into queue.
2025-04-15 15:46:30.933 - RealTimeSTT: root - DEBUG - _audio_data_worker writing audio data into queue.
2025-04-15 15:46:31.957 - RealTimeSTT: root - DEBUG - _audio_data_worker writing audio data into queue.
2025-04-15 15:46:32.981 - RealTimeSTT: root - DEBUG - _audio_data_worker writing audio data into queue.
2025-04-15 15:46:34.005 - RealTimeSTT: root - DEBUG - _audio_data_worker writing audio data into queue.
2025-04-15 15:46:35.029 - RealTimeSTT: root - DEBUG - _audio_data_worker writing audio data into queue.
2025-04-15 15:46:36.053 - RealTimeSTT: root - DEBUG - _audio_data_worker writing audio data into queue.
2025-04-15 15:46:37.077 - RealTimeSTT: root - DEBUG - _audio_data_worker writing audio data into queue.
2025-04-15 15:46:38.101 - RealTimeSTT: root - DEBUG - _audio_data_worker writing audio data into queue.
2025-04-15 15:46:39.125 - RealTimeSTT: root - DEBUG - _audio_data_worker writing audio data into queue.
2025-04-15 15:46:40.149 - RealTimeSTT: root - DEBUG - _audio_data_worker writing audio data into queue.
2025-04-15 15:46:41.173 - RealTimeSTT: root - DEBUG - _audio_data_worker writing audio data into queue.
2025-04-15 15:46:42.197 - RealTimeSTT: root - DEBUG - _audio_data_worker writing audio data into queue.
2025-04-15 15:46:43.221 - RealTimeSTT: root - DEBUG - _audio_data_worker writing audio data into queue.
2025-04-15 15:46:44.245 - RealTimeSTT: root - DEBUG - _audio_data_worker writing audio data into queue.
2025-04-15 15:46:45.269 - RealTimeSTT: root - DEBUG - _audio_data_worker writing audio data into queue.
2025-04-15 15:46:46.293 - RealTimeSTT: root - DEBUG - _audio_data_worker writing audio data into queue.
2025-04-15 15:46:47.317 - RealTimeSTT: root - DEBUG - _audio_data_worker writing audio data into queue.
2025-04-15 15:46:48.341 - RealTimeSTT: root - DEBUG - _audio_data_worker writing audio data into queue.
2025-04-15 15:46:49.365 - RealTimeSTT: root - DEBUG - _audio_data_worker writing audio data into queue.
2025-04-15 15:46:50.389 - RealTimeSTT: root - DEBUG - _audio_data_worker writing audio data into queue.
2025-04-15 15:46:51.413 - RealTimeSTT: root - DEBUG - _audio_data_worker writing audio data into queue.
2025-04-15 15:46:52.437 - RealTimeSTT: root - DEBUG - _audio_data_worker writing audio data into queue.
2025-04-15 15:46:53.461 - RealTimeSTT: root - DEBUG - _audio_data_worker writing audio data into queue.
2025-04-15 15:46:54.485 - RealTimeSTT: root - DEBUG - _audio_data_worker writing audio data into queue.
2025-04-15 15:46:55.509 - RealTimeSTT: root - DEBUG - _audio_data_worker writing audio data into queue.
2025-04-15 15:46:56.533 - RealTimeSTT: root - DEBUG - _audio_data_worker writing audio data into queue.
2025-04-15 15:46:57.557 - RealTimeSTT: root - DEBUG - _audio_data_worker writing audio data into queue.
2025-04-15 15:46:58.581 - RealTimeSTT: root - DEBUG - _audio_data_worker writing audio data into queue.
2025-04-15 15:46:59.605 - RealTimeSTT: root - DEBUG - _audio_data_worker writing audio data into queue.
2025-04-15 15:47:00.629 - RealTimeSTT: root - DEBUG - _audio_data_worker writing audio data into queue.
2025-04-15 15:47:01.653 - RealTimeSTT: root - DEBUG - _audio_data_worker writing audio data into queue.
2025-04-15 15:47:02.677 - RealTimeSTT: root - DEBUG - _audio_data_worker writing audio data into queue.
2025-04-15 15:47:03.701 - RealTimeSTT: root - DEBUG - _audio_data_worker writing audio data into queue.
2025-04-15 15:47:04.725 - RealTimeSTT: root - DEBUG - _audio_data_worker writing audio data into queue.
2025-04-15 15:47:05.749 - RealTimeSTT: root - DEBUG - _audio_data_worker writing audio data into queue.
2025-04-15 15:47:06.773 - RealTimeSTT: root - DEBUG - _audio_data_worker writing audio data into queue.
2025-04-15 15:47:07.797 - RealTimeSTT: root - DEBUG - _audio_data_worker writing audio data into queue.
2025-04-15 15:47:08.821 - RealTimeSTT: root - DEBUG - _audio_data_worker writing audio data into queue.
2025-04-15 15:47:09.845 - RealTimeSTT: root - DEBUG - _audio_data_worker writing audio data into queue.
2025-04-15 15:47:10.869 - RealTimeSTT: root - DEBUG - _audio_data_worker writing audio data into queue.
2025-04-15 15:47:11.893 - RealTimeSTT: root - DEBUG - _audio_data_worker writing audio data into queue.
2025-04-15 15:47:12.917 - RealTimeSTT: root - DEBUG - _audio_data_worker writing audio data into queue.
2025-04-15 15:47:13.941 - RealTimeSTT: root - DEBUG - _audio_data_worker writing audio data into queue.
2025-04-15 15:47:14.965 - RealTimeSTT: root - DEBUG - _audio_data_worker writing audio data into queue.
2025-04-15 15:47:15.989 - RealTimeSTT: root - DEBUG - _audio_data_worker writing audio data into queue.
2025-04-15 15:47:17.013 - RealTimeSTT: root - DEBUG - _audio_data_worker writing audio data into queue.
2025-04-15 15:47:18.037 - RealTimeSTT: root - DEBUG - _audio_data_worker writing audio data into queue.
2025-04-15 15:47:19.061 - RealTimeSTT: root - DEBUG - _audio_data_worker writing audio data into queue.
2025-04-15 15:47:20.085 - RealTimeSTT: root - DEBUG - _audio_data_worker writing audio data into queue.
2025-04-15 15:47:21.109 - RealTimeSTT: root - DEBUG - _audio_data_worker writing audio data into queue.
2025-04-15 15:47:22.133 - RealTimeSTT: root - DEBUG - _audio_data_worker writing audio data into queue.
2025-04-15 15:47:23.157 - RealTimeSTT: root - DEBUG - _audio_data_worker writing audio data into queue.
2025-04-15 15:47:24.181 - RealTimeSTT: root - DEBUG - _audio_data_worker writing audio data into queue.
2025-04-15 15:47:25.205 - RealTimeSTT: root - DEBUG - _audio_data_worker writing audio data into queue.
2025-04-15 15:47:26.229 - RealTimeSTT: root - DEBUG - _audio_data_worker writing audio data into queue.
2025-04-15 15:47:27.253 - RealTimeSTT: root - DEBUG - _audio_data_worker writing audio data into queue.
2025-04-15 15:47:28.277 - RealTimeSTT: root - DEBUG - _audio_data_worker writing audio data into queue.
2025-04-15 15:47:29.301 - RealTimeSTT: root - DEBUG - _audio_data_worker writing audio data into queue.
2025-04-15 15:47:30.325 - RealTimeSTT: root - DEBUG - _audio_data_worker writing audio data into queue.
2025-04-15 15:47:31.349 - RealTimeSTT: root - DEBUG - _audio_data_worker writing audio data into queue.
2025-04-15 15:47:32.373 - RealTimeSTT: root - DEBUG - _audio_data_worker writing audio data into queue.
2025-04-15 15:47:33.397 - RealTimeSTT: root - DEBUG - _audio_data_worker writing audio data into queue.
2025-04-15 15:47:34.421 - RealTimeSTT: root - DEBUG - _audio_data_worker writing audio data into queue.
2025-04-15 15:47:35.445 - RealTimeSTT: root - DEBUG - _audio_data_worker writing audio data into queue.
2025-04-15 15:47:36.469 - RealTimeSTT: root - DEBUG - _audio_data_worker writing audio data into queue.
2025-04-15 15:47:37.493 - RealTimeSTT: root - DEBUG - _audio_data_worker writing audio data into queue.
2025-04-15 15:47:38.517 - RealTimeSTT: root - DEBUG - _audio_data_worker writing audio data into queue.
2025-04-15 15:47:39.541 - RealTimeSTT: root - DEBUG - _audio_data_worker writing audio data into queue.
2025-04-15 15:47:40.566 - RealTimeSTT: root - DEBUG - _audio_data_worker writing audio data into queue.
2025-04-15 15:47:41.589 - RealTimeSTT: root - DEBUG - _audio_data_worker writing audio data into queue.
2025-04-15 15:47:42.613 - RealTimeSTT: root - DEBUG - _audio_data_worker writing audio data into queue.
2025-04-15 15:47:43.637 - RealTimeSTT: root - DEBUG - _audio_data_worker writing audio data into queue.
2025-04-15 15:47:44.661 - RealTimeSTT: root - DEBUG - _audio_data_worker writing audio data into queue.
2025-04-15 15:47:45.685 - RealTimeSTT: root - DEBUG - _audio_data_worker writing audio data into queue.
2025-04-15 15:47:46.710 - RealTimeSTT: root - DEBUG - _audio_data_worker writing audio data into queue.
2025-04-15 15:47:47.734 - RealTimeSTT: root - DEBUG - _audio_data_worker writing audio data into queue.
2025-04-15 15:47:48.757 - RealTimeSTT: root - DEBUG - _audio_data_worker writing audio data into queue.
2025-04-15 15:47:49.781 - RealTimeSTT: root - DEBUG - _audio_data_worker writing audio data into queue.
2025-04-15 15:47:50.806 - RealTimeSTT: root - DEBUG - _audio_data_worker writing audio data into queue.
2025-04-15 15:47:51.829 - RealTimeSTT: root - DEBUG - _audio_data_worker writing audio data into queue.
2025-04-15 15:47:52.853 - RealTimeSTT: root - DEBUG - _audio_data_worker writing audio data into queue.
2025-04-15 15:47:53.877 - RealTimeSTT: root - DEBUG - _audio_data_worker writing audio data into queue.
2025-04-15 15:47:54.901 - RealTimeSTT: root - DEBUG - _audio_data_worker writing audio data into queue.
2025-04-15 15:47:55.925 - RealTimeSTT: root - DEBUG - _audio_data_worker writing audio data into queue.
2025-04-15 15:47:56.950 - RealTimeSTT: root - DEBUG - _audio_data_worker writing audio data into queue.
2025-04-15 15:47:57.973 - RealTimeSTT: root - DEBUG - _audio_data_worker writing audio data into queue.
2025-04-15 15:47:58.998 - RealTimeSTT: root - DEBUG - _audio_data_worker writing audio data into queue.
2025-04-15 15:48:00.021 - RealTimeSTT: root - DEBUG - _audio_data_worker writing audio data into queue.
2025-04-15 15:48:01.045 - RealTimeSTT: root - DEBUG - _audio_data_worker writing audio data into queue.
2025-04-15 15:48:02.069 - RealTimeSTT: root - DEBUG - _audio_data_worker writing audio data into queue.
2025-04-15 15:48:03.093 - RealTimeSTT: root - DEBUG - _audio_data_worker writing audio data into queue.
2025-04-15 15:48:04.117 - RealTimeSTT: root - DEBUG - _audio_data_worker writing audio data into queue.
2025-04-15 15:48:05.141 - RealTimeSTT: root - DEBUG - _audio_data_worker writing audio data into queue.
2025-04-15 15:48:06.166 - RealTimeSTT: root - DEBUG - _audio_data_worker writing audio data into queue.
2025-04-15 15:48:07.189 - RealTimeSTT: root - DEBUG - _audio_data_worker writing audio data into queue.
2025-04-15 15:48:08.213 - RealTimeSTT: root - DEBUG - _audio_data_worker writing audio data into queue.
2025-04-15 15:48:09.238 - RealTimeSTT: root - DEBUG - _audio_data_worker writing audio data into queue.
2025-04-15 15:48:10.261 - RealTimeSTT: root - DEBUG - _audio_data_worker writing audio data into queue.
2025-04-15 15:48:11.285 - RealTimeSTT: root - DEBUG - _audio_data_worker writing audio data into queue.
2025-04-15 15:48:12.309 - RealTimeSTT: root - DEBUG - _audio_data_worker writing audio data into queue.
2025-04-15 15:48:13.334 - RealTimeSTT: root - DEBUG - _audio_data_worker writing audio data into queue.
2025-04-15 15:48:14.357 - RealTimeSTT: root - DEBUG - _audio_data_worker writing audio data into queue.
2025-04-15 15:48:15.381 - RealTimeSTT: root - DEBUG - _audio_data_worker writing audio data into queue.
2025-04-15 15:48:16.405 - RealTimeSTT: root - DEBUG - _audio_data_worker writing audio data into queue.
2025-04-15 15:48:17.430 - RealTimeSTT: root - DEBUG - _audio_data_worker writing audio data into queue.
2025-04-15 15:48:18.453 - RealTimeSTT: root - DEBUG - _audio_data_worker writing audio data into queue.
2025-04-15 15:48:19.476 - RealTimeSTT: root - DEBUG - _audio_data_worker writing audio data into queue.
2025-04-15 15:48:20.500 - RealTimeSTT: root - DEBUG - _audio_data_worker writing audio data into queue.
2025-04-15 15:48:21.525 - RealTimeSTT: root - DEBUG - _audio_data_worker writing audio data into queue.
2025-04-15 15:48:22.549 - RealTimeSTT: root - DEBUG - _audio_data_worker writing audio data into queue.
2025-04-15 15:48:23.572 - RealTimeSTT: root - DEBUG - _audio_data_worker writing audio data into queue.
2025-04-15 15:48:24.597 - RealTimeSTT: root - DEBUG - _audio_data_worker writing audio data into queue.
2025-04-15 15:48:25.620 - RealTimeSTT: root - DEBUG - _audio_data_worker writing audio data into queue.
2025-04-15 15:48:26.644 - RealTimeSTT: root - DEBUG - _audio_data_worker writing audio data into queue.
2025-04-15 15:48:27.669 - RealTimeSTT: root - DEBUG - _audio_data_worker writing audio data into queue.
2025-04-15 15:48:28.693 - RealTimeSTT: root - DEBUG - _audio_data_worker writing audio data into queue.
2025-04-15 15:48:29.717 - RealTimeSTT: root - DEBUG - _audio_data_worker writing audio data into queue.
2025-04-15 15:48:30.740 - RealTimeSTT: root - DEBUG - _audio_data_worker writing audio data into queue.
2025-04-15 15:48:31.765 - RealTimeSTT: root - DEBUG - _audio_data_worker writing audio data into queue.
2025-04-15 15:48:32.789 - RealTimeSTT: root - DEBUG - _audio_data_worker writing audio data into queue.
2025-04-15 15:48:33.813 - RealTimeSTT: root - DEBUG - _audio_data_worker writing audio data into queue.
2025-04-15 15:48:34.837 - RealTimeSTT: root - DEBUG - _audio_data_worker writing audio data into queue.
2025-04-15 15:48:35.860 - RealTimeSTT: root - DEBUG - _audio_data_worker writing audio data into queue.
2025-04-15 15:48:36.884 - RealTimeSTT: root - DEBUG - _audio_data_worker writing audio data into queue.
2025-04-15 15:48:37.908 - RealTimeSTT: root - DEBUG - _audio_data_worker writing audio data into queue.
2025-04-15 15:48:38.932 - RealTimeSTT: root - DEBUG - _audio_data_worker writing audio data into queue.
2025-04-15 15:48:39.957 - RealTimeSTT: root - DEBUG - _audio_data_worker writing audio data into queue.
2025-04-15 15:48:40.981 - RealTimeSTT: root - DEBUG - _audio_data_worker writing audio data into queue.
2025-04-15 15:48:42.004 - RealTimeSTT: root - DEBUG - _audio_data_worker writing audio data into queue.
2025-04-15 15:48:43.028 - RealTimeSTT: root - DEBUG - _audio_data_worker writing audio data into queue.
2025-04-15 15:48:44.052 - RealTimeSTT: root - DEBUG - _audio_data_worker writing audio data into queue.
2025-04-15 15:48:45.076 - RealTimeSTT: root - DEBUG - _audio_data_worker writing audio data into queue.
2025-04-15 15:48:46.100 - RealTimeSTT: root - DEBUG - _audio_data_worker writing audio data into queue.
2025-04-15 15:48:47.124 - RealTimeSTT: root - DEBUG - _audio_data_worker writing audio data into queue.
2025-04-15 15:48:48.149 - RealTimeSTT: root - DEBUG - _audio_data_worker writing audio data into queue.
2025-04-15 15:48:49.173 - RealTimeSTT: root - DEBUG - _audio_data_worker writing audio data into queue.
2025-04-15 15:48:50.197 - RealTimeSTT: root - DEBUG - _audio_data_worker writing audio data into queue.
2025-04-15 15:48:51.221 - RealTimeSTT: root - DEBUG - _audio_data_worker writing audio data into queue.
2025-04-15 15:48:52.245 - RealTimeSTT: root - DEBUG - _audio_data_worker writing audio data into queue.
2025-04-15 15:48:53.268 - RealTimeSTT: root - DEBUG - _audio_data_worker writing audio data into queue.
2025-04-15 15:48:54.292 - RealTimeSTT: root - DEBUG - _audio_data_worker writing audio data into queue.
2025-04-15 15:48:55.316 - RealTimeSTT: root - DEBUG - _audio_data_worker writing audio data into queue.
2025-04-15 15:48:56.341 - RealTimeSTT: root - DEBUG - _audio_data_worker writing audio data into queue.
2025-04-15 15:48:57.365 - RealTimeSTT: root - DEBUG - _audio_data_worker writing audio data into queue.
2025-04-15 15:48:58.388 - RealTimeSTT: root - DEBUG - _audio_data_worker writing audio data into queue.
2025-04-15 15:48:59.412 - RealTimeSTT: root - DEBUG - _audio_data_worker writing audio data into queue.
2025-04-15 15:49:00.437 - RealTimeSTT: root - DEBUG - _audio_data_worker writing audio data into queue.
2025-04-15 15:49:01.460 - RealTimeSTT: root - DEBUG - _audio_data_worker writing audio data into queue.
2025-04-15 15:49:02.484 - RealTimeSTT: root - DEBUG - _audio_data_worker writing audio data into queue.
2025-04-15 15:49:03.509 - RealTimeSTT: root - DEBUG - _audio_data_worker writing audio data into queue.
2025-04-15 15:49:04.533 - RealTimeSTT: root - DEBUG - _audio_data_worker writing audio data into queue.
2025-04-15 15:49:05.557 - RealTimeSTT: root - DEBUG - _audio_data_worker writing audio data into queue.
2025-04-15 15:49:06.581 - RealTimeSTT: root - DEBUG - _audio_data_worker writing audio data into queue.
2025-04-15 15:49:07.604 - RealTimeSTT: root - DEBUG - _audio_data_worker writing audio data into queue.
2025-04-15 15:49:08.629 - RealTimeSTT: root - DEBUG - _audio_data_worker writing audio data into queue.
2025-04-15 15:49:09.653 - RealTimeSTT: root - DEBUG - _audio_data_worker writing audio data into queue.
2025-04-15 15:49:10.677 - RealTimeSTT: root - DEBUG - _audio_data_worker writing audio data into queue.
2025-04-15 15:49:11.701 - RealTimeSTT: root - DEBUG - _audio_data_worker writing audio data into queue.
2025-04-15 15:49:12.725 - RealTimeSTT: root - DEBUG - _audio_data_worker writing audio data into queue.
2025-04-15 15:49:13.748 - RealTimeSTT: root - DEBUG - _audio_data_worker writing audio data into queue.
2025-04-15 15:49:14.773 - RealTimeSTT: root - DEBUG - _audio_data_worker writing audio data into queue.
2025-04-15 15:49:15.797 - RealTimeSTT: root - DEBUG - _audio_data_worker writing audio data into queue.
2025-04-15 15:49:16.821 - RealTimeSTT: root - DEBUG - _audio_data_worker writing audio data into queue.
2025-04-15 15:49:17.844 - RealTimeSTT: root - DEBUG - _audio_data_worker writing audio data into queue.
2025-04-15 15:49:18.868 - RealTimeSTT: root - DEBUG - _audio_data_worker writing audio data into queue.
2025-04-15 15:49:19.892 - RealTimeSTT: root - DEBUG - _audio_data_worker writing audio data into queue.
2025-04-15 15:49:20.916 - RealTimeSTT: root - DEBUG - _audio_data_worker writing audio data into queue.
2025-04-15 15:49:21.941 - RealTimeSTT: root - DEBUG - _audio_data_worker writing audio data into queue.
2025-04-15 15:49:22.965 - RealTimeSTT: root - DEBUG - _audio_data_worker writing audio data into queue.
2025-04-15 15:49:23.988 - RealTimeSTT: root - DEBUG - _audio_data_worker writing audio data into queue.
2025-04-15 15:49:25.012 - RealTimeSTT: root - DEBUG - _audio_data_worker writing audio data into queue.
2025-04-15 15:49:26.036 - RealTimeSTT: root - DEBUG - _audio_data_worker writing audio data into queue.
2025-04-15 15:49:27.060 - RealTimeSTT: root - DEBUG - _audio_data_worker writing audio data into queue.
2025-04-15 15:49:28.084 - RealTimeSTT: root - DEBUG - _audio_data_worker writing audio data into queue.
2025-04-15 15:49:29.108 - RealTimeSTT: root - DEBUG - _audio_data_worker writing audio data into queue.
2025-04-15 15:49:30.132 - RealTimeSTT: root - DEBUG - _audio_data_worker writing audio data into queue.
2025-04-15 15:49:31.156 - RealTimeSTT: root - DEBUG - _audio_data_worker writing audio data into queue.
2025-04-15 15:49:32.181 - RealTimeSTT: root - DEBUG - _audio_data_worker writing audio data into queue.
2025-04-15 15:49:33.204 - RealTimeSTT: root - DEBUG - _audio_data_worker writing audio data into queue.
2025-04-15 15:49:34.228 - RealTimeSTT: root - DEBUG - _audio_data_worker writing audio data into queue.
2025-04-15 15:49:35.252 - RealTimeSTT: root - DEBUG - _audio_data_worker writing audio data into queue.
2025-04-15 15:49:36.276 - RealTimeSTT: root - DEBUG - _audio_data_worker writing audio data into queue.
2025-04-15 15:49:37.301 - RealTimeSTT: root - DEBUG - _audio_data_worker writing audio data into queue.
2025-04-15 15:49:38.325 - RealTimeSTT: root - DEBUG - _audio_data_worker writing audio data into queue.
2025-04-15 15:49:39.348 - RealTimeSTT: root - DEBUG - _audio_data_worker writing audio data into queue.
2025-04-15 15:49:40.372 - RealTimeSTT: root - DEBUG - _audio_data_worker writing audio data into queue.
2025-04-15 15:49:41.396 - RealTimeSTT: root - DEBUG - _audio_data_worker writing audio data into queue.
2025-04-15 15:49:42.421 - RealTimeSTT: root - DEBUG - _audio_data_worker writing audio data into queue.
2025-04-15 15:49:43.445 - RealTimeSTT: root - DEBUG - _audio_data_worker writing audio data into queue.
2025-04-15 15:49:44.469 - RealTimeSTT: root - DEBUG - _audio_data_worker writing audio data into queue.
2025-04-15 15:49:45.493 - RealTimeSTT: root - DEBUG - _audio_data_worker writing audio data into queue.
2025-04-15 15:49:46.517 - RealTimeSTT: root - DEBUG - _audio_data_worker writing audio data into queue.
2025-04-15 15:49:47.540 - RealTimeSTT: root - DEBUG - _audio_data_worker writing audio data into queue.
2025-04-15 15:49:48.564 - RealTimeSTT: root - DEBUG - _audio_data_worker writing audio data into queue.
2025-04-15 15:49:49.588 - RealTimeSTT: root - DEBUG - _audio_data_worker writing audio data into queue.
2025-04-15 15:49:50.612 - RealTimeSTT: root - DEBUG - _audio_data_worker writing audio data into queue.
2025-04-15 15:49:51.636 - RealTimeSTT: root - DEBUG - _audio_data_worker writing audio data into queue.
2025-04-15 15:49:52.661 - RealTimeSTT: root - DEBUG - _audio_data_worker writing audio data into queue.
2025-04-15 15:49:53.684 - RealTimeSTT: root - DEBUG - _audio_data_worker writing audio data into queue.
2025-04-15 15:49:54.708 - RealTimeSTT: root - DEBUG - _audio_data_worker writing audio data into queue.
2025-04-15 15:49:55.733 - RealTimeSTT: root - DEBUG - _audio_data_worker writing audio data into queue.
2025-04-15 15:49:56.757 - RealTimeSTT: root - DEBUG - _audio_data_worker writing audio data into queue.
2025-04-15 15:49:57.781 - RealTimeSTT: root - DEBUG - _audio_data_worker writing audio data into queue.
2025-04-15 15:49:58.804 - RealTimeSTT: root - DEBUG - _audio_data_worker writing audio data into queue.
2025-04-15 15:49:59.828 - RealTimeSTT: root - DEBUG - _audio_data_worker writing audio data into queue.
2025-04-15 15:50:00.853 - RealTimeSTT: root - DEBUG - _audio_data_worker writing audio data into queue.
2025-04-15 15:50:01.877 - RealTimeSTT: root - DEBUG - _audio_data_worker writing audio data into queue.
2025-04-15 15:50:02.900 - RealTimeSTT: root - DEBUG - _audio_data_worker writing audio data into queue.
2025-04-15 15:50:03.925 - RealTimeSTT: root - DEBUG - _audio_data_worker writing audio data into queue.
2025-04-15 15:50:04.949 - RealTimeSTT: root - DEBUG - _audio_data_worker writing audio data into queue.
2025-04-15 15:50:05.972 - RealTimeSTT: root - DEBUG - _audio_data_worker writing audio data into queue.
2025-04-15 15:50:06.996 - RealTimeSTT: root - DEBUG - _audio_data_worker writing audio data into queue.
2025-04-15 15:50:08.021 - RealTimeSTT: root - DEBUG - _audio_data_worker writing audio data into queue.
2025-04-15 15:50:09.045 - RealTimeSTT: root - DEBUG - _audio_data_worker writing audio data into queue.
2025-04-15 15:50:10.069 - RealTimeSTT: root - DEBUG - _audio_data_worker writing audio data into queue.
2025-04-15 15:50:11.093 - RealTimeSTT: root - DEBUG - _audio_data_worker writing audio data into queue.
2025-04-15 15:50:12.116 - RealTimeSTT: root - DEBUG - _audio_data_worker writing audio data into queue.
2025-04-15 15:50:13.140 - RealTimeSTT: root - DEBUG - _audio_data_worker writing audio data into queue.
2025-04-15 15:50:14.165 - RealTimeSTT: root - DEBUG - _audio_data_worker writing audio data into queue.
2025-04-15 15:50:15.188 - RealTimeSTT: root - DEBUG - _audio_data_worker writing audio data into queue.
2025-04-15 15:50:16.212 - RealTimeSTT: root - DEBUG - _audio_data_worker writing audio data into queue.
2025-04-15 15:50:17.236 - RealTimeSTT: root - DEBUG - _audio_data_worker writing audio data into queue.
2025-04-15 15:50:18.260 - RealTimeSTT: root - DEBUG - _audio_data_worker writing audio data into queue.
2025-04-15 15:50:19.284 - RealTimeSTT: root - DEBUG - _audio_data_worker writing audio data into queue.
2025-04-15 15:50:20.308 - RealTimeSTT: root - DEBUG - _audio_data_worker writing audio data into queue.
2025-04-15 15:50:21.333 - RealTimeSTT: root - DEBUG - _audio_data_worker writing audio data into queue.
2025-04-15 15:50:22.357 - RealTimeSTT: root - DEBUG - _audio_data_worker writing audio data into queue.
2025-04-15 15:50:23.381 - RealTimeSTT: root - DEBUG - _audio_data_worker writing audio data into queue.
2025-04-15 15:50:24.405 - RealTimeSTT: root - DEBUG - _audio_data_worker writing audio data into queue.
2025-04-15 15:50:25.428 - RealTimeSTT: root - DEBUG - _audio_data_worker writing audio data into queue.
2025-04-15 15:50:26.452 - RealTimeSTT: root - DEBUG - _audio_data_worker writing audio data into queue.
2025-04-15 15:50:27.476 - RealTimeSTT: root - DEBUG - _audio_data_worker writing audio data into queue.
2025-04-15 15:50:28.500 - RealTimeSTT: root - DEBUG - _audio_data_worker writing audio data into queue.
2025-04-15 15:50:29.524 - RealTimeSTT: root - DEBUG - _audio_data_worker writing audio data into queue.
2025-04-15 15:50:30.548 - RealTimeSTT: root - DEBUG - _audio_data_worker writing audio data into queue.
2025-04-15 15:50:31.572 - RealTimeSTT: root - DEBUG - _audio_data_worker writing audio data into queue.
2025-04-15 15:50:32.597 - RealTimeSTT: root - DEBUG - _audio_data_worker writing audio data into queue.
2025-04-15 15:50:33.621 - RealTimeSTT: root - DEBUG - _audio_data_worker writing audio data into queue.
2025-04-15 15:50:34.645 - RealTimeSTT: root - DEBUG - _audio_data_worker writing audio data into queue.
2025-04-15 15:50:35.668 - RealTimeSTT: root - DEBUG - _audio_data_worker writing audio data into queue.
2025-04-15 15:50:36.692 - RealTimeSTT: root - DEBUG - _audio_data_worker writing audio data into queue.
2025-04-15 15:50:37.716 - RealTimeSTT: root - DEBUG - _audio_data_worker writing audio data into queue.
2025-04-15 15:50:38.740 - RealTimeSTT: root - DEBUG - _audio_data_worker writing audio data into queue.
2025-04-15 15:50:39.765 - RealTimeSTT: root - DEBUG - _audio_data_worker writing audio data into queue.
2025-04-15 15:50:40.788 - RealTimeSTT: root - DEBUG - _audio_data_worker writing audio data into queue.
2025-04-15 15:50:41.813 - RealTimeSTT: root - DEBUG - _audio_data_worker writing audio data into queue.
2025-04-15 15:50:42.836 - RealTimeSTT: root - DEBUG - _audio_data_worker writing audio data into queue.
2025-04-15 15:50:43.860 - RealTimeSTT: root - DEBUG - _audio_data_worker writing audio data into queue.
2025-04-15 15:50:44.884 - RealTimeSTT: root - DEBUG - _audio_data_worker writing audio data into queue.
2025-04-15 15:50:45.908 - RealTimeSTT: root - DEBUG - _audio_data_worker writing audio data into queue.
2025-04-15 15:50:46.933 - RealTimeSTT: root - DEBUG - _audio_data_worker writing audio data into queue.
2025-04-15 15:50:47.957 - RealTimeSTT: root - DEBUG - _audio_data_worker writing audio data into queue.
2025-04-15 15:50:48.981 - RealTimeSTT: root - DEBUG - _audio_data_worker writing audio data into queue.
2025-04-15 15:50:50.005 - RealTimeSTT: root - DEBUG - _audio_data_worker writing audio data into queue.
2025-04-15 15:50:51.028 - RealTimeSTT: root - DEBUG - _audio_data_worker writing audio data into queue.
2025-04-15 15:50:52.053 - RealTimeSTT: root - DEBUG - _audio_data_worker writing audio data into queue.
2025-04-15 15:50:53.077 - RealTimeSTT: root - DEBUG - _audio_data_worker writing audio data into queue.
2025-04-15 15:50:54.100 - RealTimeSTT: root - DEBUG - _audio_data_worker writing audio data into queue.
2025-04-15 15:50:55.125 - RealTimeSTT: root - DEBUG - _audio_data_worker writing audio data into queue.
2025-04-15 15:50:56.149 - RealTimeSTT: root - DEBUG - _audio_data_worker writing audio data into queue.
2025-04-15 15:50:57.173 - RealTimeSTT: root - DEBUG - _audio_data_worker writing audio data into queue.
2025-04-15 15:50:58.196 - RealTimeSTT: root - DEBUG - _audio_data_worker writing audio data into queue.
2025-04-15 15:50:59.221 - RealTimeSTT: root - DEBUG - _audio_data_worker writing audio data into queue.
2025-04-15 15:51:00.245 - RealTimeSTT: root - DEBUG - _audio_data_worker writing audio data into queue.
2025-04-15 15:51:01.269 - RealTimeSTT: root - DEBUG - _audio_data_worker writing audio data into queue.
2025-04-15 15:51:02.293 - RealTimeSTT: root - DEBUG - _audio_data_worker writing audio data into queue.
2025-04-15 15:51:03.317 - RealTimeSTT: root - DEBUG - _audio_data_worker writing audio data into queue.
2025-04-15 15:51:04.340 - RealTimeSTT: root - DEBUG - _audio_data_worker writing audio data into queue.
2025-04-15 15:51:05.364 - RealTimeSTT: root - DEBUG - _audio_data_worker writing audio data into queue.
2025-04-15 15:51:06.388 - RealTimeSTT: root - DEBUG - _audio_data_worker writing audio data into queue.
2025-04-15 15:51:07.413 - RealTimeSTT: root - DEBUG - _audio_data_worker writing audio data into queue.
2025-04-15 15:51:08.437 - RealTimeSTT: root - DEBUG - _audio_data_worker writing audio data into queue.
2025-04-15 15:51:09.461 - RealTimeSTT: root - DEBUG - _audio_data_worker writing audio data into queue.
2025-04-15 15:51:10.484 - RealTimeSTT: root - DEBUG - _audio_data_worker writing audio data into queue.
2025-04-15 15:51:11.509 - RealTimeSTT: root - DEBUG - _audio_data_worker writing audio data into queue.
2025-04-15 15:51:12.533 - RealTimeSTT: root - DEBUG - _audio_data_worker writing audio data into queue.
2025-04-15 15:51:13.556 - RealTimeSTT: root - DEBUG - _audio_data_worker writing audio data into queue.
2025-04-15 15:51:14.581 - RealTimeSTT: root - DEBUG - _audio_data_worker writing audio data into queue.
2025-04-15 15:51:15.604 - RealTimeSTT: root - DEBUG - _audio_data_worker writing audio data into queue.
2025-04-15 15:51:16.628 - RealTimeSTT: root - DEBUG - _audio_data_worker writing audio data into queue.
2025-04-15 15:51:17.653 - RealTimeSTT: root - DEBUG - _audio_data_worker writing audio data into queue.
2025-04-15 15:51:18.677 - RealTimeSTT: root - DEBUG - _audio_data_worker writing audio data into queue.
2025-04-15 15:51:19.700 - RealTimeSTT: root - DEBUG - _audio_data_worker writing audio data into queue.
2025-04-15 15:51:20.723 - RealTimeSTT: root - DEBUG - _audio_data_worker writing audio data into queue.
2025-04-15 15:51:21.748 - RealTimeSTT: root - DEBUG - _audio_data_worker writing audio data into queue.
2025-04-15 15:51:22.772 - RealTimeSTT: root - DEBUG - _audio_data_worker writing audio data into queue.
2025-04-15 15:51:23.795 - RealTimeSTT: root - DEBUG - _audio_data_worker writing audio data into queue.
2025-04-15 15:51:24.819 - RealTimeSTT: root - DEBUG - _audio_data_worker writing audio data into queue.
2025-04-15 15:51:25.843 - RealTimeSTT: root - DEBUG - _audio_data_worker writing audio data into queue.
2025-04-15 15:51:26.868 - RealTimeSTT: root - DEBUG - _audio_data_worker writing audio data into queue.
2025-04-15 15:51:27.891 - RealTimeSTT: root - DEBUG - _audio_data_worker writing audio data into queue.
2025-04-15 15:51:28.915 - RealTimeSTT: root - DEBUG - _audio_data_worker writing audio data into queue.
2025-04-15 15:51:29.939 - RealTimeSTT: root - DEBUG - _audio_data_worker writing audio data into queue.
2025-04-15 15:51:30.963 - RealTimeSTT: root - DEBUG - _audio_data_worker writing audio data into queue.
2025-04-15 15:51:31.988 - RealTimeSTT: root - DEBUG - _audio_data_worker writing audio data into queue.
2025-04-15 15:51:33.012 - RealTimeSTT: root - DEBUG - _audio_data_worker writing audio data into queue.
2025-04-15 15:51:34.036 - RealTimeSTT: root - DEBUG - _audio_data_worker writing audio data into queue.
2025-04-15 15:51:35.059 - RealTimeSTT: root - DEBUG - _audio_data_worker writing audio data into queue.
2025-04-15 15:51:36.083 - RealTimeSTT: root - DEBUG - _audio_data_worker writing audio data into queue.
2025-04-15 15:51:37.107 - RealTimeSTT: root - DEBUG - _audio_data_worker writing audio data into queue.
2025-04-15 15:51:38.131 - RealTimeSTT: root - DEBUG - _audio_data_worker writing audio data into queue.
2025-04-15 15:51:39.155 - RealTimeSTT: root - DEBUG - _audio_data_worker writing audio data into queue.
2025-04-15 15:51:40.179 - RealTimeSTT: root - DEBUG - _audio_data_worker writing audio data into queue.
2025-04-15 15:51:41.204 - RealTimeSTT: root - DEBUG - _audio_data_worker writing audio data into queue.
2025-04-15 15:51:42.227 - RealTimeSTT: root - DEBUG - _audio_data_worker writing audio data into queue.
2025-04-15 15:51:43.251 - RealTimeSTT: root - DEBUG - _audio_data_worker writing audio data into queue.
2025-04-15 15:51:44.276 - RealTimeSTT: root - DEBUG - _audio_data_worker writing audio data into queue.
2025-04-15 15:51:45.300 - RealTimeSTT: root - DEBUG - _audio_data_worker writing audio data into queue.
2025-04-15 15:51:46.324 - RealTimeSTT: root - DEBUG - _audio_data_worker writing audio data into queue.
2025-04-15 15:51:47.348 - RealTimeSTT: root - DEBUG - _audio_data_worker writing audio data into queue.
2025-04-15 15:51:48.372 - RealTimeSTT: root - DEBUG - _audio_data_worker writing audio data into queue.
2025-04-15 15:51:49.396 - RealTimeSTT: root - DEBUG - _audio_data_worker writing audio data into queue.
2025-04-15 15:51:50.419 - RealTimeSTT: root - DEBUG - _audio_data_worker writing audio data into queue.
2025-04-15 15:51:51.443 - RealTimeSTT: root - DEBUG - _audio_data_worker writing audio data into queue.
2025-04-15 15:51:52.467 - RealTimeSTT: root - DEBUG - _audio_data_worker writing audio data into queue.
2025-04-15 15:51:53.491 - RealTimeSTT: root - DEBUG - _audio_data_worker writing audio data into queue.
2025-04-15 15:51:54.515 - RealTimeSTT: root - DEBUG - _audio_data_worker writing audio data into queue.
2025-04-15 15:51:55.540 - RealTimeSTT: root - DEBUG - _audio_data_worker writing audio data into queue.
2025-04-15 15:51:56.563 - RealTimeSTT: root - DEBUG - _audio_data_worker writing audio data into queue.
2025-04-15 15:51:57.588 - RealTimeSTT: root - DEBUG - _audio_data_worker writing audio data into queue.
2025-04-15 15:51:58.611 - RealTimeSTT: root - DEBUG - _audio_data_worker writing audio data into queue.
2025-04-15 15:51:59.635 - RealTimeSTT: root - DEBUG - _audio_data_worker writing audio data into queue.
2025-04-15 15:52:00.660 - RealTimeSTT: root - DEBUG - _audio_data_worker writing audio data into queue.
2025-04-15 15:52:01.683 - RealTimeSTT: root - DEBUG - _audio_data_worker writing audio data into queue.
2025-04-15 15:52:02.707 - RealTimeSTT: root - DEBUG - _audio_data_worker writing audio data into queue.
2025-04-15 15:52:03.731 - RealTimeSTT: root - DEBUG - _audio_data_worker writing audio data into queue.
2025-04-15 15:52:04.755 - RealTimeSTT: root - DEBUG - _audio_data_worker writing audio data into queue.
2025-04-15 15:52:05.780 - RealTimeSTT: root - DEBUG - _audio_data_worker writing audio data into queue.
2025-04-15 15:52:06.803 - RealTimeSTT: root - DEBUG - _audio_data_worker writing audio data into queue.
2025-04-15 15:52:07.828 - RealTimeSTT: root - DEBUG - _audio_data_worker writing audio data into queue.
2025-04-15 15:52:08.851 - RealTimeSTT: root - DEBUG - _audio_data_worker writing audio data into queue.
2025-04-15 15:52:09.876 - RealTimeSTT: root - DEBUG - _audio_data_worker writing audio data into queue.
2025-04-15 15:52:10.900 - RealTimeSTT: root - DEBUG - _audio_data_worker writing audio data into queue.
2025-04-15 15:52:11.923 - RealTimeSTT: root - DEBUG - _audio_data_worker writing audio data into queue.
2025-04-15 15:52:12.948 - RealTimeSTT: root - DEBUG - _audio_data_worker writing audio data into queue.
2025-04-15 15:52:13.972 - RealTimeSTT: root - DEBUG - _audio_data_worker writing audio data into queue.
2025-04-15 15:52:14.996 - RealTimeSTT: root - DEBUG - _audio_data_worker writing audio data into queue.
2025-04-15 15:52:16.019 - RealTimeSTT: root - DEBUG - _audio_data_worker writing audio data into queue.
2025-04-15 15:52:17.044 - RealTimeSTT: root - DEBUG - _audio_data_worker writing audio data into queue.
2025-04-15 15:52:18.067 - RealTimeSTT: root - DEBUG - _audio_data_worker writing audio data into queue.
2025-04-15 15:52:19.092 - RealTimeSTT: root - DEBUG - _audio_data_worker writing audio data into queue.
2025-04-15 15:52:20.116 - RealTimeSTT: root - DEBUG - _audio_data_worker writing audio data into queue.
2025-04-15 15:52:21.139 - RealTimeSTT: root - DEBUG - _audio_data_worker writing audio data into queue.
2025-04-15 15:52:22.164 - RealTimeSTT: root - DEBUG - _audio_data_worker writing audio data into queue.
2025-04-15 15:52:23.188 - RealTimeSTT: root - DEBUG - _audio_data_worker writing audio data into queue.
2025-04-15 15:52:24.211 - RealTimeSTT: root - DEBUG - _audio_data_worker writing audio data into queue.
2025-04-15 15:52:25.235 - RealTimeSTT: root - DEBUG - _audio_data_worker writing audio data into queue.
2025-04-15 15:52:26.260 - RealTimeSTT: root - DEBUG - _audio_data_worker writing audio data into queue.
2025-04-15 15:52:27.284 - RealTimeSTT: root - DEBUG - _audio_data_worker writing audio data into queue.
2025-04-15 15:52:28.307 - RealTimeSTT: root - DEBUG - _audio_data_worker writing audio data into queue.
2025-04-15 15:52:29.332 - RealTimeSTT: root - DEBUG - _audio_data_worker writing audio data into queue.
2025-04-15 15:52:30.356 - RealTimeSTT: root - DEBUG - _audio_data_worker writing audio data into queue.
2025-04-15 15:52:31.379 - RealTimeSTT: root - DEBUG - _audio_data_worker writing audio data into queue.
2025-04-15 15:52:32.403 - RealTimeSTT: root - DEBUG - _audio_data_worker writing audio data into queue.
2025-04-15 15:52:33.427 - RealTimeSTT: root - DEBUG - _audio_data_worker writing audio data into queue.
2025-04-15 15:52:34.452 - RealTimeSTT: root - DEBUG - _audio_data_worker writing audio data into queue.
2025-04-15 15:52:35.476 - RealTimeSTT: root - DEBUG - _audio_data_worker writing audio data into queue.
2025-04-15 15:52:36.499 - RealTimeSTT: root - DEBUG - _audio_data_worker writing audio data into queue.
2025-04-15 15:52:37.524 - RealTimeSTT: root - DEBUG - _audio_data_worker writing audio data into queue.
2025-04-15 15:52:38.547 - RealTimeSTT: root - DEBUG - _audio_data_worker writing audio data into queue.
2025-04-15 15:52:39.571 - RealTimeSTT: root - DEBUG - _audio_data_worker writing audio data into queue.
2025-04-15 15:52:40.595 - RealTimeSTT: root - DEBUG - _audio_data_worker writing audio data into queue.
2025-04-15 15:52:41.619 - RealTimeSTT: root - DEBUG - _audio_data_worker writing audio data into queue.
2025-04-15 15:52:42.643 - RealTimeSTT: root - DEBUG - _audio_data_worker writing audio data into queue.
2025-04-15 15:52:43.667 - RealTimeSTT: root - DEBUG - _audio_data_worker writing audio data into queue.
2025-04-15 15:52:44.691 - RealTimeSTT: root - DEBUG - _audio_data_worker writing audio data into queue.
2025-04-15 15:52:45.716 - RealTimeSTT: root - DEBUG - _audio_data_worker writing audio data into queue.
2025-04-15 15:52:46.739 - RealTimeSTT: root - DEBUG - _audio_data_worker writing audio data into queue.
2025-04-15 15:52:47.763 - RealTimeSTT: root - DEBUG - _audio_data_worker writing audio data into queue.
2025-04-15 15:52:48.787 - RealTimeSTT: root - DEBUG - _audio_data_worker writing audio data into queue.
2025-04-15 15:52:49.812 - RealTimeSTT: root - DEBUG - _audio_data_worker writing audio data into queue.
2025-04-15 15:52:50.835 - RealTimeSTT: root - DEBUG - _audio_data_worker writing audio data into queue.
2025-04-15 15:52:51.860 - RealTimeSTT: root - DEBUG - _audio_data_worker writing audio data into queue.
2025-04-15 15:52:52.883 - RealTimeSTT: root - DEBUG - _audio_data_worker writing audio data into queue.
2025-04-15 15:52:53.907 - RealTimeSTT: root - DEBUG - _audio_data_worker writing audio data into queue.
2025-04-15 15:52:54.931 - RealTimeSTT: root - DEBUG - _audio_data_worker writing audio data into queue.
2025-04-15 15:52:55.955 - RealTimeSTT: root - DEBUG - _audio_data_worker writing audio data into queue.
2025-04-15 15:52:56.979 - RealTimeSTT: root - DEBUG - _audio_data_worker writing audio data into queue.
2025-04-15 15:52:58.004 - RealTimeSTT: root - DEBUG - _audio_data_worker writing audio data into queue.
2025-04-15 15:52:59.027 - RealTimeSTT: root - DEBUG - _audio_data_worker writing audio data into queue.
2025-04-15 15:53:00.052 - RealTimeSTT: root - DEBUG - _audio_data_worker writing audio data into queue.
2025-04-15 15:53:01.075 - RealTimeSTT: root - DEBUG - _audio_data_worker writing audio data into queue.
2025-04-15 15:53:02.099 - RealTimeSTT: root - DEBUG - _audio_data_worker writing audio data into queue.
2025-04-15 15:53:03.123 - RealTimeSTT: root - DEBUG - _audio_data_worker writing audio data into queue.
2025-04-15 15:53:04.147 - RealTimeSTT: root - DEBUG - _audio_data_worker writing audio data into queue.
2025-04-15 15:53:05.171 - RealTimeSTT: root - DEBUG - _audio_data_worker writing audio data into queue.
2025-04-15 15:53:06.196 - RealTimeSTT: root - DEBUG - _audio_data_worker writing audio data into queue.
2025-04-15 15:53:07.219 - RealTimeSTT: root - DEBUG - _audio_data_worker writing audio data into queue.
2025-04-15 15:53:08.243 - RealTimeSTT: root - DEBUG - _audio_data_worker writing audio data into queue.
2025-04-15 15:53:09.267 - RealTimeSTT: root - DEBUG - _audio_data_worker writing audio data into queue.
2025-04-15 15:53:10.291 - RealTimeSTT: root - DEBUG - _audio_data_worker writing audio data into queue.
2025-04-15 15:53:11.315 - RealTimeSTT: root - DEBUG - _audio_data_worker writing audio data into queue.
2025-04-15 15:53:12.339 - RealTimeSTT: root - DEBUG - _audio_data_worker writing audio data into queue.
2025-04-15 15:53:13.363 - RealTimeSTT: root - DEBUG - _audio_data_worker writing audio data into queue.
2025-04-15 15:53:14.388 - RealTimeSTT: root - DEBUG - _audio_data_worker writing audio data into queue.
2025-04-15 15:53:15.411 - RealTimeSTT: root - DEBUG - _audio_data_worker writing audio data into queue.
2025-04-15 15:53:16.435 - RealTimeSTT: root - DEBUG - _audio_data_worker writing audio data into queue.
2025-04-15 15:53:17.459 - RealTimeSTT: root - DEBUG - _audio_data_worker writing audio data into queue.
2025-04-15 15:53:18.483 - RealTimeSTT: root - DEBUG - _audio_data_worker writing audio data into queue.
2025-04-15 15:53:19.508 - RealTimeSTT: root - DEBUG - _audio_data_worker writing audio data into queue.
2025-04-15 15:53:20.532 - RealTimeSTT: root - DEBUG - _audio_data_worker writing audio data into queue.
2025-04-15 15:53:21.556 - RealTimeSTT: root - DEBUG - _audio_data_worker writing audio data into queue.
2025-04-15 15:53:22.579 - RealTimeSTT: root - DEBUG - _audio_data_worker writing audio data into queue.
2025-04-15 15:53:23.603 - RealTimeSTT: root - DEBUG - _audio_data_worker writing audio data into queue.
2025-04-15 15:53:24.627 - RealTimeSTT: root - DEBUG - _audio_data_worker writing audio data into queue.
2025-04-15 15:53:25.651 - RealTimeSTT: root - DEBUG - _audio_data_worker writing audio data into queue.
2025-04-15 15:53:26.675 - RealTimeSTT: root - DEBUG - _audio_data_worker writing audio data into queue.
2025-04-15 15:53:27.700 - RealTimeSTT: root - DEBUG - _audio_data_worker writing audio data into queue.
2025-04-15 15:53:28.724 - RealTimeSTT: root - DEBUG - _audio_data_worker writing audio data into queue.
2025-04-15 15:53:29.747 - RealTimeSTT: root - DEBUG - _audio_data_worker writing audio data into queue.
2025-04-15 15:53:30.772 - RealTimeSTT: root - DEBUG - _audio_data_worker writing audio data into queue.
2025-04-15 15:53:31.795 - RealTimeSTT: root - DEBUG - _audio_data_worker writing audio data into queue.
2025-04-15 15:53:32.819 - RealTimeSTT: root - DEBUG - _audio_data_worker writing audio data into queue.
2025-04-15 15:53:33.843 - RealTimeSTT: root - DEBUG - _audio_data_worker writing audio data into queue.
2025-04-15 15:53:34.867 - RealTimeSTT: root - DEBUG - _audio_data_worker writing audio data into queue.
2025-04-15 15:53:35.891 - RealTimeSTT: root - DEBUG - _audio_data_worker writing audio data into queue.
2025-04-15 15:53:36.916 - RealTimeSTT: root - DEBUG - _audio_data_worker writing audio data into queue.
2025-04-15 15:53:37.940 - RealTimeSTT: root - DEBUG - _audio_data_worker writing audio data into queue.
2025-04-15 15:53:38.963 - RealTimeSTT: root - DEBUG - _audio_data_worker writing audio data into queue.
2025-04-15 15:53:39.987 - RealTimeSTT: root - DEBUG - _audio_data_worker writing audio data into queue.
2025-04-15 15:53:41.011 - RealTimeSTT: root - DEBUG - _audio_data_worker writing audio data into queue.
2025-04-15 15:53:42.036 - RealTimeSTT: root - DEBUG - _audio_data_worker writing audio data into queue.
2025-04-15 15:53:43.059 - RealTimeSTT: root - DEBUG - _audio_data_worker writing audio data into queue.
2025-04-15 15:53:44.084 - RealTimeSTT: root - DEBUG - _audio_data_worker writing audio data into queue.
2025-04-15 15:53:45.107 - RealTimeSTT: root - DEBUG - _audio_data_worker writing audio data into queue.
2025-04-15 15:53:46.131 - RealTimeSTT: root - DEBUG - _audio_data_worker writing audio data into queue.
2025-04-15 15:53:47.156 - RealTimeSTT: root - DEBUG - _audio_data_worker writing audio data into queue.
2025-04-15 15:53:48.179 - RealTimeSTT: root - DEBUG - _audio_data_worker writing audio data into queue.
2025-04-15 15:53:49.204 - RealTimeSTT: root - DEBUG - _audio_data_worker writing audio data into queue.
2025-04-15 15:53:50.227 - RealTimeSTT: root - DEBUG - _audio_data_worker writing audio data into queue.
2025-04-15 15:53:51.252 - RealTimeSTT: root - DEBUG - _audio_data_worker writing audio data into queue.
2025-04-15 15:53:52.276 - RealTimeSTT: root - DEBUG - _audio_data_worker writing audio data into queue.
2025-04-15 15:53:53.300 - RealTimeSTT: root - DEBUG - _audio_data_worker writing audio data into queue.
2025-04-15 15:53:54.324 - RealTimeSTT: root - DEBUG - _audio_data_worker writing audio data into queue.
2025-04-15 15:53:55.347 - RealTimeSTT: root - DEBUG - _audio_data_worker writing audio data into queue.
2025-04-15 15:53:56.371 - RealTimeSTT: root - DEBUG - _audio_data_worker writing audio data into queue.
2025-04-15 15:53:57.396 - RealTimeSTT: root - DEBUG - _audio_data_worker writing audio data into queue.
2025-04-15 15:53:58.420 - RealTimeSTT: root - DEBUG - _audio_data_worker writing audio data into queue.
2025-04-15 15:53:59.444 - RealTimeSTT: root - DEBUG - _audio_data_worker writing audio data into queue.
2025-04-15 15:54:00.467 - RealTimeSTT: root - DEBUG - _audio_data_worker writing audio data into queue.
2025-04-15 15:54:01.492 - RealTimeSTT: root - DEBUG - _audio_data_worker writing audio data into queue.
2025-04-15 15:54:02.515 - RealTimeSTT: root - DEBUG - _audio_data_worker writing audio data into queue.
2025-04-15 15:54:03.539 - RealTimeSTT: root - DEBUG - _audio_data_worker writing audio data into queue.
2025-04-15 15:54:04.564 - RealTimeSTT: root - DEBUG - _audio_data_worker writing audio data into queue.
2025-04-15 15:54:05.588 - RealTimeSTT: root - DEBUG - _audio_data_worker writing audio data into queue.
2025-04-15 15:54:06.612 - RealTimeSTT: root - DEBUG - _audio_data_worker writing audio data into queue.
2025-04-15 15:54:07.636 - RealTimeSTT: root - DEBUG - _audio_data_worker writing audio data into queue.
2025-04-15 15:54:08.659 - RealTimeSTT: root - DEBUG - _audio_data_worker writing audio data into queue.
2025-04-15 15:54:09.683 - RealTimeSTT: root - DEBUG - _audio_data_worker writing audio data into queue.
2025-04-15 15:54:10.707 - RealTimeSTT: root - DEBUG - _audio_data_worker writing audio data into queue.
2025-04-15 15:54:11.732 - RealTimeSTT: root - DEBUG - _audio_data_worker writing audio data into queue.
2025-04-15 15:54:12.756 - RealTimeSTT: root - DEBUG - _audio_data_worker writing audio data into queue.
2025-04-15 15:54:13.780 - RealTimeSTT: root - DEBUG - _audio_data_worker writing audio data into queue.
2025-04-15 15:54:14.804 - RealTimeSTT: root - DEBUG - _audio_data_worker writing audio data into queue.
2025-04-15 15:54:15.828 - RealTimeSTT: root - DEBUG - _audio_data_worker writing audio data into queue.
2025-04-15 15:54:16.851 - RealTimeSTT: root - DEBUG - _audio_data_worker writing audio data into queue.
2025-04-15 15:54:17.875 - RealTimeSTT: root - DEBUG - _audio_data_worker writing audio data into queue.
2025-04-15 15:54:18.899 - RealTimeSTT: root - DEBUG - _audio_data_worker writing audio data into queue.
2025-04-15 15:54:19.924 - RealTimeSTT: root - DEBUG - _audio_data_worker writing audio data into queue.
2025-04-15 15:54:20.948 - RealTimeSTT: root - DEBUG - _audio_data_worker writing audio data into queue.
2025-04-15 15:54:21.972 - RealTimeSTT: root - DEBUG - _audio_data_worker writing audio data into queue.
2025-04-15 15:54:22.996 - RealTimeSTT: root - DEBUG - _audio_data_worker writing audio data into queue.
2025-04-15 15:54:24.019 - RealTimeSTT: root - DEBUG - _audio_data_worker writing audio data into queue.
2025-04-15 15:54:25.043 - RealTimeSTT: root - DEBUG - _audio_data_worker writing audio data into queue.
2025-04-15 15:54:26.066 - RealTimeSTT: root - DEBUG - _audio_data_worker writing audio data into queue.
2025-04-15 15:54:27.091 - RealTimeSTT: root - DEBUG - _audio_data_worker writing audio data into queue.
2025-04-15 15:54:28.114 - RealTimeSTT: root - DEBUG - _audio_data_worker writing audio data into queue.
2025-04-15 15:54:29.138 - RealTimeSTT: root - DEBUG - _audio_data_worker writing audio data into queue.
2025-04-15 15:54:30.162 - RealTimeSTT: root - DEBUG - _audio_data_worker writing audio data into queue.
2025-04-15 15:54:31.186 - RealTimeSTT: root - DEBUG - _audio_data_worker writing audio data into queue.
2025-04-15 15:54:32.210 - RealTimeSTT: root - DEBUG - _audio_data_worker writing audio data into queue.
2025-04-15 15:54:33.234 - RealTimeSTT: root - DEBUG - _audio_data_worker writing audio data into queue.
2025-04-15 15:54:34.259 - RealTimeSTT: root - DEBUG - _audio_data_worker writing audio data into queue.
2025-04-15 15:54:35.282 - RealTimeSTT: root - DEBUG - _audio_data_worker writing audio data into queue.
2025-04-15 15:54:36.307 - RealTimeSTT: root - DEBUG - _audio_data_worker writing audio data into queue.
2025-04-15 15:54:37.330 - RealTimeSTT: root - DEBUG - _audio_data_worker writing audio data into queue.
2025-04-15 15:54:38.355 - RealTimeSTT: root - DEBUG - _audio_data_worker writing audio data into queue.
2025-04-15 15:54:39.379 - RealTimeSTT: root - DEBUG - _audio_data_worker writing audio data into queue.
2025-04-15 15:54:40.403 - RealTimeSTT: root - DEBUG - _audio_data_worker writing audio data into queue.
2025-04-15 15:54:41.426 - RealTimeSTT: root - DEBUG - _audio_data_worker writing audio data into queue.
2025-04-15 15:54:42.451 - RealTimeSTT: root - DEBUG - _audio_data_worker writing audio data into queue.
2025-04-15 15:54:43.474 - RealTimeSTT: root - DEBUG - _audio_data_worker writing audio data into queue.
2025-04-15 15:54:44.498 - RealTimeSTT: root - DEBUG - _audio_data_worker writing audio data into queue.
2025-04-15 15:54:45.522 - RealTimeSTT: root - DEBUG - _audio_data_worker writing audio data into queue.
2025-04-15 15:54:46.547 - RealTimeSTT: root - DEBUG - _audio_data_worker writing audio data into queue.
2025-04-15 15:54:47.570 - RealTimeSTT: root - DEBUG - _audio_data_worker writing audio data into queue.
2025-04-15 15:54:48.595 - RealTimeSTT: root - DEBUG - _audio_data_worker writing audio data into queue.
2025-04-15 15:54:49.618 - RealTimeSTT: root - DEBUG - _audio_data_worker writing audio data into queue.
2025-04-15 15:54:50.643 - RealTimeSTT: root - DEBUG - _audio_data_worker writing audio data into queue.
2025-04-15 15:54:51.667 - RealTimeSTT: root - DEBUG - _audio_data_worker writing audio data into queue.
2025-04-15 15:54:52.691 - RealTimeSTT: root - DEBUG - _audio_data_worker writing audio data into queue.
2025-04-15 15:54:53.715 - RealTimeSTT: root - DEBUG - _audio_data_worker writing audio data into queue.
2025-04-15 15:54:54.738 - RealTimeSTT: root - DEBUG - _audio_data_worker writing audio data into queue.
2025-04-15 15:54:55.763 - RealTimeSTT: root - DEBUG - _audio_data_worker writing audio data into queue.
2025-04-15 15:54:56.786 - RealTimeSTT: root - DEBUG - _audio_data_worker writing audio data into queue.
2025-04-15 15:54:57.810 - RealTimeSTT: root - DEBUG - _audio_data_worker writing audio data into queue.
2025-04-15 15:54:58.834 - RealTimeSTT: root - DEBUG - _audio_data_worker writing audio data into queue.
2025-04-15 15:54:59.858 - RealTimeSTT: root - DEBUG - _audio_data_worker writing audio data into queue.
2025-04-15 15:55:00.882 - RealTimeSTT: root - DEBUG - _audio_data_worker writing audio data into queue.
2025-04-15 15:55:01.906 - RealTimeSTT: root - DEBUG - _audio_data_worker writing audio data into queue.
2025-04-15 15:55:02.930 - RealTimeSTT: root - DEBUG - _audio_data_worker writing audio data into queue.
2025-04-15 15:55:03.954 - RealTimeSTT: root - DEBUG - _audio_data_worker writing audio data into queue.
2025-04-15 15:55:04.979 - RealTimeSTT: root - DEBUG - _audio_data_worker writing audio data into queue.
2025-04-15 15:55:06.003 - RealTimeSTT: root - DEBUG - _audio_data_worker writing audio data into queue.
2025-04-15 15:55:07.027 - RealTimeSTT: root - DEBUG - _audio_data_worker writing audio data into queue.
2025-04-15 15:55:08.050 - RealTimeSTT: root - DEBUG - _audio_data_worker writing audio data into queue.
2025-04-15 15:55:09.074 - RealTimeSTT: root - DEBUG - _audio_data_worker writing audio data into queue.
2025-04-15 15:55:10.098 - RealTimeSTT: root - DEBUG - _audio_data_worker writing audio data into queue.
2025-04-15 15:55:11.123 - RealTimeSTT: root - DEBUG - _audio_data_worker writing audio data into queue.
2025-04-15 15:55:12.147 - RealTimeSTT: root - DEBUG - _audio_data_worker writing audio data into queue.
2025-04-15 15:55:13.170 - RealTimeSTT: root - DEBUG - _audio_data_worker writing audio data into queue.
2025-04-15 15:55:14.194 - RealTimeSTT: root - DEBUG - _audio_data_worker writing audio data into queue.
2025-04-15 15:55:15.218 - RealTimeSTT: root - DEBUG - _audio_data_worker writing audio data into queue.
2025-04-15 15:55:16.243 - RealTimeSTT: root - DEBUG - _audio_data_worker writing audio data into queue.
2025-04-15 15:55:17.266 - RealTimeSTT: root - DEBUG - _audio_data_worker writing audio data into queue.
2025-04-15 15:55:18.291 - RealTimeSTT: root - DEBUG - _audio_data_worker writing audio data into queue.
2025-04-15 15:55:19.315 - RealTimeSTT: root - DEBUG - _audio_data_worker writing audio data into queue.
2025-04-15 15:55:20.339 - RealTimeSTT: root - DEBUG - _audio_data_worker writing audio data into queue.
2025-04-15 15:55:21.362 - RealTimeSTT: root - DEBUG - _audio_data_worker writing audio data into queue.
2025-04-15 15:55:22.387 - RealTimeSTT: root - DEBUG - _audio_data_worker writing audio data into queue.
2025-04-15 15:55:23.411 - RealTimeSTT: root - DEBUG - _audio_data_worker writing audio data into queue.
2025-04-15 15:55:24.434 - RealTimeSTT: root - DEBUG - _audio_data_worker writing audio data into queue.
2025-04-15 15:55:25.459 - RealTimeSTT: root - DEBUG - _audio_data_worker writing audio data into queue.
2025-04-15 15:55:26.482 - RealTimeSTT: root - DEBUG - _audio_data_worker writing audio data into queue.
2025-04-15 15:55:27.506 - RealTimeSTT: root - DEBUG - _audio_data_worker writing audio data into queue.
2025-04-15 15:55:28.530 - RealTimeSTT: root - DEBUG - _audio_data_worker writing audio data into queue.
2025-04-15 15:55:29.554 - RealTimeSTT: root - DEBUG - _audio_data_worker writing audio data into queue.
2025-04-15 15:55:30.578 - RealTimeSTT: root - DEBUG - _audio_data_worker writing audio data into queue.
2025-04-15 15:55:31.602 - RealTimeSTT: root - DEBUG - _audio_data_worker writing audio data into queue.
2025-04-15 15:55:32.626 - RealTimeSTT: root - DEBUG - _audio_data_worker writing audio data into queue.
2025-04-15 15:55:33.651 - RealTimeSTT: root - DEBUG - _audio_data_worker writing audio data into queue.
2025-04-15 15:55:34.674 - RealTimeSTT: root - DEBUG - _audio_data_worker writing audio data into queue.
2025-04-15 15:55:35.698 - RealTimeSTT: root - DEBUG - _audio_data_worker writing audio data into queue.
2025-04-15 15:55:36.722 - RealTimeSTT: root - DEBUG - _audio_data_worker writing audio data into queue.
2025-04-15 15:55:37.746 - RealTimeSTT: root - DEBUG - _audio_data_worker writing audio data into queue.
2025-04-15 15:55:38.771 - RealTimeSTT: root - DEBUG - _audio_data_worker writing audio data into queue.
2025-04-15 15:55:39.794 - RealTimeSTT: root - DEBUG - _audio_data_worker writing audio data into queue.
2025-04-15 15:55:40.819 - RealTimeSTT: root - DEBUG - _audio_data_worker writing audio data into queue.
2025-04-15 15:55:41.842 - RealTimeSTT: root - DEBUG - _audio_data_worker writing audio data into queue.
2025-04-15 15:55:42.866 - RealTimeSTT: root - DEBUG - _audio_data_worker writing audio data into queue.
2025-04-15 15:55:43.891 - RealTimeSTT: root - DEBUG - _audio_data_worker writing audio data into queue.
2025-04-15 15:55:44.915 - RealTimeSTT: root - DEBUG - _audio_data_worker writing audio data into queue.
2025-04-15 15:55:45.938 - RealTimeSTT: root - DEBUG - _audio_data_worker writing audio data into queue.
2025-04-15 15:55:46.963 - RealTimeSTT: root - DEBUG - _audio_data_worker writing audio data into queue.
2025-04-15 15:55:47.986 - RealTimeSTT: root - DEBUG - _audio_data_worker writing audio data into queue.
2025-04-15 15:55:49.011 - RealTimeSTT: root - DEBUG - _audio_data_worker writing audio data into queue.
2025-04-15 15:55:50.035 - RealTimeSTT: root - DEBUG - _audio_data_worker writing audio data into queue.
2025-04-15 15:55:51.058 - RealTimeSTT: root - DEBUG - _audio_data_worker writing audio data into queue.
2025-04-15 15:55:52.083 - RealTimeSTT: root - DEBUG - _audio_data_worker writing audio data into queue.
2025-04-15 15:55:53.106 - RealTimeSTT: root - DEBUG - _audio_data_worker writing audio data into queue.
2025-04-15 15:55:54.131 - RealTimeSTT: root - DEBUG - _audio_data_worker writing audio data into queue.
2025-04-15 15:55:55.154 - RealTimeSTT: root - DEBUG - _audio_data_worker writing audio data into queue.
2025-04-15 15:55:56.179 - RealTimeSTT: root - DEBUG - _audio_data_worker writing audio data into queue.
2025-04-15 15:55:57.203 - RealTimeSTT: root - DEBUG - _audio_data_worker writing audio data into queue.
2025-04-15 15:55:58.227 - RealTimeSTT: root - DEBUG - _audio_data_worker writing audio data into queue.
2025-04-15 15:55:59.251 - RealTimeSTT: root - DEBUG - _audio_data_worker writing audio data into queue.
2025-04-15 15:56:00.274 - RealTimeSTT: root - DEBUG - _audio_data_worker writing audio data into queue.
2025-04-15 15:56:01.298 - RealTimeSTT: root - DEBUG - _audio_data_worker writing audio data into queue.
2025-04-15 15:56:02.323 - RealTimeSTT: root - DEBUG - _audio_data_worker writing audio data into queue.
2025-04-15 15:56:03.346 - RealTimeSTT: root - DEBUG - _audio_data_worker writing audio data into queue.
2025-04-15 15:56:04.370 - RealTimeSTT: root - DEBUG - _audio_data_worker writing audio data into queue.
2025-04-15 15:56:05.395 - RealTimeSTT: root - DEBUG - _audio_data_worker writing audio data into queue.
2025-04-15 15:56:06.418 - RealTimeSTT: root - DEBUG - _audio_data_worker writing audio data into queue.
2025-04-15 15:56:07.443 - RealTimeSTT: root - DEBUG - _audio_data_worker writing audio data into queue.
2025-04-15 15:56:08.467 - RealTimeSTT: root - DEBUG - _audio_data_worker writing audio data into queue.
2025-04-15 15:56:09.491 - RealTimeSTT: root - DEBUG - _audio_data_worker writing audio data into queue.
2025-04-15 15:56:10.514 - RealTimeSTT: root - DEBUG - _audio_data_worker writing audio data into queue.
2025-04-15 15:56:11.538 - RealTimeSTT: root - DEBUG - _audio_data_worker writing audio data into queue.
2025-04-15 15:56:12.563 - RealTimeSTT: root - DEBUG - _audio_data_worker writing audio data into queue.
2025-04-15 15:56:13.587 - RealTimeSTT: root - DEBUG - _audio_data_worker writing audio data into queue.
2025-04-15 15:56:14.611 - RealTimeSTT: root - DEBUG - _audio_data_worker writing audio data into queue.
2025-04-15 15:56:15.634 - RealTimeSTT: root - DEBUG - _audio_data_worker writing audio data into queue.
2025-04-15 15:56:16.658 - RealTimeSTT: root - DEBUG - _audio_data_worker writing audio data into queue.
2025-04-15 15:56:17.682 - RealTimeSTT: root - DEBUG - _audio_data_worker writing audio data into queue.
2025-04-15 15:56:18.706 - RealTimeSTT: root - DEBUG - _audio_data_worker writing audio data into queue.
2025-04-15 15:56:19.731 - RealTimeSTT: root - DEBUG - _audio_data_worker writing audio data into queue.
2025-04-15 15:56:20.754 - RealTimeSTT: root - DEBUG - _audio_data_worker writing audio data into queue.
2025-04-15 15:56:21.778 - RealTimeSTT: root - DEBUG - _audio_data_worker writing audio data into queue.
2025-04-15 15:56:22.802 - RealTimeSTT: root - DEBUG - _audio_data_worker writing audio data into queue.
2025-04-15 15:56:23.826 - RealTimeSTT: root - DEBUG - _audio_data_worker writing audio data into queue.
2025-04-15 15:56:24.850 - RealTimeSTT: root - DEBUG - _audio_data_worker writing audio data into queue.
2025-04-15 15:56:25.875 - RealTimeSTT: root - DEBUG - _audio_data_worker writing audio data into queue.
2025-04-15 15:56:26.898 - RealTimeSTT: root - DEBUG - _audio_data_worker writing audio data into queue.
2025-04-15 15:56:27.923 - RealTimeSTT: root - DEBUG - _audio_data_worker writing audio data into queue.
2025-04-15 15:56:28.946 - RealTimeSTT: root - DEBUG - _audio_data_worker writing audio data into queue.
2025-04-15 15:56:29.971 - RealTimeSTT: root - DEBUG - _audio_data_worker writing audio data into queue.
2025-04-15 15:56:30.995 - RealTimeSTT: root - DEBUG - _audio_data_worker writing audio data into queue.
2025-04-15 15:56:32.019 - RealTimeSTT: root - DEBUG - _audio_data_worker writing audio data into queue.
2025-04-15 15:56:33.043 - RealTimeSTT: root - DEBUG - _audio_data_worker writing audio data into queue.
2025-04-15 15:56:34.066 - RealTimeSTT: root - DEBUG - _audio_data_worker writing audio data into queue.
2025-04-15 15:56:35.090 - RealTimeSTT: root - DEBUG - _audio_data_worker writing audio data into queue.
2025-04-15 15:56:36.115 - RealTimeSTT: root - DEBUG - _audio_data_worker writing audio data into queue.
2025-04-15 15:56:37.139 - RealTimeSTT: root - DEBUG - _audio_data_worker writing audio data into queue.
2025-04-15 15:56:38.163 - RealTimeSTT: root - DEBUG - _audio_data_worker writing audio data into queue.
2025-04-15 15:56:39.186 - RealTimeSTT: root - DEBUG - _audio_data_worker writing audio data into queue.
2025-04-15 15:56:40.210 - RealTimeSTT: root - DEBUG - _audio_data_worker writing audio data into queue.
2025-04-15 15:56:41.235 - RealTimeSTT: root - DEBUG - _audio_data_worker writing audio data into queue.
2025-04-15 15:56:42.258 - RealTimeSTT: root - DEBUG - _audio_data_worker writing audio data into queue.
2025-04-15 15:56:43.283 - RealTimeSTT: root - DEBUG - _audio_data_worker writing audio data into queue.
2025-04-15 15:56:44.307 - RealTimeSTT: root - DEBUG - _audio_data_worker writing audio data into queue.
2025-04-15 15:56:45.330 - RealTimeSTT: root - DEBUG - _audio_data_worker writing audio data into queue.
2025-04-15 15:56:46.355 - RealTimeSTT: root - DEBUG - _audio_data_worker writing audio data into queue.
2025-04-15 15:56:47.378 - RealTimeSTT: root - DEBUG - _audio_data_worker writing audio data into queue.
2025-04-15 15:56:48.402 - RealTimeSTT: root - DEBUG - _audio_data_worker writing audio data into queue.
2025-04-15 15:56:49.426 - RealTimeSTT: root - DEBUG - _audio_data_worker writing audio data into queue.
2025-04-15 15:56:50.451 - RealTimeSTT: root - DEBUG - _audio_data_worker writing audio data into queue.
2025-04-15 15:56:51.475 - RealTimeSTT: root - DEBUG - _audio_data_worker writing audio data into queue.
2025-04-15 15:56:52.499 - RealTimeSTT: root - DEBUG - _audio_data_worker writing audio data into queue.
2025-04-15 15:56:53.522 - RealTimeSTT: root - DEBUG - _audio_data_worker writing audio data into queue.
2025-04-15 15:56:54.547 - RealTimeSTT: root - DEBUG - _audio_data_worker writing audio data into queue.
2025-04-15 15:56:55.570 - RealTimeSTT: root - DEBUG - _audio_data_worker writing audio data into queue.
2025-04-15 15:56:56.595 - RealTimeSTT: root - DEBUG - _audio_data_worker writing audio data into queue.
2025-04-15 15:56:57.618 - RealTimeSTT: root - DEBUG - _audio_data_worker writing audio data into queue.
2025-04-15 15:56:58.643 - RealTimeSTT: root - DEBUG - _audio_data_worker writing audio data into queue.
2025-04-15 15:56:59.667 - RealTimeSTT: root - DEBUG - _audio_data_worker writing audio data into queue.
2025-04-15 15:57:00.690 - RealTimeSTT: root - DEBUG - _audio_data_worker writing audio data into queue.
2025-04-15 15:57:01.714 - RealTimeSTT: root - DEBUG - _audio_data_worker writing audio data into queue.
2025-04-15 15:57:02.738 - RealTimeSTT: root - DEBUG - _audio_data_worker writing audio data into queue.
2025-04-15 15:57:03.762 - RealTimeSTT: root - DEBUG - _audio_data_worker writing audio data into queue.
2025-04-15 15:57:04.787 - RealTimeSTT: root - DEBUG - _audio_data_worker writing audio data into queue.
2025-04-15 15:57:05.810 - RealTimeSTT: root - DEBUG - _audio_data_worker writing audio data into queue.
2025-04-15 15:57:06.834 - RealTimeSTT: root - DEBUG - _audio_data_worker writing audio data into queue.
2025-04-15 15:57:07.858 - RealTimeSTT: root - DEBUG - _audio_data_worker writing audio data into queue.
2025-04-15 15:57:08.882 - RealTimeSTT: root - DEBUG - _audio_data_worker writing audio data into queue.
2025-04-15 15:57:09.907 - RealTimeSTT: root - DEBUG - _audio_data_worker writing audio data into queue.
2025-04-15 15:57:10.931 - RealTimeSTT: root - DEBUG - _audio_data_worker writing audio data into queue.
2025-04-15 15:57:11.954 - RealTimeSTT: root - DEBUG - _audio_data_worker writing audio data into queue.
2025-04-15 15:57:12.979 - RealTimeSTT: root - DEBUG - _audio_data_worker writing audio data into queue.
2025-04-15 15:57:14.002 - RealTimeSTT: root - DEBUG - _audio_data_worker writing audio data into queue.
2025-04-15 15:57:15.027 - RealTimeSTT: root - DEBUG - _audio_data_worker writing audio data into queue.
2025-04-15 15:57:16.051 - RealTimeSTT: root - DEBUG - _audio_data_worker writing audio data into queue.
2025-04-15 15:57:17.075 - RealTimeSTT: root - DEBUG - _audio_data_worker writing audio data into queue.
2025-04-15 15:57:18.099 - RealTimeSTT: root - DEBUG - _audio_data_worker writing audio data into queue.
2025-04-15 15:57:19.123 - RealTimeSTT: root - DEBUG - _audio_data_worker writing audio data into queue.
2025-04-15 15:57:20.147 - RealTimeSTT: root - DEBUG - _audio_data_worker writing audio data into queue.
2025-04-15 15:57:21.170 - RealTimeSTT: root - DEBUG - _audio_data_worker writing audio data into queue.
2025-04-15 15:57:22.194 - RealTimeSTT: root - DEBUG - _audio_data_worker writing audio data into queue.
2025-04-15 15:57:23.218 - RealTimeSTT: root - DEBUG - _audio_data_worker writing audio data into queue.
2025-04-15 15:57:24.242 - RealTimeSTT: root - DEBUG - _audio_data_worker writing audio data into queue.
2025-04-15 15:57:25.265 - RealTimeSTT: root - DEBUG - _audio_data_worker writing audio data into queue.
2025-04-15 15:57:26.289 - RealTimeSTT: root - DEBUG - _audio_data_worker writing audio data into queue.
2025-04-15 15:57:27.313 - RealTimeSTT: root - DEBUG - _audio_data_worker writing audio data into queue.
2025-04-15 15:57:28.337 - RealTimeSTT: root - DEBUG - _audio_data_worker writing audio data into queue.
2025-04-15 15:57:29.362 - RealTimeSTT: root - DEBUG - _audio_data_worker writing audio data into queue.
2025-04-15 15:57:30.386 - RealTimeSTT: root - DEBUG - _audio_data_worker writing audio data into queue.
2025-04-15 15:57:31.409 - RealTimeSTT: root - DEBUG - _audio_data_worker writing audio data into queue.
2025-04-15 15:57:32.433 - RealTimeSTT: root - DEBUG - _audio_data_worker writing audio data into queue.
2025-04-15 15:57:33.458 - RealTimeSTT: root - DEBUG - _audio_data_worker writing audio data into queue.
2025-04-15 15:57:34.481 - RealTimeSTT: root - DEBUG - _audio_data_worker writing audio data into queue.
2025-04-15 15:57:35.505 - RealTimeSTT: root - DEBUG - _audio_data_worker writing audio data into queue.
2025-04-15 15:57:36.529 - RealTimeSTT: root - DEBUG - _audio_data_worker writing audio data into queue.
2025-04-15 15:57:37.553 - RealTimeSTT: root - DEBUG - _audio_data_worker writing audio data into queue.
2025-04-15 15:57:38.577 - RealTimeSTT: root - DEBUG - _audio_data_worker writing audio data into queue.
2025-04-15 15:57:39.601 - RealTimeSTT: root - DEBUG - _audio_data_worker writing audio data into queue.
2025-04-15 15:57:40.625 - RealTimeSTT: root - DEBUG - _audio_data_worker writing audio data into queue.
2025-04-15 15:57:41.649 - RealTimeSTT: root - DEBUG - _audio_data_worker writing audio data into queue.
2025-04-15 15:57:42.674 - RealTimeSTT: root - DEBUG - _audio_data_worker writing audio data into queue.
2025-04-15 15:57:43.697 - RealTimeSTT: root - DEBUG - _audio_data_worker writing audio data into queue.
2025-04-15 15:57:44.721 - RealTimeSTT: root - DEBUG - _audio_data_worker writing audio data into queue.
2025-04-15 15:57:45.746 - RealTimeSTT: root - DEBUG - _audio_data_worker writing audio data into queue.
2025-04-15 15:57:46.770 - RealTimeSTT: root - DEBUG - _audio_data_worker writing audio data into queue.
2025-04-15 15:57:47.794 - RealTimeSTT: root - DEBUG - _audio_data_worker writing audio data into queue.
2025-04-15 15:57:48.817 - RealTimeSTT: root - DEBUG - _audio_data_worker writing audio data into queue.
2025-04-15 15:57:49.841 - RealTimeSTT: root - DEBUG - _audio_data_worker writing audio data into queue.
2025-04-15 15:57:50.865 - RealTimeSTT: root - DEBUG - _audio_data_worker writing audio data into queue.
2025-04-15 15:57:51.889 - RealTimeSTT: root - DEBUG - _audio_data_worker writing audio data into queue.
2025-04-15 15:57:52.914 - RealTimeSTT: root - DEBUG - _audio_data_worker writing audio data into queue.
2025-04-15 15:57:53.937 - RealTimeSTT: root - DEBUG - _audio_data_worker writing audio data into queue.
2025-04-15 15:57:54.961 - RealTimeSTT: root - DEBUG - _audio_data_worker writing audio data into queue.
2025-04-15 15:57:55.986 - RealTimeSTT: root - DEBUG - _audio_data_worker writing audio data into queue.
2025-04-15 15:57:57.010 - RealTimeSTT: root - DEBUG - _audio_data_worker writing audio data into queue.
2025-04-15 15:57:58.033 - RealTimeSTT: root - DEBUG - _audio_data_worker writing audio data into queue.
2025-04-15 15:57:59.058 - RealTimeSTT: root - DEBUG - _audio_data_worker writing audio data into queue.
2025-04-15 15:58:00.082 - RealTimeSTT: root - DEBUG - _audio_data_worker writing audio data into queue.
2025-04-15 15:58:01.105 - RealTimeSTT: root - DEBUG - _audio_data_worker writing audio data into queue.
2025-04-15 15:58:02.129 - RealTimeSTT: root - DEBUG - _audio_data_worker writing audio data into queue.
2025-04-15 15:58:03.153 - RealTimeSTT: root - DEBUG - _audio_data_worker writing audio data into queue.
2025-04-15 15:58:04.177 - RealTimeSTT: root - DEBUG - _audio_data_worker writing audio data into queue.
2025-04-15 15:58:05.202 - RealTimeSTT: root - DEBUG - _audio_data_worker writing audio data into queue.
2025-04-15 15:58:06.225 - RealTimeSTT: root - DEBUG - _audio_data_worker writing audio data into queue.
2025-04-15 15:58:07.249 - RealTimeSTT: root - DEBUG - _audio_data_worker writing audio data into queue.
2025-04-15 15:58:08.273 - RealTimeSTT: root - DEBUG - _audio_data_worker writing audio data into queue.
2025-04-15 15:58:09.297 - RealTimeSTT: root - DEBUG - _audio_data_worker writing audio data into queue.
2025-04-15 15:58:10.321 - RealTimeSTT: root - DEBUG - _audio_data_worker writing audio data into queue.
2025-04-15 15:58:11.345 - RealTimeSTT: root - DEBUG - _audio_data_worker writing audio data into queue.
2025-04-15 15:58:12.369 - RealTimeSTT: root - DEBUG - _audio_data_worker writing audio data into queue.
2025-04-15 15:58:13.394 - RealTimeSTT: root - DEBUG - _audio_data_worker writing audio data into queue.
2025-04-15 15:58:14.418 - RealTimeSTT: root - DEBUG - _audio_data_worker writing audio data into queue.
2025-04-15 15:58:15.442 - RealTimeSTT: root - DEBUG - _audio_data_worker writing audio data into queue.
2025-04-15 15:58:16.466 - RealTimeSTT: root - DEBUG - _audio_data_worker writing audio data into queue.
2025-04-15 15:58:17.489 - RealTimeSTT: root - DEBUG - _audio_data_worker writing audio data into queue.
2025-04-15 15:58:18.514 - RealTimeSTT: root - DEBUG - _audio_data_worker writing audio data into queue.
2025-04-15 15:58:19.538 - RealTimeSTT: root - DEBUG - _audio_data_worker writing audio data into queue.
2025-04-15 15:58:20.561 - RealTimeSTT: root - DEBUG - _audio_data_worker writing audio data into queue.
2025-04-15 15:58:21.585 - RealTimeSTT: root - DEBUG - _audio_data_worker writing audio data into queue.
2025-04-15 15:58:22.610 - RealTimeSTT: root - DEBUG - _audio_data_worker writing audio data into queue.
2025-04-15 15:58:23.634 - RealTimeSTT: root - DEBUG - _audio_data_worker writing audio data into queue.
2025-04-15 15:58:24.658 - RealTimeSTT: root - DEBUG - _audio_data_worker writing audio data into queue.
2025-04-15 15:58:25.681 - RealTimeSTT: root - DEBUG - _audio_data_worker writing audio data into queue.
2025-04-15 15:58:26.706 - RealTimeSTT: root - DEBUG - _audio_data_worker writing audio data into queue.
2025-04-15 15:58:27.730 - RealTimeSTT: root - DEBUG - _audio_data_worker writing audio data into queue.
2025-04-15 15:58:28.753 - RealTimeSTT: root - DEBUG - _audio_data_worker writing audio data into queue.
2025-04-15 15:58:29.778 - RealTimeSTT: root - DEBUG - _audio_data_worker writing audio data into queue.
2025-04-15 15:58:30.801 - RealTimeSTT: root - DEBUG - _audio_data_worker writing audio data into queue.
2025-04-15 15:58:31.825 - RealTimeSTT: root - DEBUG - _audio_data_worker writing audio data into queue.
2025-04-15 15:58:32.849 - RealTimeSTT: root - DEBUG - _audio_data_worker writing audio data into queue.
2025-04-15 15:58:33.873 - RealTimeSTT: root - DEBUG - _audio_data_worker writing audio data into queue.
2025-04-15 15:58:34.898 - RealTimeSTT: root - DEBUG - _audio_data_worker writing audio data into queue.
2025-04-15 15:58:35.922 - RealTimeSTT: root - DEBUG - _audio_data_worker writing audio data into queue.
2025-04-15 15:58:36.946 - RealTimeSTT: root - DEBUG - _audio_data_worker writing audio data into queue.
2025-04-15 15:58:37.969 - RealTimeSTT: root - DEBUG - _audio_data_worker writing audio data into queue.
2025-04-15 15:58:38.993 - RealTimeSTT: root - DEBUG - _audio_data_worker writing audio data into queue.
2025-04-15 15:58:40.017 - RealTimeSTT: root - DEBUG - _audio_data_worker writing audio data into queue.
2025-04-15 15:58:41.041 - RealTimeSTT: root - DEBUG - _audio_data_worker writing audio data into queue.
2025-04-15 15:58:42.065 - RealTimeSTT: root - DEBUG - _audio_data_worker writing audio data into queue.
2025-04-15 15:58:43.090 - RealTimeSTT: root - DEBUG - _audio_data_worker writing audio data into queue.
2025-04-15 15:58:44.113 - RealTimeSTT: root - DEBUG - _audio_data_worker writing audio data into queue.
2025-04-15 15:58:45.138 - RealTimeSTT: root - DEBUG - _audio_data_worker writing audio data into queue.
2025-04-15 15:58:46.161 - RealTimeSTT: root - DEBUG - _audio_data_worker writing audio data into queue.
2025-04-15 15:58:47.186 - RealTimeSTT: root - DEBUG - _audio_data_worker writing audio data into queue.
2025-04-15 15:58:48.210 - RealTimeSTT: root - DEBUG - _audio_data_worker writing audio data into queue.
2025-04-15 15:58:49.233 - RealTimeSTT: root - DEBUG - _audio_data_worker writing audio data into queue.
2025-04-15 15:58:50.257 - RealTimeSTT: root - DEBUG - _audio_data_worker writing audio data into queue.
2025-04-15 15:58:51.282 - RealTimeSTT: root - DEBUG - _audio_data_worker writing audio data into queue.
2025-04-15 15:58:52.306 - RealTimeSTT: root - DEBUG - _audio_data_worker writing audio data into queue.
2025-04-15 15:58:53.329 - RealTimeSTT: root - DEBUG - _audio_data_worker writing audio data into queue.
2025-04-15 15:58:54.353 - RealTimeSTT: root - DEBUG - _audio_data_worker writing audio data into queue.
2025-04-15 15:58:55.378 - RealTimeSTT: root - DEBUG - _audio_data_worker writing audio data into queue.
2025-04-15 15:58:56.401 - RealTimeSTT: root - DEBUG - _audio_data_worker writing audio data into queue.
2025-04-15 15:58:57.425 - RealTimeSTT: root - DEBUG - _audio_data_worker writing audio data into queue.
2025-04-15 15:58:58.449 - RealTimeSTT: root - DEBUG - _audio_data_worker writing audio data into queue.
2025-04-15 15:58:59.473 - RealTimeSTT: root - DEBUG - _audio_data_worker writing audio data into queue.
2025-04-15 15:59:00.498 - RealTimeSTT: root - DEBUG - _audio_data_worker writing audio data into queue.
2025-04-15 15:59:01.522 - RealTimeSTT: root - DEBUG - _audio_data_worker writing audio data into queue.
2025-04-15 15:59:02.546 - RealTimeSTT: root - DEBUG - _audio_data_worker writing audio data into queue.
2025-04-15 15:59:03.570 - RealTimeSTT: root - DEBUG - _audio_data_worker writing audio data into queue.
2025-04-15 15:59:04.593 - RealTimeSTT: root - DEBUG - _audio_data_worker writing audio data into queue.
2025-04-15 15:59:05.617 - RealTimeSTT: root - DEBUG - _audio_data_worker writing audio data into queue.
2025-04-15 15:59:06.641 - RealTimeSTT: root - DEBUG - _audio_data_worker writing audio data into queue.
2025-04-15 15:59:07.665 - RealTimeSTT: root - DEBUG - _audio_data_worker writing audio data into queue.
2025-04-15 15:59:08.690 - RealTimeSTT: root - DEBUG - _audio_data_worker writing audio data into queue.
2025-04-15 15:59:09.714 - RealTimeSTT: root - DEBUG - _audio_data_worker writing audio data into queue.
2025-04-15 15:59:10.737 - RealTimeSTT: root - DEBUG - _audio_data_worker writing audio data into queue.
2025-04-15 15:59:11.761 - RealTimeSTT: root - DEBUG - _audio_data_worker writing audio data into queue.
2025-04-15 15:59:12.786 - RealTimeSTT: root - DEBUG - _audio_data_worker writing audio data into queue.
2025-04-15 15:59:13.810 - RealTimeSTT: root - DEBUG - _audio_data_worker writing audio data into queue.
2025-04-15 15:59:14.833 - RealTimeSTT: root - DEBUG - _audio_data_worker writing audio data into queue.
2025-04-15 15:59:15.858 - RealTimeSTT: root - DEBUG - _audio_data_worker writing audio data into queue.
2025-04-15 15:59:16.882 - RealTimeSTT: root - DEBUG - _audio_data_worker writing audio data into queue.
2025-04-15 15:59:17.906 - RealTimeSTT: root - DEBUG - _audio_data_worker writing audio data into queue.
2025-04-15 15:59:18.929 - RealTimeSTT: root - DEBUG - _audio_data_worker writing audio data into queue.
2025-04-15 15:59:19.954 - RealTimeSTT: root - DEBUG - _audio_data_worker writing audio data into queue.
2025-04-15 15:59:20.977 - RealTimeSTT: root - DEBUG - _audio_data_worker writing audio data into queue.
2025-04-15 15:59:22.002 - RealTimeSTT: root - DEBUG - _audio_data_worker writing audio data into queue.
2025-04-15 15:59:23.026 - RealTimeSTT: root - DEBUG - _audio_data_worker writing audio data into queue.
2025-04-15 15:59:24.050 - RealTimeSTT: root - DEBUG - _audio_data_worker writing audio data into queue.
2025-04-15 15:59:25.074 - RealTimeSTT: root - DEBUG - _audio_data_worker writing audio data into queue.
2025-04-15 15:59:26.097 - RealTimeSTT: root - DEBUG - _audio_data_worker writing audio data into queue.
2025-04-15 15:59:27.121 - RealTimeSTT: root - DEBUG - _audio_data_worker writing audio data into queue.
2025-04-15 15:59:28.146 - RealTimeSTT: root - DEBUG - _audio_data_worker writing audio data into queue.
2025-04-15 15:59:29.169 - RealTimeSTT: root - DEBUG - _audio_data_worker writing audio data into queue.
2025-04-15 15:59:30.193 - RealTimeSTT: root - DEBUG - _audio_data_worker writing audio data into queue.
2025-04-15 15:59:31.218 - RealTimeSTT: root - DEBUG - _audio_data_worker writing audio data into queue.
2025-04-15 15:59:32.241 - RealTimeSTT: root - DEBUG - _audio_data_worker writing audio data into queue.
2025-04-15 15:59:33.265 - RealTimeSTT: root - DEBUG - _audio_data_worker writing audio data into queue.
2025-04-15 15:59:34.290 - RealTimeSTT: root - DEBUG - _audio_data_worker writing audio data into queue.
2025-04-15 15:59:35.314 - RealTimeSTT: root - DEBUG - _audio_data_worker writing audio data into queue.
2025-04-15 15:59:36.338 - RealTimeSTT: root - DEBUG - _audio_data_worker writing audio data into queue.
2025-04-15 15:59:37.361 - RealTimeSTT: root - DEBUG - _audio_data_worker writing audio data into queue.
2025-04-15 15:59:38.386 - RealTimeSTT: root - DEBUG - _audio_data_worker writing audio data into queue.
2025-04-15 15:59:39.409 - RealTimeSTT: root - DEBUG - _audio_data_worker writing audio data into queue.
2025-04-15 15:59:40.434 - RealTimeSTT: root - DEBUG - _audio_data_worker writing audio data into queue.
2025-04-15 15:59:41.458 - RealTimeSTT: root - DEBUG - _audio_data_worker writing audio data into queue.
2025-04-15 15:59:42.481 - RealTimeSTT: root - DEBUG - _audio_data_worker writing audio data into queue.
2025-04-15 15:59:43.506 - RealTimeSTT: root - DEBUG - _audio_data_worker writing audio data into queue.
2025-04-15 15:59:44.530 - RealTimeSTT: root - DEBUG - _audio_data_worker writing audio data into queue.
2025-04-15 15:59:45.554 - RealTimeSTT: root - DEBUG - _audio_data_worker writing audio data into queue.
2025-04-15 15:59:46.577 - RealTimeSTT: root - DEBUG - _audio_data_worker writing audio data into queue.
2025-04-15 15:59:47.601 - RealTimeSTT: root - DEBUG - _audio_data_worker writing audio data into queue.
2025-04-15 15:59:48.625 - RealTimeSTT: root - DEBUG - _audio_data_worker writing audio data into queue.
2025-04-15 15:59:49.649 - RealTimeSTT: root - DEBUG - _audio_data_worker writing audio data into queue.
2025-04-15 15:59:50.673 - RealTimeSTT: root - DEBUG - _audio_data_worker writing audio data into queue.
2025-04-15 15:59:51.697 - RealTimeSTT: root - DEBUG - _audio_data_worker writing audio data into queue.
2025-04-15 15:59:52.721 - RealTimeSTT: root - DEBUG - _audio_data_worker writing audio data into queue.
2025-04-15 15:59:53.746 - RealTimeSTT: root - DEBUG - _audio_data_worker writing audio data into queue.
2025-04-15 15:59:54.770 - RealTimeSTT: root - DEBUG - _audio_data_worker writing audio data into queue.
2025-04-15 15:59:55.794 - RealTimeSTT: root - DEBUG - _audio_data_worker writing audio data into queue.
2025-04-15 15:59:56.817 - RealTimeSTT: root - DEBUG - _audio_data_worker writing audio data into queue.
2025-04-15 15:59:57.841 - RealTimeSTT: root - DEBUG - _audio_data_worker writing audio data into queue.
2025-04-15 15:59:58.865 - RealTimeSTT: root - DEBUG - _audio_data_worker writing audio data into queue.
2025-04-15 15:59:59.889 - RealTimeSTT: root - DEBUG - _audio_data_worker writing audio data into queue.
2025-04-15 16:00:00.913 - RealTimeSTT: root - DEBUG - _audio_data_worker writing audio data into queue.
2025-04-15 16:00:01.937 - RealTimeSTT: root - DEBUG - _audio_data_worker writing audio data into queue.
2025-04-15 16:00:02.961 - RealTimeSTT: root - DEBUG - _audio_data_worker writing audio data into queue.
2025-04-15 16:00:03.985 - RealTimeSTT: root - DEBUG - _audio_data_worker writing audio data into queue.
2025-04-15 16:00:05.009 - RealTimeSTT: root - DEBUG - _audio_data_worker writing audio data into queue.
2025-04-15 16:00:06.033 - RealTimeSTT: root - DEBUG - _audio_data_worker writing audio data into queue.
2025-04-15 16:00:07.058 - RealTimeSTT: root - DEBUG - _audio_data_worker writing audio data into queue.
2025-04-15 16:00:08.081 - RealTimeSTT: root - DEBUG - _audio_data_worker writing audio data into queue.
2025-04-15 16:00:09.106 - RealTimeSTT: root - DEBUG - _audio_data_worker writing audio data into queue.
2025-04-15 16:00:10.129 - RealTimeSTT: root - DEBUG - _audio_data_worker writing audio data into queue.
2025-04-15 16:00:11.153 - RealTimeSTT: root - DEBUG - _audio_data_worker writing audio data into queue.
2025-04-15 16:00:12.177 - RealTimeSTT: root - DEBUG - _audio_data_worker writing audio data into queue.
2025-04-15 16:00:13.201 - RealTimeSTT: root - DEBUG - _audio_data_worker writing audio data into queue.
2025-04-15 16:00:14.225 - RealTimeSTT: root - DEBUG - _audio_data_worker writing audio data into queue.
2025-04-15 16:00:15.249 - RealTimeSTT: root - DEBUG - _audio_data_worker writing audio data into queue.
2025-04-15 16:00:16.274 - RealTimeSTT: root - DEBUG - _audio_data_worker writing audio data into queue.
2025-04-15 16:00:17.297 - RealTimeSTT: root - DEBUG - _audio_data_worker writing audio data into queue.
2025-04-15 16:00:18.321 - RealTimeSTT: root - DEBUG - _audio_data_worker writing audio data into queue.
2025-04-15 16:00:19.345 - RealTimeSTT: root - DEBUG - _audio_data_worker writing audio data into queue.
2025-04-15 16:00:20.369 - RealTimeSTT: root - DEBUG - _audio_data_worker writing audio data into queue.
2025-04-15 16:00:21.392 - RealTimeSTT: root - DEBUG - _audio_data_worker writing audio data into queue.
2025-04-15 16:00:22.416 - RealTimeSTT: root - DEBUG - _audio_data_worker writing audio data into queue.
2025-04-15 16:00:23.440 - RealTimeSTT: root - DEBUG - _audio_data_worker writing audio data into queue.
2025-04-15 16:00:24.465 - RealTimeSTT: root - DEBUG - _audio_data_worker writing audio data into queue.
2025-04-15 16:00:25.489 - RealTimeSTT: root - DEBUG - _audio_data_worker writing audio data into queue.
2025-04-15 16:00:26.512 - RealTimeSTT: root - DEBUG - _audio_data_worker writing audio data into queue.
2025-04-15 16:00:27.536 - RealTimeSTT: root - DEBUG - _audio_data_worker writing audio data into queue.
2025-04-15 16:00:28.560 - RealTimeSTT: root - DEBUG - _audio_data_worker writing audio data into queue.
2025-04-15 16:00:29.584 - RealTimeSTT: root - DEBUG - _audio_data_worker writing audio data into queue.
2025-04-15 16:00:30.608 - RealTimeSTT: root - DEBUG - _audio_data_worker writing audio data into queue.
2025-04-15 16:00:31.632 - RealTimeSTT: root - DEBUG - _audio_data_worker writing audio data into queue.
2025-04-15 16:00:32.656 - RealTimeSTT: root - DEBUG - _audio_data_worker writing audio data into queue.
2025-04-15 16:00:33.680 - RealTimeSTT: root - DEBUG - _audio_data_worker writing audio data into queue.
2025-04-15 16:00:34.705 - RealTimeSTT: root - DEBUG - _audio_data_worker writing audio data into queue.
2025-04-15 16:00:35.728 - RealTimeSTT: root - DEBUG - _audio_data_worker writing audio data into queue.
2025-04-15 16:00:36.752 - RealTimeSTT: root - DEBUG - _audio_data_worker writing audio data into queue.
2025-04-15 16:00:37.776 - RealTimeSTT: root - DEBUG - _audio_data_worker writing audio data into queue.
2025-04-15 16:00:38.800 - RealTimeSTT: root - DEBUG - _audio_data_worker writing audio data into queue.
2025-04-15 16:00:39.824 - RealTimeSTT: root - DEBUG - _audio_data_worker writing audio data into queue.
2025-04-15 16:00:40.849 - RealTimeSTT: root - DEBUG - _audio_data_worker writing audio data into queue.
2025-04-15 16:00:41.872 - RealTimeSTT: root - DEBUG - _audio_data_worker writing audio data into queue.
2025-04-15 16:00:42.897 - RealTimeSTT: root - DEBUG - _audio_data_worker writing audio data into queue.
2025-04-15 16:00:43.920 - RealTimeSTT: root - DEBUG - _audio_data_worker writing audio data into queue.
2025-04-15 16:00:44.944 - RealTimeSTT: root - DEBUG - _audio_data_worker writing audio data into queue.
2025-04-15 16:00:45.968 - RealTimeSTT: root - DEBUG - _audio_data_worker writing audio data into queue.
2025-04-15 16:00:46.992 - RealTimeSTT: root - DEBUG - _audio_data_worker writing audio data into queue.
2025-04-15 16:00:48.016 - RealTimeSTT: root - DEBUG - _audio_data_worker writing audio data into queue.
2025-04-15 16:00:49.041 - RealTimeSTT: root - DEBUG - _audio_data_worker writing audio data into queue.
2025-04-15 16:00:50.064 - RealTimeSTT: root - DEBUG - _audio_data_worker writing audio data into queue.
2025-04-15 16:00:51.088 - RealTimeSTT: root - DEBUG - _audio_data_worker writing audio data into queue.
2025-04-15 16:00:52.113 - RealTimeSTT: root - DEBUG - _audio_data_worker writing audio data into queue.
2025-04-15 16:00:53.136 - RealTimeSTT: root - DEBUG - _audio_data_worker writing audio data into queue.
2025-04-15 16:00:54.160 - RealTimeSTT: root - DEBUG - _audio_data_worker writing audio data into queue.
2025-04-15 16:00:55.185 - RealTimeSTT: root - DEBUG - _audio_data_worker writing audio data into queue.
2025-04-15 16:00:56.208 - RealTimeSTT: root - DEBUG - _audio_data_worker writing audio data into queue.
2025-04-15 16:00:57.232 - RealTimeSTT: root - DEBUG - _audio_data_worker writing audio data into queue.
2025-04-15 16:00:58.257 - RealTimeSTT: root - DEBUG - _audio_data_worker writing audio data into queue.
2025-04-15 16:00:59.280 - RealTimeSTT: root - DEBUG - _audio_data_worker writing audio data into queue.
2025-04-15 16:01:00.304 - RealTimeSTT: root - DEBUG - _audio_data_worker writing audio data into queue.
2025-04-15 16:01:01.328 - RealTimeSTT: root - DEBUG - _audio_data_worker writing audio data into queue.
2025-04-15 16:01:02.352 - RealTimeSTT: root - DEBUG - _audio_data_worker writing audio data into queue.
2025-04-15 16:01:03.376 - RealTimeSTT: root - DEBUG - _audio_data_worker writing audio data into queue.
2025-04-15 16:01:04.400 - RealTimeSTT: root - DEBUG - _audio_data_worker writing audio data into queue.
2025-04-15 16:01:05.424 - RealTimeSTT: root - DEBUG - _audio_data_worker writing audio data into queue.
2025-04-15 16:01:06.448 - RealTimeSTT: root - DEBUG - _audio_data_worker writing audio data into queue.
2025-04-15 16:01:07.472 - RealTimeSTT: root - DEBUG - _audio_data_worker writing audio data into queue.
2025-04-15 16:01:08.496 - RealTimeSTT: root - DEBUG - _audio_data_worker writing audio data into queue.
2025-04-15 16:01:09.520 - RealTimeSTT: root - DEBUG - _audio_data_worker writing audio data into queue.
2025-04-15 16:01:10.544 - RealTimeSTT: root - DEBUG - _audio_data_worker writing audio data into queue.
2025-04-15 16:01:11.568 - RealTimeSTT: root - DEBUG - _audio_data_worker writing audio data into queue.
2025-04-15 16:01:12.592 - RealTimeSTT: root - DEBUG - _audio_data_worker writing audio data into queue.
2025-04-15 16:01:13.616 - RealTimeSTT: root - DEBUG - _audio_data_worker writing audio data into queue.
2025-04-15 16:01:14.640 - RealTimeSTT: root - DEBUG - _audio_data_worker writing audio data into queue.
2025-04-15 16:01:15.664 - RealTimeSTT: root - DEBUG - _audio_data_worker writing audio data into queue.
2025-04-15 16:01:16.688 - RealTimeSTT: root - DEBUG - _audio_data_worker writing audio data into queue.
2025-04-15 16:01:17.712 - RealTimeSTT: root - DEBUG - _audio_data_worker writing audio data into queue.
2025-04-15 16:01:18.736 - RealTimeSTT: root - DEBUG - _audio_data_worker writing audio data into queue.
2025-04-15 16:01:19.760 - RealTimeSTT: root - DEBUG - _audio_data_worker writing audio data into queue.
2025-04-15 16:01:20.785 - RealTimeSTT: root - DEBUG - _audio_data_worker writing audio data into queue.
2025-04-15 16:01:21.808 - RealTimeSTT: root - DEBUG - _audio_data_worker writing audio data into queue.
2025-04-15 16:01:22.832 - RealTimeSTT: root - DEBUG - _audio_data_worker writing audio data into queue.
2025-04-15 16:01:23.856 - RealTimeSTT: root - DEBUG - _audio_data_worker writing audio data into queue.
2025-04-15 16:01:24.880 - RealTimeSTT: root - DEBUG - _audio_data_worker writing audio data into queue.
2025-04-15 16:01:25.904 - RealTimeSTT: root - DEBUG - _audio_data_worker writing audio data into queue.
2025-04-15 16:01:26.928 - RealTimeSTT: root - DEBUG - _audio_data_worker writing audio data into queue.
2025-04-15 16:01:27.952 - RealTimeSTT: root - DEBUG - _audio_data_worker writing audio data into queue.
2025-04-15 16:01:28.976 - RealTimeSTT: root - DEBUG - _audio_data_worker writing audio data into queue.
2025-04-15 16:01:30.000 - RealTimeSTT: root - DEBUG - _audio_data_worker writing audio data into queue.
2025-04-15 16:01:31.024 - RealTimeSTT: root - DEBUG - _audio_data_worker writing audio data into queue.
2025-04-15 16:01:32.048 - RealTimeSTT: root - DEBUG - _audio_data_worker writing audio data into queue.
2025-04-15 16:01:33.072 - RealTimeSTT: root - DEBUG - _audio_data_worker writing audio data into queue.
2025-04-15 16:01:34.096 - RealTimeSTT: root - DEBUG - _audio_data_worker writing audio data into queue.
2025-04-15 16:01:35.120 - RealTimeSTT: root - DEBUG - _audio_data_worker writing audio data into queue.
2025-04-15 16:01:36.144 - RealTimeSTT: root - DEBUG - _audio_data_worker writing audio data into queue.
2025-04-15 16:01:37.168 - RealTimeSTT: root - DEBUG - _audio_data_worker writing audio data into queue.
2025-04-15 16:01:38.192 - RealTimeSTT: root - DEBUG - _audio_data_worker writing audio data into queue.
2025-04-15 16:01:39.216 - RealTimeSTT: root - DEBUG - _audio_data_worker writing audio data into queue.
2025-04-15 16:01:40.240 - RealTimeSTT: root - DEBUG - _audio_data_worker writing audio data into queue.
2025-04-15 16:01:41.264 - RealTimeSTT: root - DEBUG - _audio_data_worker writing audio data into queue.
2025-04-15 16:01:42.288 - RealTimeSTT: root - DEBUG - _audio_data_worker writing audio data into queue.
2025-04-15 16:01:43.312 - RealTimeSTT: root - DEBUG - _audio_data_worker writing audio data into queue.
2025-04-15 16:01:44.336 - RealTimeSTT: root - DEBUG - _audio_data_worker writing audio data into queue.
2025-04-15 16:01:45.360 - RealTimeSTT: root - DEBUG - _audio_data_worker writing audio data into queue.
2025-04-15 16:01:46.384 - RealTimeSTT: root - DEBUG - _audio_data_worker writing audio data into queue.
2025-04-15 16:01:47.408 - RealTimeSTT: root - DEBUG - _audio_data_worker writing audio data into queue.
2025-04-15 16:01:48.432 - RealTimeSTT: root - DEBUG - _audio_data_worker writing audio data into queue.
2025-04-15 16:01:49.456 - RealTimeSTT: root - DEBUG - _audio_data_worker writing audio data into queue.
2025-04-15 16:01:50.480 - RealTimeSTT: root - DEBUG - _audio_data_worker writing audio data into queue.
2025-04-15 16:01:51.504 - RealTimeSTT: root - DEBUG - _audio_data_worker writing audio data into queue.
2025-04-15 16:01:52.528 - RealTimeSTT: root - DEBUG - _audio_data_worker writing audio data into queue.
2025-04-15 16:01:53.552 - RealTimeSTT: root - DEBUG - _audio_data_worker writing audio data into queue.
2025-04-15 16:01:54.576 - RealTimeSTT: root - DEBUG - _audio_data_worker writing audio data into queue.
2025-04-15 16:01:55.600 - RealTimeSTT: root - DEBUG - _audio_data_worker writing audio data into queue.
2025-04-15 16:01:56.624 - RealTimeSTT: root - DEBUG - _audio_data_worker writing audio data into queue.
2025-04-15 16:01:57.648 - RealTimeSTT: root - DEBUG - _audio_data_worker writing audio data into queue.
2025-04-15 16:01:58.672 - RealTimeSTT: root - DEBUG - _audio_data_worker writing audio data into queue.
2025-04-15 16:01:59.696 - RealTimeSTT: root - DEBUG - _audio_data_worker writing audio data into queue.
2025-04-15 16:02:00.720 - RealTimeSTT: root - DEBUG - _audio_data_worker writing audio data into queue.
2025-04-15 16:02:01.744 - RealTimeSTT: root - DEBUG - _audio_data_worker writing audio data into queue.
2025-04-15 16:02:02.768 - RealTimeSTT: root - DEBUG - _audio_data_worker writing audio data into queue.
2025-04-15 16:02:03.792 - RealTimeSTT: root - DEBUG - _audio_data_worker writing audio data into queue.
2025-04-15 16:02:04.816 - RealTimeSTT: root - DEBUG - _audio_data_worker writing audio data into queue.
2025-04-15 16:02:05.840 - RealTimeSTT: root - DEBUG - _audio_data_worker writing audio data into queue.
2025-04-15 16:02:06.864 - RealTimeSTT: root - DEBUG - _audio_data_worker writing audio data into queue.
2025-04-15 16:02:07.888 - RealTimeSTT: root - DEBUG - _audio_data_worker writing audio data into queue.
2025-04-15 16:02:08.912 - RealTimeSTT: root - DEBUG - _audio_data_worker writing audio data into queue.
2025-04-15 16:02:09.936 - RealTimeSTT: root - DEBUG - _audio_data_worker writing audio data into queue.
2025-04-15 16:02:10.960 - RealTimeSTT: root - DEBUG - _audio_data_worker writing audio data into queue.
2025-04-15 16:02:11.984 - RealTimeSTT: root - DEBUG - _audio_data_worker writing audio data into queue.
2025-04-15 16:02:13.008 - RealTimeSTT: root - DEBUG - _audio_data_worker writing audio data into queue.
2025-04-15 16:02:14.032 - RealTimeSTT: root - DEBUG - _audio_data_worker writing audio data into queue.
2025-04-15 16:02:15.056 - RealTimeSTT: root - DEBUG - _audio_data_worker writing audio data into queue.
2025-04-15 16:02:16.080 - RealTimeSTT: root - DEBUG - _audio_data_worker writing audio data into queue.
2025-04-15 16:02:17.104 - RealTimeSTT: root - DEBUG - _audio_data_worker writing audio data into queue.
2025-04-15 16:02:18.128 - RealTimeSTT: root - DEBUG - _audio_data_worker writing audio data into queue.
2025-04-15 16:02:19.152 - RealTimeSTT: root - DEBUG - _audio_data_worker writing audio data into queue.
2025-04-15 16:02:20.176 - RealTimeSTT: root - DEBUG - _audio_data_worker writing audio data into queue.
2025-04-15 16:02:21.200 - RealTimeSTT: root - DEBUG - _audio_data_worker writing audio data into queue.
2025-04-15 16:02:22.224 - RealTimeSTT: root - DEBUG - _audio_data_worker writing audio data into queue.
2025-04-15 16:02:23.248 - RealTimeSTT: root - DEBUG - _audio_data_worker writing audio data into queue.
2025-04-15 16:02:24.272 - RealTimeSTT: root - DEBUG - _audio_data_worker writing audio data into queue.
2025-04-15 16:02:25.296 - RealTimeSTT: root - DEBUG - _audio_data_worker writing audio data into queue.
2025-04-15 16:02:26.320 - RealTimeSTT: root - DEBUG - _audio_data_worker writing audio data into queue.
2025-04-15 16:02:27.344 - RealTimeSTT: root - DEBUG - _audio_data_worker writing audio data into queue.
2025-04-15 16:02:28.368 - RealTimeSTT: root - DEBUG - _audio_data_worker writing audio data into queue.
2025-04-15 16:02:29.392 - RealTimeSTT: root - DEBUG - _audio_data_worker writing audio data into queue.
2025-04-15 16:02:30.416 - RealTimeSTT: root - DEBUG - _audio_data_worker writing audio data into queue.
2025-04-15 16:02:31.440 - RealTimeSTT: root - DEBUG - _audio_data_worker writing audio data into queue.
2025-04-15 16:02:32.464 - RealTimeSTT: root - DEBUG - _audio_data_worker writing audio data into queue.
2025-04-15 16:02:33.488 - RealTimeSTT: root - DEBUG - _audio_data_worker writing audio data into queue.
2025-04-15 16:02:34.512 - RealTimeSTT: root - DEBUG - _audio_data_worker writing audio data into queue.
2025-04-15 16:02:35.536 - RealTimeSTT: root - DEBUG - _audio_data_worker writing audio data into queue.
2025-04-15 16:02:36.560 - RealTimeSTT: root - DEBUG - _audio_data_worker writing audio data into queue.
2025-04-15 16:02:37.584 - RealTimeSTT: root - DEBUG - _audio_data_worker writing audio data into queue.
2025-04-15 16:02:38.608 - RealTimeSTT: root - DEBUG - _audio_data_worker writing audio data into queue.
2025-04-15 16:02:39.632 - RealTimeSTT: root - DEBUG - _audio_data_worker writing audio data into queue.
2025-04-15 16:02:40.656 - RealTimeSTT: root - DEBUG - _audio_data_worker writing audio data into queue.
2025-04-15 16:02:41.680 - RealTimeSTT: root - DEBUG - _audio_data_worker writing audio data into queue.
2025-04-15 16:02:42.705 - RealTimeSTT: root - DEBUG - _audio_data_worker writing audio data into queue.
2025-04-15 16:02:43.728 - RealTimeSTT: root - DEBUG - _audio_data_worker writing audio data into queue.
2025-04-15 16:02:44.752 - RealTimeSTT: root - DEBUG - _audio_data_worker writing audio data into queue.
2025-04-15 16:02:45.776 - RealTimeSTT: root - DEBUG - _audio_data_worker writing audio data into queue.
2025-04-15 16:02:46.800 - RealTimeSTT: root - DEBUG - _audio_data_worker writing audio data into queue.
2025-04-15 16:02:47.824 - RealTimeSTT: root - DEBUG - _audio_data_worker writing audio data into queue.
2025-04-15 16:02:48.848 - RealTimeSTT: root - DEBUG - _audio_data_worker writing audio data into queue.
2025-04-15 16:02:49.872 - RealTimeSTT: root - DEBUG - _audio_data_worker writing audio data into queue.
2025-04-15 16:02:50.896 - RealTimeSTT: root - DEBUG - _audio_data_worker writing audio data into queue.
2025-04-15 16:02:51.920 - RealTimeSTT: root - DEBUG - _audio_data_worker writing audio data into queue.
2025-04-15 16:02:52.944 - RealTimeSTT: root - DEBUG - _audio_data_worker writing audio data into queue.
2025-04-15 16:02:53.968 - RealTimeSTT: root - DEBUG - _audio_data_worker writing audio data into queue.
2025-04-15 16:02:54.992 - RealTimeSTT: root - DEBUG - _audio_data_worker writing audio data into queue.
2025-04-15 16:02:56.016 - RealTimeSTT: root - DEBUG - _audio_data_worker writing audio data into queue.
2025-04-15 16:02:57.040 - RealTimeSTT: root - DEBUG - _audio_data_worker writing audio data into queue.
2025-04-15 16:02:58.064 - RealTimeSTT: root - DEBUG - _audio_data_worker writing audio data into queue.
2025-04-15 16:02:59.088 - RealTimeSTT: root - DEBUG - _audio_data_worker writing audio data into queue.
2025-04-15 16:03:00.112 - RealTimeSTT: root - DEBUG - _audio_data_worker writing audio data into queue.
2025-04-15 16:03:01.136 - RealTimeSTT: root - DEBUG - _audio_data_worker writing audio data into queue.
2025-04-15 16:03:02.160 - RealTimeSTT: root - DEBUG - _audio_data_worker writing audio data into queue.
2025-04-15 16:03:03.184 - RealTimeSTT: root - DEBUG - _audio_data_worker writing audio data into queue.
2025-04-15 16:03:04.208 - RealTimeSTT: root - DEBUG - _audio_data_worker writing audio data into queue.
2025-04-15 16:03:05.232 - RealTimeSTT: root - DEBUG - _audio_data_worker writing audio data into queue.
2025-04-15 16:03:06.256 - RealTimeSTT: root - DEBUG - _audio_data_worker writing audio data into queue.
2025-04-15 16:03:07.280 - RealTimeSTT: root - DEBUG - _audio_data_worker writing audio data into queue.
2025-04-15 16:03:08.304 - RealTimeSTT: root - DEBUG - _audio_data_worker writing audio data into queue.
2025-04-15 16:03:09.328 - RealTimeSTT: root - DEBUG - _audio_data_worker writing audio data into queue.
2025-04-15 16:03:10.352 - RealTimeSTT: root - DEBUG - _audio_data_worker writing audio data into queue.
2025-04-15 16:03:11.375 - RealTimeSTT: root - DEBUG - _audio_data_worker writing audio data into queue.
2025-04-15 16:03:12.399 - RealTimeSTT: root - DEBUG - _audio_data_worker writing audio data into queue.
2025-04-15 16:03:13.423 - RealTimeSTT: root - DEBUG - _audio_data_worker writing audio data into queue.
2025-04-15 16:03:14.447 - RealTimeSTT: root - DEBUG - _audio_data_worker writing audio data into queue.
2025-04-15 16:03:15.471 - RealTimeSTT: root - DEBUG - _audio_data_worker writing audio data into queue.
2025-04-15 16:03:16.495 - RealTimeSTT: root - DEBUG - _audio_data_worker writing audio data into queue.
2025-04-15 16:03:17.519 - RealTimeSTT: root - DEBUG - _audio_data_worker writing audio data into queue.
2025-04-15 16:03:18.544 - RealTimeSTT: root - DEBUG - _audio_data_worker writing audio data into queue.
2025-04-15 16:03:19.567 - RealTimeSTT: root - DEBUG - _audio_data_worker writing audio data into queue.
2025-04-15 16:03:20.591 - RealTimeSTT: root - DEBUG - _audio_data_worker writing audio data into queue.
2025-04-15 16:03:21.615 - RealTimeSTT: root - DEBUG - _audio_data_worker writing audio data into queue.
2025-04-15 16:03:22.639 - RealTimeSTT: root - DEBUG - _audio_data_worker writing audio data into queue.
2025-04-15 16:03:23.663 - RealTimeSTT: root - DEBUG - _audio_data_worker writing audio data into queue.
2025-04-15 16:03:24.687 - RealTimeSTT: root - DEBUG - _audio_data_worker writing audio data into queue.
2025-04-15 16:03:25.711 - RealTimeSTT: root - DEBUG - _audio_data_worker writing audio data into queue.
2025-04-15 16:03:26.735 - RealTimeSTT: root - DEBUG - _audio_data_worker writing audio data into queue.
2025-04-15 16:03:27.759 - RealTimeSTT: root - DEBUG - _audio_data_worker writing audio data into queue.
2025-04-15 16:03:28.783 - RealTimeSTT: root - DEBUG - _audio_data_worker writing audio data into queue.
2025-04-15 16:03:29.807 - RealTimeSTT: root - DEBUG - _audio_data_worker writing audio data into queue.
2025-04-15 16:03:30.831 - RealTimeSTT: root - DEBUG - _audio_data_worker writing audio data into queue.
2025-04-15 16:03:31.855 - RealTimeSTT: root - DEBUG - _audio_data_worker writing audio data into queue.
2025-04-15 16:03:32.879 - RealTimeSTT: root - DEBUG - _audio_data_worker writing audio data into queue.
2025-04-15 16:03:33.903 - RealTimeSTT: root - DEBUG - _audio_data_worker writing audio data into queue.
2025-04-15 16:03:34.927 - RealTimeSTT: root - DEBUG - _audio_data_worker writing audio data into queue.
2025-04-15 16:03:35.951 - RealTimeSTT: root - DEBUG - _audio_data_worker writing audio data into queue.
2025-04-15 16:03:36.976 - RealTimeSTT: root - DEBUG - _audio_data_worker writing audio data into queue.
2025-04-15 16:03:37.999 - RealTimeSTT: root - DEBUG - _audio_data_worker writing audio data into queue.
2025-04-15 16:03:39.023 - RealTimeSTT: root - DEBUG - _audio_data_worker writing audio data into queue.
2025-04-15 16:03:40.047 - RealTimeSTT: root - DEBUG - _audio_data_worker writing audio data into queue.
2025-04-15 16:03:41.071 - RealTimeSTT: root - DEBUG - _audio_data_worker writing audio data into queue.
2025-04-15 16:03:42.095 - RealTimeSTT: root - DEBUG - _audio_data_worker writing audio data into queue.
2025-04-15 16:03:43.119 - RealTimeSTT: root - DEBUG - _audio_data_worker writing audio data into queue.
2025-04-15 16:03:44.144 - RealTimeSTT: root - DEBUG - _audio_data_worker writing audio data into queue.
2025-04-15 16:03:45.167 - RealTimeSTT: root - DEBUG - _audio_data_worker writing audio data into queue.
2025-04-15 16:03:46.191 - RealTimeSTT: root - DEBUG - _audio_data_worker writing audio data into queue.
2025-04-15 16:03:47.215 - RealTimeSTT: root - DEBUG - _audio_data_worker writing audio data into queue.
2025-04-15 16:03:48.239 - RealTimeSTT: root - DEBUG - _audio_data_worker writing audio data into queue.
2025-04-15 16:03:49.263 - RealTimeSTT: root - DEBUG - _audio_data_worker writing audio data into queue.
2025-04-15 16:03:50.287 - RealTimeSTT: root - DEBUG - _audio_data_worker writing audio data into queue.
2025-04-15 16:03:51.311 - RealTimeSTT: root - DEBUG - _audio_data_worker writing audio data into queue.
2025-04-15 16:03:52.336 - RealTimeSTT: root - DEBUG - _audio_data_worker writing audio data into queue.
2025-04-15 16:03:53.359 - RealTimeSTT: root - DEBUG - _audio_data_worker writing audio data into queue.
2025-04-15 16:03:54.383 - RealTimeSTT: root - DEBUG - _audio_data_worker writing audio data into queue.
2025-04-15 16:03:55.407 - RealTimeSTT: root - DEBUG - _audio_data_worker writing audio data into queue.
2025-04-15 16:03:56.431 - RealTimeSTT: root - DEBUG - _audio_data_worker writing audio data into queue.
2025-04-15 16:03:57.455 - RealTimeSTT: root - DEBUG - _audio_data_worker writing audio data into queue.
2025-04-15 16:03:58.479 - RealTimeSTT: root - DEBUG - _audio_data_worker writing audio data into queue.
2025-04-15 16:03:59.503 - RealTimeSTT: root - DEBUG - _audio_data_worker writing audio data into queue.
2025-04-15 16:04:00.527 - RealTimeSTT: root - DEBUG - _audio_data_worker writing audio data into queue.
2025-04-15 16:04:01.551 - RealTimeSTT: root - DEBUG - _audio_data_worker writing audio data into queue.
2025-04-15 16:04:02.575 - RealTimeSTT: root - DEBUG - _audio_data_worker writing audio data into queue.
2025-04-15 16:04:03.599 - RealTimeSTT: root - DEBUG - _audio_data_worker writing audio data into queue.
2025-04-15 16:04:04.623 - RealTimeSTT: root - DEBUG - _audio_data_worker writing audio data into queue.
2025-04-15 16:04:05.647 - RealTimeSTT: root - DEBUG - _audio_data_worker writing audio data into queue.
2025-04-15 16:04:06.671 - RealTimeSTT: root - DEBUG - _audio_data_worker writing audio data into queue.
2025-04-15 16:04:07.695 - RealTimeSTT: root - DEBUG - _audio_data_worker writing audio data into queue.
2025-04-15 16:04:08.719 - RealTimeSTT: root - DEBUG - _audio_data_worker writing audio data into queue.
2025-04-15 16:04:09.744 - RealTimeSTT: root - DEBUG - _audio_data_worker writing audio data into queue.
2025-04-15 16:04:10.767 - RealTimeSTT: root - DEBUG - _audio_data_worker writing audio data into queue.
2025-04-15 16:04:11.791 - RealTimeSTT: root - DEBUG - _audio_data_worker writing audio data into queue.
2025-04-15 16:04:12.815 - RealTimeSTT: root - DEBUG - _audio_data_worker writing audio data into queue.
2025-04-15 16:04:13.839 - RealTimeSTT: root - DEBUG - _audio_data_worker writing audio data into queue.
2025-04-15 16:04:14.863 - RealTimeSTT: root - DEBUG - _audio_data_worker writing audio data into queue.
2025-04-15 16:04:15.887 - RealTimeSTT: root - DEBUG - _audio_data_worker writing audio data into queue.
2025-04-15 16:04:16.911 - RealTimeSTT: root - DEBUG - _audio_data_worker writing audio data into queue.
2025-04-15 16:04:17.935 - RealTimeSTT: root - DEBUG - _audio_data_worker writing audio data into queue.
2025-04-15 16:04:18.959 - RealTimeSTT: root - DEBUG - _audio_data_worker writing audio data into queue.
2025-04-15 16:04:19.983 - RealTimeSTT: root - DEBUG - _audio_data_worker writing audio data into queue.
2025-04-15 16:04:21.007 - RealTimeSTT: root - DEBUG - _audio_data_worker writing audio data into queue.
2025-04-15 16:04:22.031 - RealTimeSTT: root - DEBUG - _audio_data_worker writing audio data into queue.
2025-04-15 16:04:23.055 - RealTimeSTT: root - DEBUG - _audio_data_worker writing audio data into queue.
2025-04-15 16:04:24.079 - RealTimeSTT: root - DEBUG - _audio_data_worker writing audio data into queue.
2025-04-15 16:04:25.103 - RealTimeSTT: root - DEBUG - _audio_data_worker writing audio data into queue.
2025-04-15 16:04:26.127 - RealTimeSTT: root - DEBUG - _audio_data_worker writing audio data into queue.
2025-04-15 16:04:27.151 - RealTimeSTT: root - DEBUG - _audio_data_worker writing audio data into queue.
2025-04-15 16:04:28.175 - RealTimeSTT: root - DEBUG - _audio_data_worker writing audio data into queue.
2025-04-15 16:04:29.199 - RealTimeSTT: root - DEBUG - _audio_data_worker writing audio data into queue.
2025-04-15 16:04:30.223 - RealTimeSTT: root - DEBUG - _audio_data_worker writing audio data into queue.
2025-04-15 16:04:31.247 - RealTimeSTT: root - DEBUG - _audio_data_worker writing audio data into queue.
2025-04-15 16:04:32.271 - RealTimeSTT: root - DEBUG - _audio_data_worker writing audio data into queue.
2025-04-15 16:04:33.295 - RealTimeSTT: root - DEBUG - _audio_data_worker writing audio data into queue.
2025-04-15 16:04:34.319 - RealTimeSTT: root - DEBUG - _audio_data_worker writing audio data into queue.
2025-04-15 16:04:35.344 - RealTimeSTT: root - DEBUG - _audio_data_worker writing audio data into queue.
2025-04-15 16:04:36.367 - RealTimeSTT: root - DEBUG - _audio_data_worker writing audio data into queue.
2025-04-15 16:04:37.391 - RealTimeSTT: root - DEBUG - _audio_data_worker writing audio data into queue.
2025-04-15 16:04:38.415 - RealTimeSTT: root - DEBUG - _audio_data_worker writing audio data into queue.
2025-04-15 16:04:39.439 - RealTimeSTT: root - DEBUG - _audio_data_worker writing audio data into queue.
2025-04-15 16:04:40.463 - RealTimeSTT: root - DEBUG - _audio_data_worker writing audio data into queue.
2025-04-15 16:04:41.487 - RealTimeSTT: root - DEBUG - _audio_data_worker writing audio data into queue.
2025-04-15 16:04:42.511 - RealTimeSTT: root - DEBUG - _audio_data_worker writing audio data into queue.
2025-04-15 16:04:43.535 - RealTimeSTT: root - DEBUG - _audio_data_worker writing audio data into queue.
2025-04-15 16:04:44.559 - RealTimeSTT: root - DEBUG - _audio_data_worker writing audio data into queue.
2025-04-15 16:04:45.583 - RealTimeSTT: root - DEBUG - _audio_data_worker writing audio data into queue.
2025-04-15 16:04:46.608 - RealTimeSTT: root - DEBUG - _audio_data_worker writing audio data into queue.
2025-04-15 16:04:47.631 - RealTimeSTT: root - DEBUG - _audio_data_worker writing audio data into queue.
2025-04-15 16:04:48.655 - RealTimeSTT: root - DEBUG - _audio_data_worker writing audio data into queue.
2025-04-15 16:04:49.679 - RealTimeSTT: root - DEBUG - _audio_data_worker writing audio data into queue.
2025-04-15 16:04:50.703 - RealTimeSTT: root - DEBUG - _audio_data_worker writing audio data into queue.
2025-04-15 16:04:51.727 - RealTimeSTT: root - DEBUG - _audio_data_worker writing audio data into queue.
2025-04-15 16:04:52.751 - RealTimeSTT: root - DEBUG - _audio_data_worker writing audio data into queue.
2025-04-15 16:04:53.775 - RealTimeSTT: root - DEBUG - _audio_data_worker writing audio data into queue.
2025-04-15 16:04:54.799 - RealTimeSTT: root - DEBUG - _audio_data_worker writing audio data into queue.
2025-04-15 16:04:55.823 - RealTimeSTT: root - DEBUG - _audio_data_worker writing audio data into queue.
2025-04-15 16:04:56.847 - RealTimeSTT: root - DEBUG - _audio_data_worker writing audio data into queue.
2025-04-15 16:04:57.871 - RealTimeSTT: root - DEBUG - _audio_data_worker writing audio data into queue.
2025-04-15 16:04:58.895 - RealTimeSTT: root - DEBUG - _audio_data_worker writing audio data into queue.
2025-04-15 16:04:59.919 - RealTimeSTT: root - DEBUG - _audio_data_worker writing audio data into queue.
2025-04-15 16:05:00.943 - RealTimeSTT: root - DEBUG - _audio_data_worker writing audio data into queue.
2025-04-15 16:05:01.967 - RealTimeSTT: root - DEBUG - _audio_data_worker writing audio data into queue.
2025-04-15 16:05:02.991 - RealTimeSTT: root - DEBUG - _audio_data_worker writing audio data into queue.
2025-04-15 16:05:04.015 - RealTimeSTT: root - DEBUG - _audio_data_worker writing audio data into queue.
2025-04-15 16:05:05.039 - RealTimeSTT: root - DEBUG - _audio_data_worker writing audio data into queue.
2025-04-15 16:05:06.063 - RealTimeSTT: root - DEBUG - _audio_data_worker writing audio data into queue.
2025-04-15 16:05:07.087 - RealTimeSTT: root - DEBUG - _audio_data_worker writing audio data into queue.
2025-04-15 16:05:08.111 - RealTimeSTT: root - DEBUG - _audio_data_worker writing audio data into queue.
2025-04-15 16:05:09.135 - RealTimeSTT: root - DEBUG - _audio_data_worker writing audio data into queue.
2025-04-15 16:05:10.159 - RealTimeSTT: root - DEBUG - _audio_data_worker writing audio data into queue.
2025-04-15 16:05:11.183 - RealTimeSTT: root - DEBUG - _audio_data_worker writing audio data into queue.
2025-04-15 16:05:12.207 - RealTimeSTT: root - DEBUG - _audio_data_worker writing audio data into queue.
2025-04-15 16:05:13.231 - RealTimeSTT: root - DEBUG - _audio_data_worker writing audio data into queue.
2025-04-15 16:05:14.255 - RealTimeSTT: root - DEBUG - _audio_data_worker writing audio data into queue.
2025-04-15 16:05:15.279 - RealTimeSTT: root - DEBUG - _audio_data_worker writing audio data into queue.
2025-04-15 16:05:16.303 - RealTimeSTT: root - DEBUG - _audio_data_worker writing audio data into queue.
2025-04-15 16:05:17.327 - RealTimeSTT: root - DEBUG - _audio_data_worker writing audio data into queue.
2025-04-15 16:05:18.351 - RealTimeSTT: root - DEBUG - _audio_data_worker writing audio data into queue.
2025-04-15 16:05:19.375 - RealTimeSTT: root - DEBUG - _audio_data_worker writing audio data into queue.
2025-04-15 16:05:20.399 - RealTimeSTT: root - DEBUG - _audio_data_worker writing audio data into queue.
2025-04-15 16:05:21.423 - RealTimeSTT: root - DEBUG - _audio_data_worker writing audio data into queue.
2025-04-15 16:05:22.447 - RealTimeSTT: root - DEBUG - _audio_data_worker writing audio data into queue.
2025-04-15 16:05:23.471 - RealTimeSTT: root - DEBUG - _audio_data_worker writing audio data into queue.
2025-04-15 16:05:24.495 - RealTimeSTT: root - DEBUG - _audio_data_worker writing audio data into queue.
2025-04-15 16:05:25.519 - RealTimeSTT: root - DEBUG - _audio_data_worker writing audio data into queue.
2025-04-15 16:05:26.543 - RealTimeSTT: root - DEBUG - _audio_data_worker writing audio data into queue.
2025-04-15 16:05:27.567 - RealTimeSTT: root - DEBUG - _audio_data_worker writing audio data into queue.
2025-04-15 16:05:28.591 - RealTimeSTT: root - DEBUG - _audio_data_worker writing audio data into queue.
2025-04-15 16:05:29.615 - RealTimeSTT: root - DEBUG - _audio_data_worker writing audio data into queue.
2025-04-15 16:05:30.639 - RealTimeSTT: root - DEBUG - _audio_data_worker writing audio data into queue.
2025-04-15 16:05:31.663 - RealTimeSTT: root - DEBUG - _audio_data_worker writing audio data into queue.
2025-04-15 16:05:32.688 - RealTimeSTT: root - DEBUG - _audio_data_worker writing audio data into queue.
2025-04-15 16:05:33.712 - RealTimeSTT: root - DEBUG - _audio_data_worker writing audio data into queue.
2025-04-15 16:05:34.735 - RealTimeSTT: root - DEBUG - _audio_data_worker writing audio data into queue.
2025-04-15 16:05:35.760 - RealTimeSTT: root - DEBUG - _audio_data_worker writing audio data into queue.
2025-04-15 16:05:36.784 - RealTimeSTT: root - DEBUG - _audio_data_worker writing audio data into queue.
2025-04-15 16:05:37.808 - RealTimeSTT: root - DEBUG - _audio_data_worker writing audio data into queue.
2025-04-15 16:05:38.832 - RealTimeSTT: root - DEBUG - _audio_data_worker writing audio data into queue.
2025-04-15 16:05:39.855 - RealTimeSTT: root - DEBUG - _audio_data_worker writing audio data into queue.
2025-04-15 16:05:40.880 - RealTimeSTT: root - DEBUG - _audio_data_worker writing audio data into queue.
2025-04-15 16:05:41.904 - RealTimeSTT: root - DEBUG - _audio_data_worker writing audio data into queue.
2025-04-15 16:05:42.927 - RealTimeSTT: root - DEBUG - _audio_data_worker writing audio data into queue.
2025-04-15 16:05:43.952 - RealTimeSTT: root - DEBUG - _audio_data_worker writing audio data into queue.
2025-04-15 16:05:44.976 - RealTimeSTT: root - DEBUG - _audio_data_worker writing audio data into queue.
2025-04-15 16:05:45.999 - RealTimeSTT: root - DEBUG - _audio_data_worker writing audio data into queue.
2025-04-15 16:05:47.023 - RealTimeSTT: root - DEBUG - _audio_data_worker writing audio data into queue.
2025-04-15 16:05:48.048 - RealTimeSTT: root - DEBUG - _audio_data_worker writing audio data into queue.
2025-04-15 16:05:49.071 - RealTimeSTT: root - DEBUG - _audio_data_worker writing audio data into queue.
2025-04-15 16:05:50.095 - RealTimeSTT: root - DEBUG - _audio_data_worker writing audio data into queue.
2025-04-15 16:05:51.119 - RealTimeSTT: root - DEBUG - _audio_data_worker writing audio data into queue.
2025-04-15 16:05:52.142 - RealTimeSTT: root - DEBUG - _audio_data_worker writing audio data into queue.
2025-04-15 16:05:53.166 - RealTimeSTT: root - DEBUG - _audio_data_worker writing audio data into queue.
2025-04-15 16:05:54.190 - RealTimeSTT: root - DEBUG - _audio_data_worker writing audio data into queue.
2025-04-15 16:05:55.214 - RealTimeSTT: root - DEBUG - _audio_data_worker writing audio data into queue.
2025-04-15 16:05:56.238 - RealTimeSTT: root - DEBUG - _audio_data_worker writing audio data into queue.
2025-04-15 16:05:57.262 - RealTimeSTT: root - DEBUG - _audio_data_worker writing audio data into queue.
2025-04-15 16:05:58.287 - RealTimeSTT: root - DEBUG - _audio_data_worker writing audio data into queue.
2025-04-15 16:05:59.310 - RealTimeSTT: root - DEBUG - _audio_data_worker writing audio data into queue.
2025-04-15 16:06:00.334 - RealTimeSTT: root - DEBUG - _audio_data_worker writing audio data into queue.
2025-04-15 16:06:01.358 - RealTimeSTT: root - DEBUG - _audio_data_worker writing audio data into queue.
2025-04-15 16:06:02.382 - RealTimeSTT: root - DEBUG - _audio_data_worker writing audio data into queue.
2025-04-15 16:06:03.406 - RealTimeSTT: root - DEBUG - _audio_data_worker writing audio data into queue.
2025-04-15 16:06:04.430 - RealTimeSTT: root - DEBUG - _audio_data_worker writing audio data into queue.
2025-04-15 16:06:05.454 - RealTimeSTT: root - DEBUG - _audio_data_worker writing audio data into queue.
2025-04-15 16:06:06.478 - RealTimeSTT: root - DEBUG - _audio_data_worker writing audio data into queue.
2025-04-15 16:06:07.502 - RealTimeSTT: root - DEBUG - _audio_data_worker writing audio data into queue.
2025-04-15 16:06:08.526 - RealTimeSTT: root - DEBUG - _audio_data_worker writing audio data into queue.
2025-04-15 16:06:09.550 - RealTimeSTT: root - DEBUG - _audio_data_worker writing audio data into queue.
2025-04-15 16:06:10.574 - RealTimeSTT: root - DEBUG - _audio_data_worker writing audio data into queue.
2025-04-15 16:06:11.598 - RealTimeSTT: root - DEBUG - _audio_data_worker writing audio data into queue.
2025-04-15 16:06:12.622 - RealTimeSTT: root - DEBUG - _audio_data_worker writing audio data into queue.
2025-04-15 16:06:13.646 - RealTimeSTT: root - DEBUG - _audio_data_worker writing audio data into queue.
2025-04-15 16:06:14.670 - RealTimeSTT: root - DEBUG - _audio_data_worker writing audio data into queue.
2025-04-15 16:06:15.695 - RealTimeSTT: root - DEBUG - _audio_data_worker writing audio data into queue.
2025-04-15 16:06:16.719 - RealTimeSTT: root - DEBUG - _audio_data_worker writing audio data into queue.
2025-04-15 16:06:17.742 - RealTimeSTT: root - DEBUG - _audio_data_worker writing audio data into queue.
2025-04-15 16:06:18.766 - RealTimeSTT: root - DEBUG - _audio_data_worker writing audio data into queue.
2025-04-15 16:06:19.790 - RealTimeSTT: root - DEBUG - _audio_data_worker writing audio data into queue.
2025-04-15 16:06:20.814 - RealTimeSTT: root - DEBUG - _audio_data_worker writing audio data into queue.
2025-04-15 16:06:21.838 - RealTimeSTT: root - DEBUG - _audio_data_worker writing audio data into queue.
2025-04-15 16:06:22.862 - RealTimeSTT: root - DEBUG - _audio_data_worker writing audio data into queue.
2025-04-15 16:06:23.886 - RealTimeSTT: root - DEBUG - _audio_data_worker writing audio data into queue.
2025-04-15 16:06:24.911 - RealTimeSTT: root - DEBUG - _audio_data_worker writing audio data into queue.
2025-04-15 16:06:25.934 - RealTimeSTT: root - DEBUG - _audio_data_worker writing audio data into queue.
2025-04-15 16:06:26.958 - RealTimeSTT: root - DEBUG - _audio_data_worker writing audio data into queue.
2025-04-15 16:06:27.983 - RealTimeSTT: root - DEBUG - _audio_data_worker writing audio data into queue.
2025-04-15 16:06:29.006 - RealTimeSTT: root - DEBUG - _audio_data_worker writing audio data into queue.
2025-04-15 16:06:30.030 - RealTimeSTT: root - DEBUG - _audio_data_worker writing audio data into queue.
2025-04-15 16:06:31.054 - RealTimeSTT: root - DEBUG - _audio_data_worker writing audio data into queue.
2025-04-15 16:06:32.078 - RealTimeSTT: root - DEBUG - _audio_data_worker writing audio data into queue.
2025-04-15 16:06:33.102 - RealTimeSTT: root - DEBUG - _audio_data_worker writing audio data into queue.
2025-04-15 16:06:34.126 - RealTimeSTT: root - DEBUG - _audio_data_worker writing audio data into queue.
2025-04-15 16:06:35.150 - RealTimeSTT: root - DEBUG - _audio_data_worker writing audio data into queue.
2025-04-15 16:06:36.174 - RealTimeSTT: root - DEBUG - _audio_data_worker writing audio data into queue.
2025-04-15 16:06:37.198 - RealTimeSTT: root - DEBUG - _audio_data_worker writing audio data into queue.
2025-04-15 16:06:38.222 - RealTimeSTT: root - DEBUG - _audio_data_worker writing audio data into queue.
2025-04-15 16:06:39.247 - RealTimeSTT: root - DEBUG - _audio_data_worker writing audio data into queue.
2025-04-15 16:06:40.271 - RealTimeSTT: root - DEBUG - _audio_data_worker writing audio data into queue.
2025-04-15 16:06:41.294 - RealTimeSTT: root - DEBUG - _audio_data_worker writing audio data into queue.
2025-04-15 16:06:42.319 - RealTimeSTT: root - DEBUG - _audio_data_worker writing audio data into queue.
2025-04-15 16:06:43.342 - RealTimeSTT: root - DEBUG - _audio_data_worker writing audio data into queue.
2025-04-15 16:06:44.366 - RealTimeSTT: root - DEBUG - _audio_data_worker writing audio data into queue.
2025-04-15 16:06:45.390 - RealTimeSTT: root - DEBUG - _audio_data_worker writing audio data into queue.
2025-04-15 16:06:46.414 - RealTimeSTT: root - DEBUG - _audio_data_worker writing audio data into queue.
2025-04-15 16:06:47.438 - RealTimeSTT: root - DEBUG - _audio_data_worker writing audio data into queue.
2025-04-15 16:06:48.462 - RealTimeSTT: root - DEBUG - _audio_data_worker writing audio data into queue.
2025-04-15 16:06:49.486 - RealTimeSTT: root - DEBUG - _audio_data_worker writing audio data into queue.
2025-04-15 16:06:50.510 - RealTimeSTT: root - DEBUG - _audio_data_worker writing audio data into queue.
2025-04-15 16:06:51.535 - RealTimeSTT: root - DEBUG - _audio_data_worker writing audio data into queue.
2025-04-15 16:06:52.558 - RealTimeSTT: root - DEBUG - _audio_data_worker writing audio data into queue.
2025-04-15 16:06:53.582 - RealTimeSTT: root - DEBUG - _audio_data_worker writing audio data into queue.
2025-04-15 16:06:54.606 - RealTimeSTT: root - DEBUG - _audio_data_worker writing audio data into queue.
2025-04-15 16:06:55.630 - RealTimeSTT: root - DEBUG - _audio_data_worker writing audio data into queue.
2025-04-15 16:06:56.654 - RealTimeSTT: root - DEBUG - _audio_data_worker writing audio data into queue.
2025-04-15 16:06:57.678 - RealTimeSTT: root - DEBUG - _audio_data_worker writing audio data into queue.
2025-04-15 16:06:58.703 - RealTimeSTT: root - DEBUG - _audio_data_worker writing audio data into queue.
2025-04-15 16:06:59.726 - RealTimeSTT: root - DEBUG - _audio_data_worker writing audio data into queue.
2025-04-15 16:07:00.750 - RealTimeSTT: root - DEBUG - _audio_data_worker writing audio data into queue.
2025-04-15 16:07:01.774 - RealTimeSTT: root - DEBUG - _audio_data_worker writing audio data into queue.
2025-04-15 16:07:02.798 - RealTimeSTT: root - DEBUG - _audio_data_worker writing audio data into queue.
2025-04-15 16:07:03.822 - RealTimeSTT: root - DEBUG - _audio_data_worker writing audio data into queue.
2025-04-15 16:07:04.847 - RealTimeSTT: root - DEBUG - _audio_data_worker writing audio data into queue.
2025-04-15 16:07:05.870 - RealTimeSTT: root - DEBUG - _audio_data_worker writing audio data into queue.
2025-04-15 16:07:06.894 - RealTimeSTT: root - DEBUG - _audio_data_worker writing audio data into queue.
2025-04-15 16:07:07.918 - RealTimeSTT: root - DEBUG - _audio_data_worker writing audio data into queue.
2025-04-15 16:07:08.942 - RealTimeSTT: root - DEBUG - _audio_data_worker writing audio data into queue.
2025-04-15 16:07:09.966 - RealTimeSTT: root - DEBUG - _audio_data_worker writing audio data into queue.
2025-04-15 16:07:10.990 - RealTimeSTT: root - DEBUG - _audio_data_worker writing audio data into queue.
2025-04-15 16:07:12.014 - RealTimeSTT: root - DEBUG - _audio_data_worker writing audio data into queue.
2025-04-15 16:07:13.038 - RealTimeSTT: root - DEBUG - _audio_data_worker writing audio data into queue.
2025-04-15 16:07:14.062 - RealTimeSTT: root - DEBUG - _audio_data_worker writing audio data into queue.
2025-04-15 16:07:15.087 - RealTimeSTT: root - DEBUG - _audio_data_worker writing audio data into queue.
2025-04-15 16:07:16.110 - RealTimeSTT: root - DEBUG - _audio_data_worker writing audio data into queue.
2025-04-15 16:07:17.134 - RealTimeSTT: root - DEBUG - _audio_data_worker writing audio data into queue.
2025-04-15 16:07:18.158 - RealTimeSTT: root - DEBUG - _audio_data_worker writing audio data into queue.
2025-04-15 16:07:19.182 - RealTimeSTT: root - DEBUG - _audio_data_worker writing audio data into queue.
2025-04-15 16:07:20.206 - RealTimeSTT: root - DEBUG - _audio_data_worker writing audio data into queue.
2025-04-15 16:07:21.230 - RealTimeSTT: root - DEBUG - _audio_data_worker writing audio data into queue.
2025-04-15 16:07:22.254 - RealTimeSTT: root - DEBUG - _audio_data_worker writing audio data into queue.
2025-04-15 16:07:23.278 - RealTimeSTT: root - DEBUG - _audio_data_worker writing audio data into queue.
2025-04-15 16:07:24.302 - RealTimeSTT: root - DEBUG - _audio_data_worker writing audio data into queue.
2025-04-15 16:07:25.326 - RealTimeSTT: root - DEBUG - _audio_data_worker writing audio data into queue.
2025-04-15 16:07:26.350 - RealTimeSTT: root - DEBUG - _audio_data_worker writing audio data into queue.
2025-04-15 16:07:27.375 - RealTimeSTT: root - DEBUG - _audio_data_worker writing audio data into queue.
2025-04-15 16:07:28.398 - RealTimeSTT: root - DEBUG - _audio_data_worker writing audio data into queue.
2025-04-15 16:07:29.422 - RealTimeSTT: root - DEBUG - _audio_data_worker writing audio data into queue.
2025-04-15 16:07:30.446 - RealTimeSTT: root - DEBUG - _audio_data_worker writing audio data into queue.
2025-04-15 16:07:31.471 - RealTimeSTT: root - DEBUG - _audio_data_worker writing audio data into queue.
2025-04-15 16:07:32.494 - RealTimeSTT: root - DEBUG - _audio_data_worker writing audio data into queue.
2025-04-15 16:07:33.518 - RealTimeSTT: root - DEBUG - _audio_data_worker writing audio data into queue.
2025-04-15 16:07:34.542 - RealTimeSTT: root - DEBUG - _audio_data_worker writing audio data into queue.
2025-04-15 16:07:35.566 - RealTimeSTT: root - DEBUG - _audio_data_worker writing audio data into queue.
2025-04-15 16:07:36.590 - RealTimeSTT: root - DEBUG - _audio_data_worker writing audio data into queue.
2025-04-15 16:07:37.615 - RealTimeSTT: root - DEBUG - _audio_data_worker writing audio data into queue.
2025-04-15 16:07:38.638 - RealTimeSTT: root - DEBUG - _audio_data_worker writing audio data into queue.
2025-04-15 16:07:39.662 - RealTimeSTT: root - DEBUG - _audio_data_worker writing audio data into queue.
2025-04-15 16:07:40.686 - RealTimeSTT: root - DEBUG - _audio_data_worker writing audio data into queue.
2025-04-15 16:07:41.711 - RealTimeSTT: root - DEBUG - _audio_data_worker writing audio data into queue.
2025-04-15 16:07:42.734 - RealTimeSTT: root - DEBUG - _audio_data_worker writing audio data into queue.
2025-04-15 16:07:43.759 - RealTimeSTT: root - DEBUG - _audio_data_worker writing audio data into queue.
2025-04-15 16:07:44.782 - RealTimeSTT: root - DEBUG - _audio_data_worker writing audio data into queue.
2025-04-15 16:07:45.806 - RealTimeSTT: root - DEBUG - _audio_data_worker writing audio data into queue.
2025-04-15 16:07:46.830 - RealTimeSTT: root - DEBUG - _audio_data_worker writing audio data into queue.
2025-04-15 16:07:47.854 - RealTimeSTT: root - DEBUG - _audio_data_worker writing audio data into queue.
2025-04-15 16:07:48.878 - RealTimeSTT: root - DEBUG - _audio_data_worker writing audio data into queue.
2025-04-15 16:07:49.902 - RealTimeSTT: root - DEBUG - _audio_data_worker writing audio data into queue.
2025-04-15 16:07:50.926 - RealTimeSTT: root - DEBUG - _audio_data_worker writing audio data into queue.
2025-04-15 16:07:51.950 - RealTimeSTT: root - DEBUG - _audio_data_worker writing audio data into queue.
2025-04-15 16:07:52.974 - RealTimeSTT: root - DEBUG - _audio_data_worker writing audio data into queue.
2025-04-15 16:07:53.998 - RealTimeSTT: root - DEBUG - _audio_data_worker writing audio data into queue.
2025-04-15 16:07:55.023 - RealTimeSTT: root - DEBUG - _audio_data_worker writing audio data into queue.
2025-04-15 16:07:56.046 - RealTimeSTT: root - DEBUG - _audio_data_worker writing audio data into queue.
2025-04-15 16:07:57.070 - RealTimeSTT: root - DEBUG - _audio_data_worker writing audio data into queue.
2025-04-15 16:07:58.094 - RealTimeSTT: root - DEBUG - _audio_data_worker writing audio data into queue.
2025-04-15 16:07:59.118 - RealTimeSTT: root - DEBUG - _audio_data_worker writing audio data into queue.
2025-04-15 16:08:00.142 - RealTimeSTT: root - DEBUG - _audio_data_worker writing audio data into queue.
2025-04-15 16:08:01.166 - RealTimeSTT: root - DEBUG - _audio_data_worker writing audio data into queue.
2025-04-15 16:08:02.190 - RealTimeSTT: root - DEBUG - _audio_data_worker writing audio data into queue.
2025-04-15 16:08:03.214 - RealTimeSTT: root - DEBUG - _audio_data_worker writing audio data into queue.
2025-04-15 16:08:04.238 - RealTimeSTT: root - DEBUG - _audio_data_worker writing audio data into queue.
2025-04-15 16:08:05.262 - RealTimeSTT: root - DEBUG - _audio_data_worker writing audio data into queue.
2025-04-15 16:08:06.286 - RealTimeSTT: root - DEBUG - _audio_data_worker writing audio data into queue.
2025-04-15 16:08:07.311 - RealTimeSTT: root - DEBUG - _audio_data_worker writing audio data into queue.
2025-04-15 16:08:08.334 - RealTimeSTT: root - DEBUG - _audio_data_worker writing audio data into queue.
2025-04-15 16:08:09.358 - RealTimeSTT: root - DEBUG - _audio_data_worker writing audio data into queue.
2025-04-15 16:08:10.382 - RealTimeSTT: root - DEBUG - _audio_data_worker writing audio data into queue.
2025-04-15 16:08:11.406 - RealTimeSTT: root - DEBUG - _audio_data_worker writing audio data into queue.
2025-04-15 16:08:12.430 - RealTimeSTT: root - DEBUG - _audio_data_worker writing audio data into queue.
2025-04-15 16:08:13.454 - RealTimeSTT: root - DEBUG - _audio_data_worker writing audio data into queue.
2025-04-15 16:08:14.479 - RealTimeSTT: root - DEBUG - _audio_data_worker writing audio data into queue.
2025-04-15 16:08:15.503 - RealTimeSTT: root - DEBUG - _audio_data_worker writing audio data into queue.
2025-04-15 16:08:16.526 - RealTimeSTT: root - DEBUG - _audio_data_worker writing audio data into queue.
2025-04-15 16:08:17.550 - RealTimeSTT: root - DEBUG - _audio_data_worker writing audio data into queue.
2025-04-15 16:08:18.574 - RealTimeSTT: root - DEBUG - _audio_data_worker writing audio data into queue.
2025-04-15 16:08:19.598 - RealTimeSTT: root - DEBUG - _audio_data_worker writing audio data into queue.
2025-04-15 16:08:20.622 - RealTimeSTT: root - DEBUG - _audio_data_worker writing audio data into queue.
2025-04-15 16:08:21.646 - RealTimeSTT: root - DEBUG - _audio_data_worker writing audio data into queue.
2025-04-15 16:08:22.670 - RealTimeSTT: root - DEBUG - _audio_data_worker writing audio data into queue.
2025-04-15 16:08:23.694 - RealTimeSTT: root - DEBUG - _audio_data_worker writing audio data into queue.
2025-04-15 16:08:24.719 - RealTimeSTT: root - DEBUG - _audio_data_worker writing audio data into queue.
2025-04-15 16:08:25.742 - RealTimeSTT: root - DEBUG - _audio_data_worker writing audio data into queue.
2025-04-15 16:08:26.766 - RealTimeSTT: root - DEBUG - _audio_data_worker writing audio data into queue.
2025-04-15 16:08:27.790 - RealTimeSTT: root - DEBUG - _audio_data_worker writing audio data into queue.
2025-04-15 16:08:28.814 - RealTimeSTT: root - DEBUG - _audio_data_worker writing audio data into queue.
2025-04-15 16:08:29.838 - RealTimeSTT: root - DEBUG - _audio_data_worker writing audio data into queue.
2025-04-15 16:08:30.862 - RealTimeSTT: root - DEBUG - _audio_data_worker writing audio data into queue.
2025-04-15 16:08:31.886 - RealTimeSTT: root - DEBUG - _audio_data_worker writing audio data into queue.
2025-04-15 16:08:32.909 - RealTimeSTT: root - DEBUG - _audio_data_worker writing audio data into queue.
2025-04-15 16:08:33.933 - RealTimeSTT: root - DEBUG - _audio_data_worker writing audio data into queue.
2025-04-15 16:08:34.957 - RealTimeSTT: root - DEBUG - _audio_data_worker writing audio data into queue.
2025-04-15 16:08:35.981 - RealTimeSTT: root - DEBUG - _audio_data_worker writing audio data into queue.
2025-04-15 16:08:37.005 - RealTimeSTT: root - DEBUG - _audio_data_worker writing audio data into queue.
2025-04-15 16:08:38.029 - RealTimeSTT: root - DEBUG - _audio_data_worker writing audio data into queue.
2025-04-15 16:08:39.053 - RealTimeSTT: root - DEBUG - _audio_data_worker writing audio data into queue.
2025-04-15 16:08:40.077 - RealTimeSTT: root - DEBUG - _audio_data_worker writing audio data into queue.
2025-04-15 16:08:41.102 - RealTimeSTT: root - DEBUG - _audio_data_worker writing audio data into queue.
2025-04-15 16:08:42.125 - RealTimeSTT: root - DEBUG - _audio_data_worker writing audio data into queue.
2025-04-15 16:08:43.150 - RealTimeSTT: root - DEBUG - _audio_data_worker writing audio data into queue.
2025-04-15 16:08:44.173 - RealTimeSTT: root - DEBUG - _audio_data_worker writing audio data into queue.
2025-04-15 16:08:45.197 - RealTimeSTT: root - DEBUG - _audio_data_worker writing audio data into queue.
2025-04-15 16:08:46.222 - RealTimeSTT: root - DEBUG - _audio_data_worker writing audio data into queue.
2025-04-15 16:08:47.245 - RealTimeSTT: root - DEBUG - _audio_data_worker writing audio data into queue.
2025-04-15 16:08:48.269 - RealTimeSTT: root - DEBUG - _audio_data_worker writing audio data into queue.
2025-04-15 16:08:49.294 - RealTimeSTT: root - DEBUG - _audio_data_worker writing audio data into queue.
2025-04-15 16:08:50.318 - RealTimeSTT: root - DEBUG - _audio_data_worker writing audio data into queue.
2025-04-15 16:08:51.342 - RealTimeSTT: root - DEBUG - _audio_data_worker writing audio data into queue.
2025-04-15 16:08:52.366 - RealTimeSTT: root - DEBUG - _audio_data_worker writing audio data into queue.
2025-04-15 16:08:53.389 - RealTimeSTT: root - DEBUG - _audio_data_worker writing audio data into queue.
2025-04-15 16:08:54.413 - RealTimeSTT: root - DEBUG - _audio_data_worker writing audio data into queue.
2025-04-15 16:08:55.438 - RealTimeSTT: root - DEBUG - _audio_data_worker writing audio data into queue.
2025-04-15 16:08:56.462 - RealTimeSTT: root - DEBUG - _audio_data_worker writing audio data into queue.
2025-04-15 16:08:57.486 - RealTimeSTT: root - DEBUG - _audio_data_worker writing audio data into queue.
2025-04-15 16:08:58.509 - RealTimeSTT: root - DEBUG - _audio_data_worker writing audio data into queue.
2025-04-15 16:08:59.533 - RealTimeSTT: root - DEBUG - _audio_data_worker writing audio data into queue.
2025-04-15 16:09:00.557 - RealTimeSTT: root - DEBUG - _audio_data_worker writing audio data into queue.
2025-04-15 16:09:01.582 - RealTimeSTT: root - DEBUG - _audio_data_worker writing audio data into queue.
2025-04-15 16:09:02.605 - RealTimeSTT: root - DEBUG - _audio_data_worker writing audio data into queue.
2025-04-15 16:09:03.630 - RealTimeSTT: root - DEBUG - _audio_data_worker writing audio data into queue.
2025-04-15 16:09:04.653 - RealTimeSTT: root - DEBUG - _audio_data_worker writing audio data into queue.
2025-04-15 16:09:05.677 - RealTimeSTT: root - DEBUG - _audio_data_worker writing audio data into queue.
2025-04-15 16:09:06.701 - RealTimeSTT: root - DEBUG - _audio_data_worker writing audio data into queue.
2025-04-15 16:09:07.725 - RealTimeSTT: root - DEBUG - _audio_data_worker writing audio data into queue.
2025-04-15 16:09:08.749 - RealTimeSTT: root - DEBUG - _audio_data_worker writing audio data into queue.
2025-04-15 16:09:09.773 - RealTimeSTT: root - DEBUG - _audio_data_worker writing audio data into queue.
2025-04-15 16:09:10.797 - RealTimeSTT: root - DEBUG - _audio_data_worker writing audio data into queue.
2025-04-15 16:09:11.821 - RealTimeSTT: root - DEBUG - _audio_data_worker writing audio data into queue.
2025-04-15 16:09:12.846 - RealTimeSTT: root - DEBUG - _audio_data_worker writing audio data into queue.
2025-04-15 16:09:13.869 - RealTimeSTT: root - DEBUG - _audio_data_worker writing audio data into queue.
2025-04-15 16:09:14.893 - RealTimeSTT: root - DEBUG - _audio_data_worker writing audio data into queue.
2025-04-15 16:09:15.917 - RealTimeSTT: root - DEBUG - _audio_data_worker writing audio data into queue.
2025-04-15 16:09:16.941 - RealTimeSTT: root - DEBUG - _audio_data_worker writing audio data into queue.
2025-04-15 16:09:17.965 - RealTimeSTT: root - DEBUG - _audio_data_worker writing audio data into queue.
2025-04-15 16:09:18.989 - RealTimeSTT: root - DEBUG - _audio_data_worker writing audio data into queue.
2025-04-15 16:09:20.013 - RealTimeSTT: root - DEBUG - _audio_data_worker writing audio data into queue.
2025-04-15 16:09:21.037 - RealTimeSTT: root - DEBUG - _audio_data_worker writing audio data into queue.
2025-04-15 16:09:22.061 - RealTimeSTT: root - DEBUG - _audio_data_worker writing audio data into queue.
2025-04-15 16:09:23.085 - RealTimeSTT: root - DEBUG - _audio_data_worker writing audio data into queue.
2025-04-15 16:09:24.110 - RealTimeSTT: root - DEBUG - _audio_data_worker writing audio data into queue.
2025-04-15 16:09:25.133 - RealTimeSTT: root - DEBUG - _audio_data_worker writing audio data into queue.
2025-04-15 16:09:26.157 - RealTimeSTT: root - DEBUG - _audio_data_worker writing audio data into queue.
2025-04-15 16:09:27.181 - RealTimeSTT: root - DEBUG - _audio_data_worker writing audio data into queue.
2025-04-15 16:09:28.205 - RealTimeSTT: root - DEBUG - _audio_data_worker writing audio data into queue.
2025-04-15 16:09:29.229 - RealTimeSTT: root - DEBUG - _audio_data_worker writing audio data into queue.
2025-04-15 16:09:30.253 - RealTimeSTT: root - DEBUG - _audio_data_worker writing audio data into queue.
2025-04-15 16:09:31.277 - RealTimeSTT: root - DEBUG - _audio_data_worker writing audio data into queue.
2025-04-15 16:09:32.301 - RealTimeSTT: root - DEBUG - _audio_data_worker writing audio data into queue.
2025-04-15 16:09:33.325 - RealTimeSTT: root - DEBUG - _audio_data_worker writing audio data into queue.
2025-04-15 16:09:34.349 - RealTimeSTT: root - DEBUG - _audio_data_worker writing audio data into queue.
2025-04-15 16:09:35.373 - RealTimeSTT: root - DEBUG - _audio_data_worker writing audio data into queue.
2025-04-15 16:09:36.397 - RealTimeSTT: root - DEBUG - _audio_data_worker writing audio data into queue.
2025-04-15 16:09:37.421 - RealTimeSTT: root - DEBUG - _audio_data_worker writing audio data into queue.
2025-04-15 16:09:38.445 - RealTimeSTT: root - DEBUG - _audio_data_worker writing audio data into queue.
2025-04-15 16:09:39.469 - RealTimeSTT: root - DEBUG - _audio_data_worker writing audio data into queue.
2025-04-15 16:09:40.493 - RealTimeSTT: root - DEBUG - _audio_data_worker writing audio data into queue.
2025-04-15 16:09:41.517 - RealTimeSTT: root - DEBUG - _audio_data_worker writing audio data into queue.
2025-04-15 16:09:42.542 - RealTimeSTT: root - DEBUG - _audio_data_worker writing audio data into queue.
2025-04-15 16:09:43.565 - RealTimeSTT: root - DEBUG - _audio_data_worker writing audio data into queue.
2025-04-15 16:09:44.589 - RealTimeSTT: root - DEBUG - _audio_data_worker writing audio data into queue.
2025-04-15 16:09:45.613 - RealTimeSTT: root - DEBUG - _audio_data_worker writing audio data into queue.
2025-04-15 16:09:46.637 - RealTimeSTT: root - DEBUG - _audio_data_worker writing audio data into queue.
2025-04-15 16:09:47.661 - RealTimeSTT: root - DEBUG - _audio_data_worker writing audio data into queue.
2025-04-15 16:09:48.685 - RealTimeSTT: root - DEBUG - _audio_data_worker writing audio data into queue.
2025-04-15 16:09:49.710 - RealTimeSTT: root - DEBUG - _audio_data_worker writing audio data into queue.
2025-04-15 16:09:50.733 - RealTimeSTT: root - DEBUG - _audio_data_worker writing audio data into queue.
2025-04-15 16:09:51.758 - RealTimeSTT: root - DEBUG - _audio_data_worker writing audio data into queue.
2025-04-15 16:09:52.781 - RealTimeSTT: root - DEBUG - _audio_data_worker writing audio data into queue.
2025-04-15 16:09:53.805 - RealTimeSTT: root - DEBUG - _audio_data_worker writing audio data into queue.
2025-04-15 16:09:54.829 - RealTimeSTT: root - DEBUG - _audio_data_worker writing audio data into queue.
2025-04-15 16:09:55.853 - RealTimeSTT: root - DEBUG - _audio_data_worker writing audio data into queue.
2025-04-15 16:09:56.877 - RealTimeSTT: root - DEBUG - _audio_data_worker writing audio data into queue.
2025-04-15 16:09:57.901 - RealTimeSTT: root - DEBUG - _audio_data_worker writing audio data into queue.
2025-04-15 16:09:58.926 - RealTimeSTT: root - DEBUG - _audio_data_worker writing audio data into queue.
2025-04-15 16:09:59.949 - RealTimeSTT: root - DEBUG - _audio_data_worker writing audio data into queue.
2025-04-15 16:10:00.973 - RealTimeSTT: root - DEBUG - _audio_data_worker writing audio data into queue.
2025-04-15 16:10:01.997 - RealTimeSTT: root - DEBUG - _audio_data_worker writing audio data into queue.
2025-04-15 16:10:03.021 - RealTimeSTT: root - DEBUG - _audio_data_worker writing audio data into queue.
2025-04-15 16:10:04.045 - RealTimeSTT: root - DEBUG - _audio_data_worker writing audio data into queue.
2025-04-15 16:10:05.069 - RealTimeSTT: root - DEBUG - _audio_data_worker writing audio data into queue.
2025-04-15 16:10:06.093 - RealTimeSTT: root - DEBUG - _audio_data_worker writing audio data into queue.
2025-04-15 16:10:07.117 - RealTimeSTT: root - DEBUG - _audio_data_worker writing audio data into queue.
2025-04-15 16:10:08.141 - RealTimeSTT: root - DEBUG - _audio_data_worker writing audio data into queue.
2025-04-15 16:10:09.165 - RealTimeSTT: root - DEBUG - _audio_data_worker writing audio data into queue.
2025-04-15 16:10:10.189 - RealTimeSTT: root - DEBUG - _audio_data_worker writing audio data into queue.
2025-04-15 16:10:11.214 - RealTimeSTT: root - DEBUG - _audio_data_worker writing audio data into queue.
2025-04-15 16:10:12.237 - RealTimeSTT: root - DEBUG - _audio_data_worker writing audio data into queue.
2025-04-15 16:10:13.261 - RealTimeSTT: root - DEBUG - _audio_data_worker writing audio data into queue.
2025-04-15 16:10:14.285 - RealTimeSTT: root - DEBUG - _audio_data_worker writing audio data into queue.
2025-04-15 16:10:15.309 - RealTimeSTT: root - DEBUG - _audio_data_worker writing audio data into queue.
2025-04-15 16:10:16.333 - RealTimeSTT: root - DEBUG - _audio_data_worker writing audio data into queue.
2025-04-15 16:10:17.357 - RealTimeSTT: root - DEBUG - _audio_data_worker writing audio data into queue.
2025-04-15 16:10:18.382 - RealTimeSTT: root - DEBUG - _audio_data_worker writing audio data into queue.
2025-04-15 16:10:19.405 - RealTimeSTT: root - DEBUG - _audio_data_worker writing audio data into queue.
2025-04-15 16:10:20.429 - RealTimeSTT: root - DEBUG - _audio_data_worker writing audio data into queue.
2025-04-15 16:10:21.453 - RealTimeSTT: root - DEBUG - _audio_data_worker writing audio data into queue.
2025-04-15 16:10:22.477 - RealTimeSTT: root - DEBUG - _audio_data_worker writing audio data into queue.
2025-04-15 16:10:23.501 - RealTimeSTT: root - DEBUG - _audio_data_worker writing audio data into queue.
2025-04-15 16:10:24.525 - RealTimeSTT: root - DEBUG - _audio_data_worker writing audio data into queue.
2025-04-15 16:10:25.549 - RealTimeSTT: root - DEBUG - _audio_data_worker writing audio data into queue.
2025-04-15 16:10:26.573 - RealTimeSTT: root - DEBUG - _audio_data_worker writing audio data into queue.
2025-04-15 16:10:27.597 - RealTimeSTT: root - DEBUG - _audio_data_worker writing audio data into queue.
2025-04-15 16:10:28.621 - RealTimeSTT: root - DEBUG - _audio_data_worker writing audio data into queue.
2025-04-15 16:10:29.646 - RealTimeSTT: root - DEBUG - _audio_data_worker writing audio data into queue.
2025-04-15 16:10:30.669 - RealTimeSTT: root - DEBUG - _audio_data_worker writing audio data into queue.
2025-04-15 16:10:31.693 - RealTimeSTT: root - DEBUG - _audio_data_worker writing audio data into queue.
2025-04-15 16:10:32.717 - RealTimeSTT: root - DEBUG - _audio_data_worker writing audio data into queue.
2025-04-15 16:10:33.741 - RealTimeSTT: root - DEBUG - _audio_data_worker writing audio data into queue.
2025-04-15 16:10:34.765 - RealTimeSTT: root - DEBUG - _audio_data_worker writing audio data into queue.
2025-04-15 16:10:35.789 - RealTimeSTT: root - DEBUG - _audio_data_worker writing audio data into queue.
2025-04-15 16:10:36.813 - RealTimeSTT: root - DEBUG - _audio_data_worker writing audio data into queue.
2025-04-15 16:10:37.837 - RealTimeSTT: root - DEBUG - _audio_data_worker writing audio data into queue.
2025-04-15 16:10:38.861 - RealTimeSTT: root - DEBUG - _audio_data_worker writing audio data into queue.
2025-04-15 16:10:39.885 - RealTimeSTT: root - DEBUG - _audio_data_worker writing audio data into queue.
2025-04-15 16:10:40.909 - RealTimeSTT: root - DEBUG - _audio_data_worker writing audio data into queue.
2025-04-15 16:10:41.933 - RealTimeSTT: root - DEBUG - _audio_data_worker writing audio data into queue.
2025-04-15 16:10:42.957 - RealTimeSTT: root - DEBUG - _audio_data_worker writing audio data into queue.
2025-04-15 16:10:43.982 - RealTimeSTT: root - DEBUG - _audio_data_worker writing audio data into queue.
2025-04-15 16:10:45.005 - RealTimeSTT: root - DEBUG - _audio_data_worker writing audio data into queue.
2025-04-15 16:10:46.029 - RealTimeSTT: root - DEBUG - _audio_data_worker writing audio data into queue.
2025-04-15 16:10:47.054 - RealTimeSTT: root - DEBUG - _audio_data_worker writing audio data into queue.
2025-04-15 16:10:48.078 - RealTimeSTT: root - DEBUG - _audio_data_worker writing audio data into queue.
2025-04-15 16:10:49.101 - RealTimeSTT: root - DEBUG - _audio_data_worker writing audio data into queue.
2025-04-15 16:10:50.125 - RealTimeSTT: root - DEBUG - _audio_data_worker writing audio data into queue.
2025-04-15 16:10:51.149 - RealTimeSTT: root - DEBUG - _audio_data_worker writing audio data into queue.
2025-04-15 16:10:52.173 - RealTimeSTT: root - DEBUG - _audio_data_worker writing audio data into queue.
2025-04-15 16:10:53.197 - RealTimeSTT: root - DEBUG - _audio_data_worker writing audio data into queue.
2025-04-15 16:10:54.221 - RealTimeSTT: root - DEBUG - _audio_data_worker writing audio data into queue.
2025-04-15 16:10:55.245 - RealTimeSTT: root - DEBUG - _audio_data_worker writing audio data into queue.
2025-04-15 16:10:56.269 - RealTimeSTT: root - DEBUG - _audio_data_worker writing audio data into queue.
2025-04-15 16:10:57.293 - RealTimeSTT: root - DEBUG - _audio_data_worker writing audio data into queue.
2025-04-15 16:10:58.317 - RealTimeSTT: root - DEBUG - _audio_data_worker writing audio data into queue.
2025-04-15 16:10:59.341 - RealTimeSTT: root - DEBUG - _audio_data_worker writing audio data into queue.
2025-04-15 16:11:00.365 - RealTimeSTT: root - DEBUG - _audio_data_worker writing audio data into queue.
2025-04-15 16:11:01.389 - RealTimeSTT: root - DEBUG - _audio_data_worker writing audio data into queue.
2025-04-15 16:11:02.413 - RealTimeSTT: root - DEBUG - _audio_data_worker writing audio data into queue.
2025-04-15 16:11:03.437 - RealTimeSTT: root - DEBUG - _audio_data_worker writing audio data into queue.
2025-04-15 16:11:04.461 - RealTimeSTT: root - DEBUG - _audio_data_worker writing audio data into queue.
2025-04-15 16:11:05.485 - RealTimeSTT: root - DEBUG - _audio_data_worker writing audio data into queue.
2025-04-15 16:11:06.510 - RealTimeSTT: root - DEBUG - _audio_data_worker writing audio data into queue.
2025-04-15 16:11:07.533 - RealTimeSTT: root - DEBUG - _audio_data_worker writing audio data into queue.
2025-04-15 16:11:08.557 - RealTimeSTT: root - DEBUG - _audio_data_worker writing audio data into queue.
2025-04-15 16:11:09.581 - RealTimeSTT: root - DEBUG - _audio_data_worker writing audio data into queue.
2025-04-15 16:11:10.605 - RealTimeSTT: root - DEBUG - _audio_data_worker writing audio data into queue.
2025-04-15 16:11:11.629 - RealTimeSTT: root - DEBUG - _audio_data_worker writing audio data into queue.
2025-04-15 16:11:12.653 - RealTimeSTT: root - DEBUG - _audio_data_worker writing audio data into queue.
2025-04-15 16:11:13.678 - RealTimeSTT: root - DEBUG - _audio_data_worker writing audio data into queue.
2025-04-15 16:11:14.700 - RealTimeSTT: root - DEBUG - _audio_data_worker writing audio data into queue.
2025-04-15 16:11:15.724 - RealTimeSTT: root - DEBUG - _audio_data_worker writing audio data into queue.
2025-04-15 16:11:16.748 - RealTimeSTT: root - DEBUG - _audio_data_worker writing audio data into queue.
2025-04-15 16:11:17.772 - RealTimeSTT: root - DEBUG - _audio_data_worker writing audio data into queue.
2025-04-15 16:11:18.796 - RealTimeSTT: root - DEBUG - _audio_data_worker writing audio data into queue.
2025-04-15 16:11:19.821 - RealTimeSTT: root - DEBUG - _audio_data_worker writing audio data into queue.
2025-04-15 16:11:20.845 - RealTimeSTT: root - DEBUG - _audio_data_worker writing audio data into queue.
2025-04-15 16:11:21.869 - RealTimeSTT: root - DEBUG - _audio_data_worker writing audio data into queue.
2025-04-15 16:11:22.892 - RealTimeSTT: root - DEBUG - _audio_data_worker writing audio data into queue.
2025-04-15 16:11:23.916 - RealTimeSTT: root - DEBUG - _audio_data_worker writing audio data into queue.
2025-04-15 16:11:24.941 - RealTimeSTT: root - DEBUG - _audio_data_worker writing audio data into queue.
2025-04-15 16:11:25.965 - RealTimeSTT: root - DEBUG - _audio_data_worker writing audio data into queue.
2025-04-15 16:11:26.988 - RealTimeSTT: root - DEBUG - _audio_data_worker writing audio data into queue.
2025-04-15 16:11:28.012 - RealTimeSTT: root - DEBUG - _audio_data_worker writing audio data into queue.
2025-04-15 16:11:29.036 - RealTimeSTT: root - DEBUG - _audio_data_worker writing audio data into queue.
2025-04-15 16:11:30.060 - RealTimeSTT: root - DEBUG - _audio_data_worker writing audio data into queue.
2025-04-15 16:11:31.084 - RealTimeSTT: root - DEBUG - _audio_data_worker writing audio data into queue.
2025-04-15 16:11:32.108 - RealTimeSTT: root - DEBUG - _audio_data_worker writing audio data into queue.
2025-04-15 16:11:33.132 - RealTimeSTT: root - DEBUG - _audio_data_worker writing audio data into queue.
2025-04-15 16:11:34.157 - RealTimeSTT: root - DEBUG - _audio_data_worker writing audio data into queue.
2025-04-15 16:11:35.180 - RealTimeSTT: root - DEBUG - _audio_data_worker writing audio data into queue.
2025-04-15 16:11:36.204 - RealTimeSTT: root - DEBUG - _audio_data_worker writing audio data into queue.
2025-04-15 16:11:37.229 - RealTimeSTT: root - DEBUG - _audio_data_worker writing audio data into queue.
2025-04-15 16:11:38.252 - RealTimeSTT: root - DEBUG - _audio_data_worker writing audio data into queue.
2025-04-15 16:11:39.276 - RealTimeSTT: root - DEBUG - _audio_data_worker writing audio data into queue.
2025-04-15 16:11:40.300 - RealTimeSTT: root - DEBUG - _audio_data_worker writing audio data into queue.
2025-04-15 16:11:41.324 - RealTimeSTT: root - DEBUG - _audio_data_worker writing audio data into queue.
2025-04-15 16:11:42.348 - RealTimeSTT: root - DEBUG - _audio_data_worker writing audio data into queue.
2025-04-15 16:11:43.372 - RealTimeSTT: root - DEBUG - _audio_data_worker writing audio data into queue.
2025-04-15 16:11:44.396 - RealTimeSTT: root - DEBUG - _audio_data_worker writing audio data into queue.
2025-04-15 16:11:45.420 - RealTimeSTT: root - DEBUG - _audio_data_worker writing audio data into queue.
2025-04-15 16:11:46.445 - RealTimeSTT: root - DEBUG - _audio_data_worker writing audio data into queue.
2025-04-15 16:11:47.468 - RealTimeSTT: root - DEBUG - _audio_data_worker writing audio data into queue.
2025-04-15 16:11:48.493 - RealTimeSTT: root - DEBUG - _audio_data_worker writing audio data into queue.
2025-04-15 16:11:49.516 - RealTimeSTT: root - DEBUG - _audio_data_worker writing audio data into queue.
2025-04-15 16:11:50.540 - RealTimeSTT: root - DEBUG - _audio_data_worker writing audio data into queue.
2025-04-15 16:11:51.564 - RealTimeSTT: root - DEBUG - _audio_data_worker writing audio data into queue.
2025-04-15 16:11:52.588 - RealTimeSTT: root - DEBUG - _audio_data_worker writing audio data into queue.
2025-04-15 16:11:53.612 - RealTimeSTT: root - DEBUG - _audio_data_worker writing audio data into queue.
2025-04-15 16:11:54.636 - RealTimeSTT: root - DEBUG - _audio_data_worker writing audio data into queue.
2025-04-15 16:11:55.660 - RealTimeSTT: root - DEBUG - _audio_data_worker writing audio data into queue.
2025-04-15 16:11:56.684 - RealTimeSTT: root - DEBUG - _audio_data_worker writing audio data into queue.
2025-04-15 16:11:57.708 - RealTimeSTT: root - DEBUG - _audio_data_worker writing audio data into queue.
2025-04-15 16:11:58.732 - RealTimeSTT: root - DEBUG - _audio_data_worker writing audio data into queue.
2025-04-15 16:11:59.756 - RealTimeSTT: root - DEBUG - _audio_data_worker writing audio data into queue.
2025-04-15 16:12:00.780 - RealTimeSTT: root - DEBUG - _audio_data_worker writing audio data into queue.
2025-04-15 16:12:01.805 - RealTimeSTT: root - DEBUG - _audio_data_worker writing audio data into queue.
2025-04-15 16:12:02.829 - RealTimeSTT: root - DEBUG - _audio_data_worker writing audio data into queue.
2025-04-15 16:12:03.852 - RealTimeSTT: root - DEBUG - _audio_data_worker writing audio data into queue.
2025-04-15 16:12:04.876 - RealTimeSTT: root - DEBUG - _audio_data_worker writing audio data into queue.
2025-04-15 16:12:05.900 - RealTimeSTT: root - DEBUG - _audio_data_worker writing audio data into queue.
2025-04-15 16:12:06.924 - RealTimeSTT: root - DEBUG - _audio_data_worker writing audio data into queue.
2025-04-15 16:12:07.949 - RealTimeSTT: root - DEBUG - _audio_data_worker writing audio data into queue.
2025-04-15 16:12:08.973 - RealTimeSTT: root - DEBUG - _audio_data_worker writing audio data into queue.
2025-04-15 16:12:09.997 - RealTimeSTT: root - DEBUG - _audio_data_worker writing audio data into queue.
2025-04-15 16:12:11.021 - RealTimeSTT: root - DEBUG - _audio_data_worker writing audio data into queue.
2025-04-15 16:12:12.045 - RealTimeSTT: root - DEBUG - _audio_data_worker writing audio data into queue.
2025-04-15 16:12:13.069 - RealTimeSTT: root - DEBUG - _audio_data_worker writing audio data into queue.
2025-04-15 16:12:14.093 - RealTimeSTT: root - DEBUG - _audio_data_worker writing audio data into queue.
2025-04-15 16:12:15.117 - RealTimeSTT: root - DEBUG - _audio_data_worker writing audio data into queue.
2025-04-15 16:12:16.140 - RealTimeSTT: root - DEBUG - _audio_data_worker writing audio data into queue.
2025-04-15 16:12:17.164 - RealTimeSTT: root - DEBUG - _audio_data_worker writing audio data into queue.
2025-04-15 16:12:18.188 - RealTimeSTT: root - DEBUG - _audio_data_worker writing audio data into queue.
2025-04-15 16:12:19.213 - RealTimeSTT: root - DEBUG - _audio_data_worker writing audio data into queue.
2025-04-15 16:12:20.236 - RealTimeSTT: root - DEBUG - _audio_data_worker writing audio data into queue.
2025-04-15 16:12:21.261 - RealTimeSTT: root - DEBUG - _audio_data_worker writing audio data into queue.
2025-04-15 16:12:22.285 - RealTimeSTT: root - DEBUG - _audio_data_worker writing audio data into queue.
2025-04-15 16:12:23.309 - RealTimeSTT: root - DEBUG - _audio_data_worker writing audio data into queue.
2025-04-15 16:12:24.333 - RealTimeSTT: root - DEBUG - _audio_data_worker writing audio data into queue.
2025-04-15 16:12:25.357 - RealTimeSTT: root - DEBUG - _audio_data_worker writing audio data into queue.
2025-04-15 16:12:26.381 - RealTimeSTT: root - DEBUG - _audio_data_worker writing audio data into queue.
2025-04-15 16:12:27.404 - RealTimeSTT: root - DEBUG - _audio_data_worker writing audio data into queue.
2025-04-15 16:12:28.428 - RealTimeSTT: root - DEBUG - _audio_data_worker writing audio data into queue.
2025-04-15 16:12:29.453 - RealTimeSTT: root - DEBUG - _audio_data_worker writing audio data into queue.
2025-04-15 16:12:30.477 - RealTimeSTT: root - DEBUG - _audio_data_worker writing audio data into queue.
2025-04-15 16:12:31.501 - RealTimeSTT: root - DEBUG - _audio_data_worker writing audio data into queue.
2025-04-15 16:12:32.524 - RealTimeSTT: root - DEBUG - _audio_data_worker writing audio data into queue.
2025-04-15 16:12:33.548 - RealTimeSTT: root - DEBUG - _audio_data_worker writing audio data into queue.
2025-04-15 16:12:34.573 - RealTimeSTT: root - DEBUG - _audio_data_worker writing audio data into queue.
2025-04-15 16:12:35.596 - RealTimeSTT: root - DEBUG - _audio_data_worker writing audio data into queue.
2025-04-15 16:12:36.620 - RealTimeSTT: root - DEBUG - _audio_data_worker writing audio data into queue.
2025-04-15 16:12:37.645 - RealTimeSTT: root - DEBUG - _audio_data_worker writing audio data into queue.
2025-04-15 16:12:38.669 - RealTimeSTT: root - DEBUG - _audio_data_worker writing audio data into queue.
2025-04-15 16:12:39.692 - RealTimeSTT: root - DEBUG - _audio_data_worker writing audio data into queue.
2025-04-15 16:12:40.717 - RealTimeSTT: root - DEBUG - _audio_data_worker writing audio data into queue.
2025-04-15 16:12:41.741 - RealTimeSTT: root - DEBUG - _audio_data_worker writing audio data into queue.
2025-04-15 16:12:42.765 - RealTimeSTT: root - DEBUG - _audio_data_worker writing audio data into queue.
2025-04-15 16:12:43.788 - RealTimeSTT: root - DEBUG - _audio_data_worker writing audio data into queue.
2025-04-15 16:12:44.813 - RealTimeSTT: root - DEBUG - _audio_data_worker writing audio data into queue.
2025-04-15 16:12:45.836 - RealTimeSTT: root - DEBUG - _audio_data_worker writing audio data into queue.
2025-04-15 16:12:46.860 - RealTimeSTT: root - DEBUG - _audio_data_worker writing audio data into queue.
2025-04-15 16:12:47.885 - RealTimeSTT: root - DEBUG - _audio_data_worker writing audio data into queue.
2025-04-15 16:12:48.909 - RealTimeSTT: root - DEBUG - _audio_data_worker writing audio data into queue.
2025-04-15 16:12:49.933 - RealTimeSTT: root - DEBUG - _audio_data_worker writing audio data into queue.
2025-04-15 16:12:50.957 - RealTimeSTT: root - DEBUG - _audio_data_worker writing audio data into queue.
2025-04-15 16:12:51.981 - RealTimeSTT: root - DEBUG - _audio_data_worker writing audio data into queue.
2025-04-15 16:12:53.004 - RealTimeSTT: root - DEBUG - _audio_data_worker writing audio data into queue.
2025-04-15 16:12:54.029 - RealTimeSTT: root - DEBUG - _audio_data_worker writing audio data into queue.
2025-04-15 16:12:55.053 - RealTimeSTT: root - DEBUG - _audio_data_worker writing audio data into queue.
2025-04-15 16:12:56.077 - RealTimeSTT: root - DEBUG - _audio_data_worker writing audio data into queue.
2025-04-15 16:12:57.101 - RealTimeSTT: root - DEBUG - _audio_data_worker writing audio data into queue.
2025-04-16 13:30:30.402 - RealTimeSTT: root - INFO - Starting RealTimeSTT
2025-04-16 13:30:30.404 - RealTimeSTT: root - INFO - Initializing faster_whisper main transcription model base.en
2025-04-16 13:30:30.404 - RealTimeSTT: root - INFO - Initializing audio recording (creating pyAudio input stream, sample rate: 16000 buffer size: 512
2025-04-16 13:30:30.405 - RealTimeSTT: root - INFO - Initializing WebRTC voice with Sensitivity 0
2025-04-16 13:30:30.405 - RealTimeSTT: root - DEBUG - WebRTC VAD voice activity detection engine initialized successfully
2025-04-16 13:30:30.408 - RealTimeSTT: urllib3.connectionpool - DEBUG - Starting new HTTPS connection (1): huggingface.co:443
2025-04-16 13:30:30.529 - RealTimeSTT: root - INFO - Microphone connected and validated (input_device_index: 5)
2025-04-16 13:30:30.529 - RealTimeSTT: root - DEBUG - Audio recording initialized successfully at 16000 Hz, reading 1024 frames at a time
2025-04-16 13:30:30.534 - RealTimeSTT: urllib3.connectionpool - DEBUG - https://huggingface.co:443 "GET /api/models/Systran/faster-whisper-base.en/revision/main HTTP/1.1" 200 932
2025-04-16 13:30:30.645 - RealTimeSTT: torio._extension.utils - DEBUG - Loading FFmpeg6
2025-04-16 13:30:30.648 - RealTimeSTT: torio._extension.utils - DEBUG - Failed to load FFmpeg6 extension.
Traceback (most recent call last):
  File "/home/hello-robot/.local/lib/python3.10/site-packages/torio/_extension/utils.py", line 116, in _find_ffmpeg_extension
    ext = _find_versionsed_ffmpeg_extension(ffmpeg_ver)
  File "/home/hello-robot/.local/lib/python3.10/site-packages/torio/_extension/utils.py", line 108, in _find_versionsed_ffmpeg_extension
    _load_lib(lib)
  File "/home/hello-robot/.local/lib/python3.10/site-packages/torio/_extension/utils.py", line 94, in _load_lib
    torch.ops.load_library(path)
  File "/home/hello-robot/.local/lib/python3.10/site-packages/torch/_ops.py", line 1032, in load_library
    ctypes.CDLL(path)
  File "/usr/lib/python3.10/ctypes/__init__.py", line 374, in __init__
    self._handle = _dlopen(self._name, mode)
OSError: libavutil.so.58: cannot open shared object file: No such file or directory
2025-04-16 13:30:30.649 - RealTimeSTT: torio._extension.utils - DEBUG - Loading FFmpeg5
2025-04-16 13:30:30.651 - RealTimeSTT: torio._extension.utils - DEBUG - Failed to load FFmpeg5 extension.
Traceback (most recent call last):
  File "/home/hello-robot/.local/lib/python3.10/site-packages/torio/_extension/utils.py", line 116, in _find_ffmpeg_extension
    ext = _find_versionsed_ffmpeg_extension(ffmpeg_ver)
  File "/home/hello-robot/.local/lib/python3.10/site-packages/torio/_extension/utils.py", line 108, in _find_versionsed_ffmpeg_extension
    _load_lib(lib)
  File "/home/hello-robot/.local/lib/python3.10/site-packages/torio/_extension/utils.py", line 94, in _load_lib
    torch.ops.load_library(path)
  File "/home/hello-robot/.local/lib/python3.10/site-packages/torch/_ops.py", line 1032, in load_library
    ctypes.CDLL(path)
  File "/usr/lib/python3.10/ctypes/__init__.py", line 374, in __init__
    self._handle = _dlopen(self._name, mode)
OSError: libavutil.so.57: cannot open shared object file: No such file or directory
2025-04-16 13:30:30.651 - RealTimeSTT: torio._extension.utils - DEBUG - Loading FFmpeg4
2025-04-16 13:30:30.829 - RealTimeSTT: torio._extension.utils - DEBUG - Successfully loaded FFmpeg4
2025-04-16 13:30:30.981 - RealTimeSTT: faster_whisper - INFO - Processing audio with duration 00:01.620
2025-04-16 13:30:31.030 - RealTimeSTT: faster_whisper - INFO - VAD filter removed 00:00.000 of audio
2025-04-16 13:30:31.218 - RealTimeSTT: root - DEBUG - Silero VAD voice activity detection engine initialized successfully
2025-04-16 13:30:31.219 - RealTimeSTT: root - DEBUG - Starting realtime worker
2025-04-16 13:30:31.220 - RealTimeSTT: root - DEBUG - Waiting for main transcription model to start
2025-04-16 13:30:31.595 - RealTimeSTT: root - DEBUG - _audio_data_worker writing audio data into queue.
2025-04-16 13:30:32.334 - RealTimeSTT: root - DEBUG - Faster_whisper main speech to text transcription model initialized successfully
2025-04-16 13:30:32.334 - RealTimeSTT: root - DEBUG - Main transcription model ready
2025-04-16 13:30:32.335 - RealTimeSTT: root - DEBUG - RealtimeSTT initialization completed successfully
2025-04-16 13:30:32.618 - RealTimeSTT: root - DEBUG - _audio_data_worker writing audio data into queue.
2025-04-16 13:30:33.643 - RealTimeSTT: root - DEBUG - _audio_data_worker writing audio data into queue.
2025-04-16 13:30:34.666 - RealTimeSTT: root - DEBUG - _audio_data_worker writing audio data into queue.
2025-04-16 13:30:35.691 - RealTimeSTT: root - DEBUG - _audio_data_worker writing audio data into queue.
2025-04-16 13:30:36.714 - RealTimeSTT: root - DEBUG - _audio_data_worker writing audio data into queue.
2025-04-16 13:30:37.739 - RealTimeSTT: root - DEBUG - _audio_data_worker writing audio data into queue.
2025-04-16 13:30:38.762 - RealTimeSTT: root - DEBUG - _audio_data_worker writing audio data into queue.
2025-04-16 13:30:39.787 - RealTimeSTT: root - DEBUG - _audio_data_worker writing audio data into queue.
2025-04-16 13:30:40.810 - RealTimeSTT: root - DEBUG - _audio_data_worker writing audio data into queue.
2025-04-16 13:30:41.834 - RealTimeSTT: root - DEBUG - _audio_data_worker writing audio data into queue.
2025-04-16 13:30:42.859 - RealTimeSTT: root - DEBUG - _audio_data_worker writing audio data into queue.
2025-04-16 13:30:43.883 - RealTimeSTT: root - DEBUG - _audio_data_worker writing audio data into queue.
2025-04-16 13:30:44.906 - RealTimeSTT: root - DEBUG - _audio_data_worker writing audio data into queue.
2025-04-16 13:30:45.931 - RealTimeSTT: root - DEBUG - _audio_data_worker writing audio data into queue.
2025-04-16 13:30:46.955 - RealTimeSTT: root - DEBUG - _audio_data_worker writing audio data into queue.
2025-04-16 13:30:47.978 - RealTimeSTT: root - DEBUG - _audio_data_worker writing audio data into queue.
2025-04-16 13:30:49.003 - RealTimeSTT: root - DEBUG - _audio_data_worker writing audio data into queue.
2025-04-16 13:30:50.026 - RealTimeSTT: root - DEBUG - _audio_data_worker writing audio data into queue.
2025-04-16 13:30:51.051 - RealTimeSTT: root - DEBUG - _audio_data_worker writing audio data into queue.
2025-04-16 13:30:52.074 - RealTimeSTT: root - DEBUG - _audio_data_worker writing audio data into queue.
2025-04-16 13:30:53.099 - RealTimeSTT: root - DEBUG - _audio_data_worker writing audio data into queue.
2025-04-16 13:30:54.122 - RealTimeSTT: root - DEBUG - _audio_data_worker writing audio data into queue.
2025-04-16 13:30:55.146 - RealTimeSTT: root - DEBUG - _audio_data_worker writing audio data into queue.
2025-04-16 13:30:56.170 - RealTimeSTT: root - DEBUG - _audio_data_worker writing audio data into queue.
2025-04-16 13:30:57.195 - RealTimeSTT: root - DEBUG - _audio_data_worker writing audio data into queue.
2025-04-16 13:30:58.219 - RealTimeSTT: root - DEBUG - _audio_data_worker writing audio data into queue.
2025-04-16 13:30:59.242 - RealTimeSTT: root - DEBUG - _audio_data_worker writing audio data into queue.
2025-04-16 13:31:00.266 - RealTimeSTT: root - DEBUG - _audio_data_worker writing audio data into queue.
2025-04-16 13:31:01.290 - RealTimeSTT: root - DEBUG - _audio_data_worker writing audio data into queue.
2025-04-16 13:31:02.315 - RealTimeSTT: root - DEBUG - _audio_data_worker writing audio data into queue.
2025-04-16 13:31:03.338 - RealTimeSTT: root - DEBUG - _audio_data_worker writing audio data into queue.
2025-04-16 13:31:04.362 - RealTimeSTT: root - DEBUG - _audio_data_worker writing audio data into queue.
2025-04-16 13:31:05.386 - RealTimeSTT: root - DEBUG - _audio_data_worker writing audio data into queue.
2025-04-16 13:31:06.410 - RealTimeSTT: root - DEBUG - _audio_data_worker writing audio data into queue.
2025-04-16 13:31:07.435 - RealTimeSTT: root - DEBUG - _audio_data_worker writing audio data into queue.
2025-04-16 13:31:08.459 - RealTimeSTT: root - DEBUG - _audio_data_worker writing audio data into queue.
2025-04-16 13:31:09.483 - RealTimeSTT: root - DEBUG - _audio_data_worker writing audio data into queue.
2025-04-16 13:31:10.507 - RealTimeSTT: root - DEBUG - _audio_data_worker writing audio data into queue.
2025-04-16 13:31:11.530 - RealTimeSTT: root - DEBUG - _audio_data_worker writing audio data into queue.
2025-04-16 13:31:12.555 - RealTimeSTT: root - DEBUG - _audio_data_worker writing audio data into queue.
2025-04-16 13:31:13.578 - RealTimeSTT: root - DEBUG - _audio_data_worker writing audio data into queue.
2025-04-16 13:31:14.603 - RealTimeSTT: root - DEBUG - _audio_data_worker writing audio data into queue.
2025-04-16 13:31:15.627 - RealTimeSTT: root - DEBUG - _audio_data_worker writing audio data into queue.
2025-04-16 13:31:16.651 - RealTimeSTT: root - DEBUG - _audio_data_worker writing audio data into queue.
2025-04-16 13:31:17.675 - RealTimeSTT: root - DEBUG - _audio_data_worker writing audio data into queue.
2025-04-16 13:31:18.699 - RealTimeSTT: root - DEBUG - _audio_data_worker writing audio data into queue.
2025-04-16 13:31:19.723 - RealTimeSTT: root - DEBUG - _audio_data_worker writing audio data into queue.
2025-04-16 13:31:20.747 - RealTimeSTT: root - DEBUG - _audio_data_worker writing audio data into queue.
2025-04-16 13:31:21.771 - RealTimeSTT: root - DEBUG - _audio_data_worker writing audio data into queue.
2025-04-16 13:31:22.795 - RealTimeSTT: root - DEBUG - _audio_data_worker writing audio data into queue.
2025-04-16 13:31:23.818 - RealTimeSTT: root - DEBUG - _audio_data_worker writing audio data into queue.
2025-04-16 13:31:24.843 - RealTimeSTT: root - DEBUG - _audio_data_worker writing audio data into queue.
2025-04-16 13:31:25.867 - RealTimeSTT: root - DEBUG - _audio_data_worker writing audio data into queue.
2025-04-16 13:31:26.890 - RealTimeSTT: root - DEBUG - _audio_data_worker writing audio data into queue.
2025-04-16 13:31:27.914 - RealTimeSTT: root - DEBUG - _audio_data_worker writing audio data into queue.
2025-04-16 13:31:28.938 - RealTimeSTT: root - DEBUG - _audio_data_worker writing audio data into queue.
2025-04-16 13:31:29.963 - RealTimeSTT: root - DEBUG - _audio_data_worker writing audio data into queue.
2025-04-16 13:31:30.987 - RealTimeSTT: root - DEBUG - _audio_data_worker writing audio data into queue.
2025-04-16 13:31:32.011 - RealTimeSTT: root - DEBUG - _audio_data_worker writing audio data into queue.
2025-04-16 13:31:33.034 - RealTimeSTT: root - DEBUG - _audio_data_worker writing audio data into queue.
2025-04-16 13:31:34.059 - RealTimeSTT: root - DEBUG - _audio_data_worker writing audio data into queue.
2025-04-16 13:31:35.083 - RealTimeSTT: root - DEBUG - _audio_data_worker writing audio data into queue.
2025-04-16 13:31:36.106 - RealTimeSTT: root - DEBUG - _audio_data_worker writing audio data into queue.
2025-04-16 13:31:37.131 - RealTimeSTT: root - DEBUG - _audio_data_worker writing audio data into queue.
2025-04-16 13:31:38.155 - RealTimeSTT: root - DEBUG - _audio_data_worker writing audio data into queue.
2025-04-16 13:31:39.178 - RealTimeSTT: root - DEBUG - _audio_data_worker writing audio data into queue.
2025-04-16 13:31:40.202 - RealTimeSTT: root - DEBUG - _audio_data_worker writing audio data into queue.
2025-04-16 13:31:41.227 - RealTimeSTT: root - DEBUG - _audio_data_worker writing audio data into queue.
2025-04-16 13:31:42.250 - RealTimeSTT: root - DEBUG - _audio_data_worker writing audio data into queue.
2025-04-16 13:31:43.274 - RealTimeSTT: root - DEBUG - _audio_data_worker writing audio data into queue.
2025-04-16 13:31:44.298 - RealTimeSTT: root - DEBUG - _audio_data_worker writing audio data into queue.
2025-04-16 13:31:45.323 - RealTimeSTT: root - DEBUG - _audio_data_worker writing audio data into queue.
2025-04-16 13:31:46.347 - RealTimeSTT: root - DEBUG - _audio_data_worker writing audio data into queue.
2025-04-16 13:31:47.371 - RealTimeSTT: root - DEBUG - _audio_data_worker writing audio data into queue.
2025-04-16 13:31:48.395 - RealTimeSTT: root - DEBUG - _audio_data_worker writing audio data into queue.
2025-04-16 13:31:49.418 - RealTimeSTT: root - DEBUG - _audio_data_worker writing audio data into queue.
2025-04-16 13:31:50.443 - RealTimeSTT: root - DEBUG - _audio_data_worker writing audio data into queue.
2025-04-16 13:31:51.466 - RealTimeSTT: root - DEBUG - _audio_data_worker writing audio data into queue.
2025-04-16 13:31:52.490 - RealTimeSTT: root - DEBUG - _audio_data_worker writing audio data into queue.
2025-04-16 13:31:53.515 - RealTimeSTT: root - DEBUG - _audio_data_worker writing audio data into queue.
2025-04-16 13:31:54.538 - RealTimeSTT: root - DEBUG - _audio_data_worker writing audio data into queue.
2025-04-16 13:31:55.563 - RealTimeSTT: root - DEBUG - _audio_data_worker writing audio data into queue.
2025-04-16 13:31:56.587 - RealTimeSTT: root - DEBUG - _audio_data_worker writing audio data into queue.
2025-04-16 13:31:57.611 - RealTimeSTT: root - DEBUG - _audio_data_worker writing audio data into queue.
2025-04-16 13:31:58.634 - RealTimeSTT: root - DEBUG - _audio_data_worker writing audio data into queue.
2025-04-16 13:31:59.659 - RealTimeSTT: root - DEBUG - _audio_data_worker writing audio data into queue.
2025-04-16 13:32:00.683 - RealTimeSTT: root - DEBUG - _audio_data_worker writing audio data into queue.
2025-04-16 13:32:01.706 - RealTimeSTT: root - DEBUG - _audio_data_worker writing audio data into queue.
2025-04-16 13:32:02.730 - RealTimeSTT: root - DEBUG - _audio_data_worker writing audio data into queue.
2025-04-16 13:32:03.755 - RealTimeSTT: root - DEBUG - _audio_data_worker writing audio data into queue.
2025-04-16 13:32:04.779 - RealTimeSTT: root - DEBUG - _audio_data_worker writing audio data into queue.
2025-04-16 13:32:05.803 - RealTimeSTT: root - DEBUG - _audio_data_worker writing audio data into queue.
2025-04-16 13:32:06.826 - RealTimeSTT: root - DEBUG - _audio_data_worker writing audio data into queue.
2025-04-16 13:32:07.850 - RealTimeSTT: root - DEBUG - _audio_data_worker writing audio data into queue.
2025-04-16 13:32:08.875 - RealTimeSTT: root - DEBUG - _audio_data_worker writing audio data into queue.
2025-04-16 13:32:09.898 - RealTimeSTT: root - DEBUG - _audio_data_worker writing audio data into queue.
2025-04-16 13:32:10.922 - RealTimeSTT: root - DEBUG - _audio_data_worker writing audio data into queue.
2025-04-16 13:32:11.946 - RealTimeSTT: root - DEBUG - _audio_data_worker writing audio data into queue.
2025-04-16 13:32:12.971 - RealTimeSTT: root - DEBUG - _audio_data_worker writing audio data into queue.
2025-04-16 13:32:13.995 - RealTimeSTT: root - DEBUG - _audio_data_worker writing audio data into queue.
2025-04-16 13:32:15.019 - RealTimeSTT: root - DEBUG - _audio_data_worker writing audio data into queue.
2025-04-16 13:32:16.043 - RealTimeSTT: root - DEBUG - _audio_data_worker writing audio data into queue.
2025-04-16 13:32:17.066 - RealTimeSTT: root - DEBUG - _audio_data_worker writing audio data into queue.
2025-04-16 13:32:18.091 - RealTimeSTT: root - DEBUG - _audio_data_worker writing audio data into queue.
2025-04-16 13:32:19.115 - RealTimeSTT: root - DEBUG - _audio_data_worker writing audio data into queue.
2025-04-16 13:32:20.138 - RealTimeSTT: root - DEBUG - _audio_data_worker writing audio data into queue.
2025-04-16 13:32:21.162 - RealTimeSTT: root - DEBUG - _audio_data_worker writing audio data into queue.
2025-04-16 13:32:22.186 - RealTimeSTT: root - DEBUG - _audio_data_worker writing audio data into queue.
2025-04-16 13:32:23.211 - RealTimeSTT: root - DEBUG - _audio_data_worker writing audio data into queue.
2025-04-16 13:32:24.235 - RealTimeSTT: root - DEBUG - _audio_data_worker writing audio data into queue.
2025-04-16 13:32:25.259 - RealTimeSTT: root - DEBUG - _audio_data_worker writing audio data into queue.
2025-04-16 13:32:26.282 - RealTimeSTT: root - DEBUG - _audio_data_worker writing audio data into queue.
2025-04-16 13:32:27.306 - RealTimeSTT: root - DEBUG - _audio_data_worker writing audio data into queue.
2025-04-16 13:32:28.331 - RealTimeSTT: root - DEBUG - _audio_data_worker writing audio data into queue.
2025-04-16 13:32:29.355 - RealTimeSTT: root - DEBUG - _audio_data_worker writing audio data into queue.
2025-04-16 13:32:30.379 - RealTimeSTT: root - DEBUG - _audio_data_worker writing audio data into queue.
2025-04-16 13:32:31.403 - RealTimeSTT: root - DEBUG - _audio_data_worker writing audio data into queue.
2025-04-16 13:32:32.427 - RealTimeSTT: root - DEBUG - _audio_data_worker writing audio data into queue.
2025-04-16 13:32:33.451 - RealTimeSTT: root - DEBUG - _audio_data_worker writing audio data into queue.
2025-04-16 13:32:34.475 - RealTimeSTT: root - DEBUG - _audio_data_worker writing audio data into queue.
2025-04-16 13:32:35.499 - RealTimeSTT: root - DEBUG - _audio_data_worker writing audio data into queue.
2025-04-16 13:32:36.523 - RealTimeSTT: root - DEBUG - _audio_data_worker writing audio data into queue.
2025-04-16 13:32:37.546 - RealTimeSTT: root - DEBUG - _audio_data_worker writing audio data into queue.
2025-04-16 13:32:38.570 - RealTimeSTT: root - DEBUG - _audio_data_worker writing audio data into queue.
2025-04-16 13:32:39.594 - RealTimeSTT: root - DEBUG - _audio_data_worker writing audio data into queue.
2025-04-16 13:32:40.618 - RealTimeSTT: root - DEBUG - _audio_data_worker writing audio data into queue.
2025-04-16 13:32:41.643 - RealTimeSTT: root - DEBUG - _audio_data_worker writing audio data into queue.
2025-04-16 13:32:42.667 - RealTimeSTT: root - DEBUG - _audio_data_worker writing audio data into queue.
2025-04-16 13:32:43.691 - RealTimeSTT: root - DEBUG - _audio_data_worker writing audio data into queue.
2025-04-16 13:32:44.715 - RealTimeSTT: root - DEBUG - _audio_data_worker writing audio data into queue.
2025-04-16 13:32:45.738 - RealTimeSTT: root - DEBUG - _audio_data_worker writing audio data into queue.
2025-04-16 13:32:46.763 - RealTimeSTT: root - DEBUG - _audio_data_worker writing audio data into queue.
2025-04-16 13:32:47.787 - RealTimeSTT: root - DEBUG - _audio_data_worker writing audio data into queue.
2025-04-16 13:32:48.811 - RealTimeSTT: root - DEBUG - _audio_data_worker writing audio data into queue.
2025-04-16 13:32:49.835 - RealTimeSTT: root - DEBUG - _audio_data_worker writing audio data into queue.
2025-04-16 13:32:50.859 - RealTimeSTT: root - DEBUG - _audio_data_worker writing audio data into queue.
2025-04-16 13:32:51.883 - RealTimeSTT: root - DEBUG - _audio_data_worker writing audio data into queue.
2025-04-16 13:32:52.906 - RealTimeSTT: root - DEBUG - _audio_data_worker writing audio data into queue.
2025-04-16 13:32:53.930 - RealTimeSTT: root - DEBUG - _audio_data_worker writing audio data into queue.
2025-04-16 13:32:54.955 - RealTimeSTT: root - DEBUG - _audio_data_worker writing audio data into queue.
2025-04-16 13:32:55.979 - RealTimeSTT: root - DEBUG - _audio_data_worker writing audio data into queue.
2025-04-16 13:32:57.002 - RealTimeSTT: root - DEBUG - _audio_data_worker writing audio data into queue.
2025-04-16 13:32:58.027 - RealTimeSTT: root - DEBUG - _audio_data_worker writing audio data into queue.
2025-04-16 13:32:59.050 - RealTimeSTT: root - DEBUG - _audio_data_worker writing audio data into queue.
2025-04-16 13:33:00.075 - RealTimeSTT: root - DEBUG - _audio_data_worker writing audio data into queue.
2025-04-16 13:33:01.099 - RealTimeSTT: root - DEBUG - _audio_data_worker writing audio data into queue.
2025-04-16 13:33:02.123 - RealTimeSTT: root - DEBUG - _audio_data_worker writing audio data into queue.
2025-04-16 13:33:03.147 - RealTimeSTT: root - DEBUG - _audio_data_worker writing audio data into queue.
2025-04-16 13:33:04.171 - RealTimeSTT: root - DEBUG - _audio_data_worker writing audio data into queue.
2025-04-16 13:33:05.195 - RealTimeSTT: root - DEBUG - _audio_data_worker writing audio data into queue.
2025-04-16 13:33:06.219 - RealTimeSTT: root - DEBUG - _audio_data_worker writing audio data into queue.
2025-04-16 13:33:07.243 - RealTimeSTT: root - DEBUG - _audio_data_worker writing audio data into queue.
2025-04-16 13:33:08.266 - RealTimeSTT: root - DEBUG - _audio_data_worker writing audio data into queue.
2025-04-16 13:33:09.291 - RealTimeSTT: root - DEBUG - _audio_data_worker writing audio data into queue.
2025-04-16 13:33:10.315 - RealTimeSTT: root - DEBUG - _audio_data_worker writing audio data into queue.
2025-04-16 13:33:11.339 - RealTimeSTT: root - DEBUG - _audio_data_worker writing audio data into queue.
2025-04-16 13:33:12.362 - RealTimeSTT: root - DEBUG - _audio_data_worker writing audio data into queue.
2025-04-16 13:33:13.387 - RealTimeSTT: root - DEBUG - _audio_data_worker writing audio data into queue.
2025-04-16 13:33:14.410 - RealTimeSTT: root - DEBUG - _audio_data_worker writing audio data into queue.
2025-04-16 13:33:15.435 - RealTimeSTT: root - DEBUG - _audio_data_worker writing audio data into queue.
2025-04-16 13:33:16.459 - RealTimeSTT: root - DEBUG - _audio_data_worker writing audio data into queue.
2025-04-16 13:33:17.483 - RealTimeSTT: root - DEBUG - _audio_data_worker writing audio data into queue.
2025-04-16 13:33:18.507 - RealTimeSTT: root - DEBUG - _audio_data_worker writing audio data into queue.
2025-04-16 13:33:19.531 - RealTimeSTT: root - DEBUG - _audio_data_worker writing audio data into queue.
2025-04-16 13:33:20.555 - RealTimeSTT: root - DEBUG - _audio_data_worker writing audio data into queue.
2025-04-16 13:33:21.579 - RealTimeSTT: root - DEBUG - _audio_data_worker writing audio data into queue.
2025-04-16 13:33:22.603 - RealTimeSTT: root - DEBUG - _audio_data_worker writing audio data into queue.
2025-04-16 13:33:23.627 - RealTimeSTT: root - DEBUG - _audio_data_worker writing audio data into queue.
2025-04-16 13:33:24.651 - RealTimeSTT: root - DEBUG - _audio_data_worker writing audio data into queue.
2025-04-16 13:33:25.675 - RealTimeSTT: root - DEBUG - _audio_data_worker writing audio data into queue.
2025-04-16 13:33:26.699 - RealTimeSTT: root - DEBUG - _audio_data_worker writing audio data into queue.
2025-04-16 13:33:27.722 - RealTimeSTT: root - DEBUG - _audio_data_worker writing audio data into queue.
2025-04-16 13:33:28.746 - RealTimeSTT: root - DEBUG - _audio_data_worker writing audio data into queue.
2025-04-16 13:33:29.769 - RealTimeSTT: root - DEBUG - _audio_data_worker writing audio data into queue.
2025-04-16 13:33:30.794 - RealTimeSTT: root - DEBUG - _audio_data_worker writing audio data into queue.
2025-04-16 13:33:31.817 - RealTimeSTT: root - DEBUG - _audio_data_worker writing audio data into queue.
2025-04-16 13:33:32.841 - RealTimeSTT: root - DEBUG - _audio_data_worker writing audio data into queue.
2025-04-16 13:33:33.866 - RealTimeSTT: root - DEBUG - _audio_data_worker writing audio data into queue.
2025-04-16 13:33:34.890 - RealTimeSTT: root - DEBUG - _audio_data_worker writing audio data into queue.
2025-04-16 13:51:18.074 - RealTimeSTT: root - INFO - Starting RealTimeSTT
2025-04-16 13:51:18.075 - RealTimeSTT: root - INFO - Initializing faster_whisper main transcription model base.en
2025-04-16 13:51:18.075 - RealTimeSTT: root - INFO - Initializing audio recording (creating pyAudio input stream, sample rate: 16000 buffer size: 512
2025-04-16 13:51:18.076 - RealTimeSTT: root - INFO - Initializing WebRTC voice with Sensitivity 0
2025-04-16 13:51:18.076 - RealTimeSTT: root - DEBUG - WebRTC VAD voice activity detection engine initialized successfully
2025-04-16 13:51:18.079 - RealTimeSTT: urllib3.connectionpool - DEBUG - Starting new HTTPS connection (1): huggingface.co:443
2025-04-16 13:51:18.196 - RealTimeSTT: root - INFO - Microphone connected and validated (input_device_index: 5)
2025-04-16 13:51:18.196 - RealTimeSTT: root - DEBUG - Audio recording initialized successfully at 16000 Hz, reading 1024 frames at a time
2025-04-16 13:51:18.210 - RealTimeSTT: urllib3.connectionpool - DEBUG - https://huggingface.co:443 "GET /api/models/Systran/faster-whisper-base.en/revision/main HTTP/1.1" 200 932
2025-04-16 13:51:18.266 - RealTimeSTT: torio._extension.utils - DEBUG - Loading FFmpeg6
2025-04-16 13:51:18.267 - RealTimeSTT: torio._extension.utils - DEBUG - Failed to load FFmpeg6 extension.
Traceback (most recent call last):
  File "/home/hello-robot/.local/lib/python3.10/site-packages/torio/_extension/utils.py", line 116, in _find_ffmpeg_extension
    ext = _find_versionsed_ffmpeg_extension(ffmpeg_ver)
  File "/home/hello-robot/.local/lib/python3.10/site-packages/torio/_extension/utils.py", line 108, in _find_versionsed_ffmpeg_extension
    _load_lib(lib)
  File "/home/hello-robot/.local/lib/python3.10/site-packages/torio/_extension/utils.py", line 94, in _load_lib
    torch.ops.load_library(path)
  File "/home/hello-robot/.local/lib/python3.10/site-packages/torch/_ops.py", line 1032, in load_library
    ctypes.CDLL(path)
  File "/usr/lib/python3.10/ctypes/__init__.py", line 374, in __init__
    self._handle = _dlopen(self._name, mode)
OSError: libavutil.so.58: cannot open shared object file: No such file or directory
2025-04-16 13:51:18.268 - RealTimeSTT: torio._extension.utils - DEBUG - Loading FFmpeg5
2025-04-16 13:51:18.268 - RealTimeSTT: torio._extension.utils - DEBUG - Failed to load FFmpeg5 extension.
Traceback (most recent call last):
  File "/home/hello-robot/.local/lib/python3.10/site-packages/torio/_extension/utils.py", line 116, in _find_ffmpeg_extension
    ext = _find_versionsed_ffmpeg_extension(ffmpeg_ver)
  File "/home/hello-robot/.local/lib/python3.10/site-packages/torio/_extension/utils.py", line 108, in _find_versionsed_ffmpeg_extension
    _load_lib(lib)
  File "/home/hello-robot/.local/lib/python3.10/site-packages/torio/_extension/utils.py", line 94, in _load_lib
    torch.ops.load_library(path)
  File "/home/hello-robot/.local/lib/python3.10/site-packages/torch/_ops.py", line 1032, in load_library
    ctypes.CDLL(path)
  File "/usr/lib/python3.10/ctypes/__init__.py", line 374, in __init__
    self._handle = _dlopen(self._name, mode)
OSError: libavutil.so.57: cannot open shared object file: No such file or directory
2025-04-16 13:51:18.269 - RealTimeSTT: torio._extension.utils - DEBUG - Loading FFmpeg4
2025-04-16 13:51:18.361 - RealTimeSTT: torio._extension.utils - DEBUG - Successfully loaded FFmpeg4
2025-04-16 13:51:18.508 - RealTimeSTT: root - DEBUG - Silero VAD voice activity detection engine initialized successfully
2025-04-16 13:51:18.591 - RealTimeSTT: root - DEBUG - Starting realtime worker
2025-04-16 13:51:18.592 - RealTimeSTT: root - DEBUG - Waiting for main transcription model to start
2025-04-16 13:51:18.593 - RealTimeSTT: faster_whisper - INFO - Processing audio with duration 00:01.620
2025-04-16 13:51:18.610 - RealTimeSTT: faster_whisper - INFO - VAD filter removed 00:00.000 of audio
2025-04-16 13:51:19.286 - RealTimeSTT: root - DEBUG - _audio_data_worker writing audio data into queue.
2025-04-16 13:51:19.967 - RealTimeSTT: root - DEBUG - Faster_whisper main speech to text transcription model initialized successfully
2025-04-16 13:51:19.967 - RealTimeSTT: root - DEBUG - Main transcription model ready
2025-04-16 13:51:19.968 - RealTimeSTT: root - DEBUG - RealtimeSTT initialization completed successfully
2025-04-16 13:51:20.310 - RealTimeSTT: root - DEBUG - _audio_data_worker writing audio data into queue.
2025-04-16 13:51:21.334 - RealTimeSTT: root - DEBUG - _audio_data_worker writing audio data into queue.
2025-04-16 13:51:22.358 - RealTimeSTT: root - DEBUG - _audio_data_worker writing audio data into queue.
2025-04-16 13:51:23.382 - RealTimeSTT: root - DEBUG - _audio_data_worker writing audio data into queue.
2025-04-16 13:51:24.406 - RealTimeSTT: root - DEBUG - _audio_data_worker writing audio data into queue.
2025-04-16 13:51:25.430 - RealTimeSTT: root - DEBUG - _audio_data_worker writing audio data into queue.
2025-04-16 13:51:26.454 - RealTimeSTT: root - DEBUG - _audio_data_worker writing audio data into queue.
2025-04-16 13:51:27.478 - RealTimeSTT: root - DEBUG - _audio_data_worker writing audio data into queue.
2025-04-16 13:51:28.502 - RealTimeSTT: root - DEBUG - _audio_data_worker writing audio data into queue.
2025-04-16 13:51:29.526 - RealTimeSTT: root - DEBUG - _audio_data_worker writing audio data into queue.
2025-04-16 13:51:30.550 - RealTimeSTT: root - DEBUG - _audio_data_worker writing audio data into queue.
2025-04-16 13:51:31.574 - RealTimeSTT: root - DEBUG - _audio_data_worker writing audio data into queue.
2025-04-16 13:51:32.598 - RealTimeSTT: root - DEBUG - _audio_data_worker writing audio data into queue.
2025-04-16 13:51:33.622 - RealTimeSTT: root - DEBUG - _audio_data_worker writing audio data into queue.
2025-04-16 13:51:34.646 - RealTimeSTT: root - DEBUG - _audio_data_worker writing audio data into queue.
2025-04-16 13:51:35.670 - RealTimeSTT: root - DEBUG - _audio_data_worker writing audio data into queue.
2025-04-16 13:51:36.694 - RealTimeSTT: root - DEBUG - _audio_data_worker writing audio data into queue.
2025-04-16 13:51:37.718 - RealTimeSTT: root - DEBUG - _audio_data_worker writing audio data into queue.
2025-04-16 13:51:38.742 - RealTimeSTT: root - DEBUG - _audio_data_worker writing audio data into queue.
2025-04-16 13:51:39.766 - RealTimeSTT: root - DEBUG - _audio_data_worker writing audio data into queue.
2025-04-16 13:51:40.790 - RealTimeSTT: root - DEBUG - _audio_data_worker writing audio data into queue.
2025-04-16 13:51:41.814 - RealTimeSTT: root - DEBUG - _audio_data_worker writing audio data into queue.
2025-04-16 13:51:42.838 - RealTimeSTT: root - DEBUG - _audio_data_worker writing audio data into queue.
2025-04-16 13:51:43.862 - RealTimeSTT: root - DEBUG - _audio_data_worker writing audio data into queue.
2025-04-16 13:51:44.886 - RealTimeSTT: root - DEBUG - _audio_data_worker writing audio data into queue.
2025-04-16 13:51:45.910 - RealTimeSTT: root - DEBUG - _audio_data_worker writing audio data into queue.
2025-04-16 13:51:46.934 - RealTimeSTT: root - DEBUG - _audio_data_worker writing audio data into queue.
2025-04-16 13:51:47.958 - RealTimeSTT: root - DEBUG - _audio_data_worker writing audio data into queue.
2025-04-16 13:51:48.982 - RealTimeSTT: root - DEBUG - _audio_data_worker writing audio data into queue.
2025-04-16 13:51:50.006 - RealTimeSTT: root - DEBUG - _audio_data_worker writing audio data into queue.
2025-04-16 13:51:51.030 - RealTimeSTT: root - DEBUG - _audio_data_worker writing audio data into queue.
2025-04-16 13:51:52.054 - RealTimeSTT: root - DEBUG - _audio_data_worker writing audio data into queue.
2025-04-16 13:51:53.078 - RealTimeSTT: root - DEBUG - _audio_data_worker writing audio data into queue.
2025-04-16 13:51:54.102 - RealTimeSTT: root - DEBUG - _audio_data_worker writing audio data into queue.
2025-04-16 13:51:55.126 - RealTimeSTT: root - DEBUG - _audio_data_worker writing audio data into queue.
2025-04-16 13:51:56.150 - RealTimeSTT: root - DEBUG - _audio_data_worker writing audio data into queue.
2025-04-16 13:51:57.174 - RealTimeSTT: root - DEBUG - _audio_data_worker writing audio data into queue.
2025-04-16 13:51:58.198 - RealTimeSTT: root - DEBUG - _audio_data_worker writing audio data into queue.
2025-04-16 13:51:59.222 - RealTimeSTT: root - DEBUG - _audio_data_worker writing audio data into queue.
2025-04-16 13:52:00.246 - RealTimeSTT: root - DEBUG - _audio_data_worker writing audio data into queue.
2025-04-16 13:52:01.270 - RealTimeSTT: root - DEBUG - _audio_data_worker writing audio data into queue.
2025-04-16 13:52:02.294 - RealTimeSTT: root - DEBUG - _audio_data_worker writing audio data into queue.
2025-04-16 13:52:03.318 - RealTimeSTT: root - DEBUG - _audio_data_worker writing audio data into queue.
2025-04-16 13:52:04.342 - RealTimeSTT: root - DEBUG - _audio_data_worker writing audio data into queue.
2025-04-16 13:52:05.366 - RealTimeSTT: root - DEBUG - _audio_data_worker writing audio data into queue.
2025-04-16 13:52:06.390 - RealTimeSTT: root - DEBUG - _audio_data_worker writing audio data into queue.
2025-04-16 13:52:07.414 - RealTimeSTT: root - DEBUG - _audio_data_worker writing audio data into queue.
2025-04-16 13:52:08.438 - RealTimeSTT: root - DEBUG - _audio_data_worker writing audio data into queue.
2025-04-16 13:52:09.462 - RealTimeSTT: root - DEBUG - _audio_data_worker writing audio data into queue.
2025-04-16 13:52:10.486 - RealTimeSTT: root - DEBUG - _audio_data_worker writing audio data into queue.
2025-04-16 13:52:11.510 - RealTimeSTT: root - DEBUG - _audio_data_worker writing audio data into queue.
2025-04-16 13:52:12.534 - RealTimeSTT: root - DEBUG - _audio_data_worker writing audio data into queue.
2025-04-16 13:52:13.558 - RealTimeSTT: root - DEBUG - _audio_data_worker writing audio data into queue.
2025-04-16 13:52:14.582 - RealTimeSTT: root - DEBUG - _audio_data_worker writing audio data into queue.
2025-04-16 13:52:15.606 - RealTimeSTT: root - DEBUG - _audio_data_worker writing audio data into queue.
2025-04-16 13:52:16.630 - RealTimeSTT: root - DEBUG - _audio_data_worker writing audio data into queue.
2025-04-16 13:52:17.654 - RealTimeSTT: root - DEBUG - _audio_data_worker writing audio data into queue.
2025-04-16 13:52:18.678 - RealTimeSTT: root - DEBUG - _audio_data_worker writing audio data into queue.
2025-04-16 13:52:19.702 - RealTimeSTT: root - DEBUG - _audio_data_worker writing audio data into queue.
2025-04-16 13:52:20.726 - RealTimeSTT: root - DEBUG - _audio_data_worker writing audio data into queue.
2025-04-16 13:52:21.750 - RealTimeSTT: root - DEBUG - _audio_data_worker writing audio data into queue.
2025-04-16 13:52:22.774 - RealTimeSTT: root - DEBUG - _audio_data_worker writing audio data into queue.
2025-04-16 13:52:23.798 - RealTimeSTT: root - DEBUG - _audio_data_worker writing audio data into queue.
2025-04-16 13:52:24.822 - RealTimeSTT: root - DEBUG - _audio_data_worker writing audio data into queue.
2025-04-16 13:52:25.846 - RealTimeSTT: root - DEBUG - _audio_data_worker writing audio data into queue.
2025-04-16 13:52:26.870 - RealTimeSTT: root - DEBUG - _audio_data_worker writing audio data into queue.
2025-04-16 13:52:27.894 - RealTimeSTT: root - DEBUG - _audio_data_worker writing audio data into queue.
2025-04-16 13:52:28.918 - RealTimeSTT: root - DEBUG - _audio_data_worker writing audio data into queue.
2025-04-16 13:52:29.942 - RealTimeSTT: root - DEBUG - _audio_data_worker writing audio data into queue.
2025-04-16 13:52:30.966 - RealTimeSTT: root - DEBUG - _audio_data_worker writing audio data into queue.
2025-04-16 13:52:31.990 - RealTimeSTT: root - DEBUG - _audio_data_worker writing audio data into queue.
2025-04-16 13:52:33.014 - RealTimeSTT: root - DEBUG - _audio_data_worker writing audio data into queue.
2025-04-16 13:52:34.038 - RealTimeSTT: root - DEBUG - _audio_data_worker writing audio data into queue.
2025-04-16 13:52:35.062 - RealTimeSTT: root - DEBUG - _audio_data_worker writing audio data into queue.
2025-04-16 13:52:36.086 - RealTimeSTT: root - DEBUG - _audio_data_worker writing audio data into queue.
2025-04-16 13:52:37.110 - RealTimeSTT: root - DEBUG - _audio_data_worker writing audio data into queue.
2025-04-16 13:52:38.134 - RealTimeSTT: root - DEBUG - _audio_data_worker writing audio data into queue.
2025-04-16 13:52:39.158 - RealTimeSTT: root - DEBUG - _audio_data_worker writing audio data into queue.
2025-04-16 13:52:40.182 - RealTimeSTT: root - DEBUG - _audio_data_worker writing audio data into queue.
2025-04-16 13:52:41.206 - RealTimeSTT: root - DEBUG - _audio_data_worker writing audio data into queue.
2025-04-16 13:52:42.230 - RealTimeSTT: root - DEBUG - _audio_data_worker writing audio data into queue.
2025-04-16 13:52:43.254 - RealTimeSTT: root - DEBUG - _audio_data_worker writing audio data into queue.
2025-04-16 13:52:44.278 - RealTimeSTT: root - DEBUG - _audio_data_worker writing audio data into queue.
2025-04-16 13:52:45.302 - RealTimeSTT: root - DEBUG - _audio_data_worker writing audio data into queue.
2025-04-16 13:52:46.326 - RealTimeSTT: root - DEBUG - _audio_data_worker writing audio data into queue.
2025-04-16 13:52:47.350 - RealTimeSTT: root - DEBUG - _audio_data_worker writing audio data into queue.
2025-04-16 13:52:48.374 - RealTimeSTT: root - DEBUG - _audio_data_worker writing audio data into queue.
2025-04-16 13:52:49.398 - RealTimeSTT: root - DEBUG - _audio_data_worker writing audio data into queue.
2025-04-16 13:52:50.422 - RealTimeSTT: root - DEBUG - _audio_data_worker writing audio data into queue.
2025-04-16 13:52:51.446 - RealTimeSTT: root - DEBUG - _audio_data_worker writing audio data into queue.
2025-04-16 13:52:52.470 - RealTimeSTT: root - DEBUG - _audio_data_worker writing audio data into queue.
2025-04-16 13:52:53.494 - RealTimeSTT: root - DEBUG - _audio_data_worker writing audio data into queue.
2025-04-16 13:52:54.518 - RealTimeSTT: root - DEBUG - _audio_data_worker writing audio data into queue.
2025-04-16 13:52:55.542 - RealTimeSTT: root - DEBUG - _audio_data_worker writing audio data into queue.
2025-04-16 13:52:56.566 - RealTimeSTT: root - DEBUG - _audio_data_worker writing audio data into queue.
2025-04-16 13:52:57.590 - RealTimeSTT: root - DEBUG - _audio_data_worker writing audio data into queue.
2025-04-16 13:52:58.614 - RealTimeSTT: root - DEBUG - _audio_data_worker writing audio data into queue.
2025-04-16 13:52:59.638 - RealTimeSTT: root - DEBUG - _audio_data_worker writing audio data into queue.
2025-04-16 13:53:00.662 - RealTimeSTT: root - DEBUG - _audio_data_worker writing audio data into queue.
2025-04-16 13:53:01.686 - RealTimeSTT: root - DEBUG - _audio_data_worker writing audio data into queue.
2025-04-16 13:53:02.710 - RealTimeSTT: root - DEBUG - _audio_data_worker writing audio data into queue.
2025-04-16 13:53:03.734 - RealTimeSTT: root - DEBUG - _audio_data_worker writing audio data into queue.
2025-04-16 13:53:04.758 - RealTimeSTT: root - DEBUG - _audio_data_worker writing audio data into queue.
2025-04-16 13:53:05.782 - RealTimeSTT: root - DEBUG - _audio_data_worker writing audio data into queue.
2025-04-16 13:53:06.806 - RealTimeSTT: root - DEBUG - _audio_data_worker writing audio data into queue.
2025-04-16 13:53:07.830 - RealTimeSTT: root - DEBUG - _audio_data_worker writing audio data into queue.
2025-04-16 13:53:08.854 - RealTimeSTT: root - DEBUG - _audio_data_worker writing audio data into queue.
2025-04-16 13:53:09.878 - RealTimeSTT: root - DEBUG - _audio_data_worker writing audio data into queue.
2025-04-16 13:53:10.902 - RealTimeSTT: root - DEBUG - _audio_data_worker writing audio data into queue.
2025-04-16 13:53:11.926 - RealTimeSTT: root - DEBUG - _audio_data_worker writing audio data into queue.
2025-04-16 13:53:12.950 - RealTimeSTT: root - DEBUG - _audio_data_worker writing audio data into queue.
2025-04-16 13:53:13.974 - RealTimeSTT: root - DEBUG - _audio_data_worker writing audio data into queue.
2025-04-16 13:53:14.998 - RealTimeSTT: root - DEBUG - _audio_data_worker writing audio data into queue.
2025-04-16 13:53:16.022 - RealTimeSTT: root - DEBUG - _audio_data_worker writing audio data into queue.
2025-04-16 13:53:17.046 - RealTimeSTT: root - DEBUG - _audio_data_worker writing audio data into queue.
2025-04-16 13:53:18.070 - RealTimeSTT: root - DEBUG - _audio_data_worker writing audio data into queue.
2025-04-16 13:53:19.094 - RealTimeSTT: root - DEBUG - _audio_data_worker writing audio data into queue.
2025-04-16 13:53:20.118 - RealTimeSTT: root - DEBUG - _audio_data_worker writing audio data into queue.
2025-04-16 13:53:21.142 - RealTimeSTT: root - DEBUG - _audio_data_worker writing audio data into queue.
2025-04-16 13:53:22.166 - RealTimeSTT: root - DEBUG - _audio_data_worker writing audio data into queue.
2025-04-16 13:53:23.190 - RealTimeSTT: root - DEBUG - _audio_data_worker writing audio data into queue.
2025-04-16 13:53:24.214 - RealTimeSTT: root - DEBUG - _audio_data_worker writing audio data into queue.
2025-04-16 13:53:25.238 - RealTimeSTT: root - DEBUG - _audio_data_worker writing audio data into queue.
2025-04-16 13:53:26.262 - RealTimeSTT: root - DEBUG - _audio_data_worker writing audio data into queue.
2025-04-16 13:53:27.286 - RealTimeSTT: root - DEBUG - _audio_data_worker writing audio data into queue.
2025-04-16 13:53:28.310 - RealTimeSTT: root - DEBUG - _audio_data_worker writing audio data into queue.
2025-04-16 13:53:29.334 - RealTimeSTT: root - DEBUG - _audio_data_worker writing audio data into queue.
2025-04-16 13:53:30.358 - RealTimeSTT: root - DEBUG - _audio_data_worker writing audio data into queue.
2025-04-16 13:53:31.382 - RealTimeSTT: root - DEBUG - _audio_data_worker writing audio data into queue.
2025-04-16 13:53:32.406 - RealTimeSTT: root - DEBUG - _audio_data_worker writing audio data into queue.
2025-04-16 13:53:33.430 - RealTimeSTT: root - DEBUG - _audio_data_worker writing audio data into queue.
2025-04-16 13:53:34.454 - RealTimeSTT: root - DEBUG - _audio_data_worker writing audio data into queue.
2025-04-16 13:53:35.478 - RealTimeSTT: root - DEBUG - _audio_data_worker writing audio data into queue.
2025-04-16 13:53:36.502 - RealTimeSTT: root - DEBUG - _audio_data_worker writing audio data into queue.
2025-04-16 13:53:37.526 - RealTimeSTT: root - DEBUG - _audio_data_worker writing audio data into queue.
2025-04-16 13:53:38.550 - RealTimeSTT: root - DEBUG - _audio_data_worker writing audio data into queue.
2025-04-16 13:53:39.574 - RealTimeSTT: root - DEBUG - _audio_data_worker writing audio data into queue.
2025-04-16 13:53:40.598 - RealTimeSTT: root - DEBUG - _audio_data_worker writing audio data into queue.
2025-04-16 13:53:41.622 - RealTimeSTT: root - DEBUG - _audio_data_worker writing audio data into queue.
2025-04-16 13:53:42.646 - RealTimeSTT: root - DEBUG - _audio_data_worker writing audio data into queue.
2025-04-16 13:53:43.670 - RealTimeSTT: root - DEBUG - _audio_data_worker writing audio data into queue.
2025-04-16 13:53:44.694 - RealTimeSTT: root - DEBUG - _audio_data_worker writing audio data into queue.
2025-04-16 13:53:45.718 - RealTimeSTT: root - DEBUG - _audio_data_worker writing audio data into queue.
2025-04-16 13:53:46.742 - RealTimeSTT: root - DEBUG - _audio_data_worker writing audio data into queue.
2025-04-16 13:53:47.766 - RealTimeSTT: root - DEBUG - _audio_data_worker writing audio data into queue.
2025-04-16 13:53:48.790 - RealTimeSTT: root - DEBUG - _audio_data_worker writing audio data into queue.
2025-04-16 13:53:49.814 - RealTimeSTT: root - DEBUG - _audio_data_worker writing audio data into queue.
2025-04-16 13:53:50.838 - RealTimeSTT: root - DEBUG - _audio_data_worker writing audio data into queue.
2025-04-16 13:53:51.862 - RealTimeSTT: root - DEBUG - _audio_data_worker writing audio data into queue.
2025-04-16 13:53:52.886 - RealTimeSTT: root - DEBUG - _audio_data_worker writing audio data into queue.
2025-04-16 13:53:53.910 - RealTimeSTT: root - DEBUG - _audio_data_worker writing audio data into queue.
2025-04-16 13:53:54.934 - RealTimeSTT: root - DEBUG - _audio_data_worker writing audio data into queue.
2025-04-16 13:53:55.958 - RealTimeSTT: root - DEBUG - _audio_data_worker writing audio data into queue.
2025-04-16 13:53:56.982 - RealTimeSTT: root - DEBUG - _audio_data_worker writing audio data into queue.
2025-04-16 13:53:58.005 - RealTimeSTT: root - DEBUG - _audio_data_worker writing audio data into queue.
2025-04-16 13:53:59.029 - RealTimeSTT: root - DEBUG - _audio_data_worker writing audio data into queue.
2025-04-16 13:54:00.053 - RealTimeSTT: root - DEBUG - _audio_data_worker writing audio data into queue.
2025-04-16 13:54:01.077 - RealTimeSTT: root - DEBUG - _audio_data_worker writing audio data into queue.
2025-04-16 13:54:02.101 - RealTimeSTT: root - DEBUG - _audio_data_worker writing audio data into queue.
2025-04-16 13:54:03.125 - RealTimeSTT: root - DEBUG - _audio_data_worker writing audio data into queue.
2025-04-16 13:54:04.149 - RealTimeSTT: root - DEBUG - _audio_data_worker writing audio data into queue.
2025-04-16 13:54:05.173 - RealTimeSTT: root - DEBUG - _audio_data_worker writing audio data into queue.
2025-04-16 13:54:06.197 - RealTimeSTT: root - DEBUG - _audio_data_worker writing audio data into queue.
2025-04-16 13:54:07.221 - RealTimeSTT: root - DEBUG - _audio_data_worker writing audio data into queue.
2025-04-16 13:54:08.245 - RealTimeSTT: root - DEBUG - _audio_data_worker writing audio data into queue.
2025-04-16 13:54:09.269 - RealTimeSTT: root - DEBUG - _audio_data_worker writing audio data into queue.
2025-04-16 13:54:10.293 - RealTimeSTT: root - DEBUG - _audio_data_worker writing audio data into queue.
2025-04-16 13:54:11.317 - RealTimeSTT: root - DEBUG - _audio_data_worker writing audio data into queue.
2025-04-16 13:54:12.341 - RealTimeSTT: root - DEBUG - _audio_data_worker writing audio data into queue.
2025-04-16 13:54:13.365 - RealTimeSTT: root - DEBUG - _audio_data_worker writing audio data into queue.
2025-04-16 13:54:14.389 - RealTimeSTT: root - DEBUG - _audio_data_worker writing audio data into queue.
2025-04-16 13:54:15.413 - RealTimeSTT: root - DEBUG - _audio_data_worker writing audio data into queue.
2025-04-16 13:54:16.437 - RealTimeSTT: root - DEBUG - _audio_data_worker writing audio data into queue.
2025-04-16 13:54:17.461 - RealTimeSTT: root - DEBUG - _audio_data_worker writing audio data into queue.
2025-04-16 13:54:18.485 - RealTimeSTT: root - DEBUG - _audio_data_worker writing audio data into queue.
2025-04-16 13:54:19.509 - RealTimeSTT: root - DEBUG - _audio_data_worker writing audio data into queue.
2025-04-16 13:54:20.533 - RealTimeSTT: root - DEBUG - _audio_data_worker writing audio data into queue.
2025-04-16 13:54:21.557 - RealTimeSTT: root - DEBUG - _audio_data_worker writing audio data into queue.
2025-04-16 13:54:22.581 - RealTimeSTT: root - DEBUG - _audio_data_worker writing audio data into queue.
2025-04-16 13:54:23.605 - RealTimeSTT: root - DEBUG - _audio_data_worker writing audio data into queue.
2025-04-16 13:54:24.629 - RealTimeSTT: root - DEBUG - _audio_data_worker writing audio data into queue.
2025-04-16 13:54:25.653 - RealTimeSTT: root - DEBUG - _audio_data_worker writing audio data into queue.
2025-04-16 13:54:26.677 - RealTimeSTT: root - DEBUG - _audio_data_worker writing audio data into queue.
2025-04-16 13:54:27.701 - RealTimeSTT: root - DEBUG - _audio_data_worker writing audio data into queue.
2025-04-16 13:54:28.725 - RealTimeSTT: root - DEBUG - _audio_data_worker writing audio data into queue.
2025-04-16 13:54:29.749 - RealTimeSTT: root - DEBUG - _audio_data_worker writing audio data into queue.
2025-04-16 13:54:30.773 - RealTimeSTT: root - DEBUG - _audio_data_worker writing audio data into queue.
2025-04-16 13:54:31.797 - RealTimeSTT: root - DEBUG - _audio_data_worker writing audio data into queue.
2025-04-16 13:54:32.821 - RealTimeSTT: root - DEBUG - _audio_data_worker writing audio data into queue.
2025-04-16 13:54:33.845 - RealTimeSTT: root - DEBUG - _audio_data_worker writing audio data into queue.
2025-04-16 13:54:34.869 - RealTimeSTT: root - DEBUG - _audio_data_worker writing audio data into queue.
2025-04-16 13:54:35.893 - RealTimeSTT: root - DEBUG - _audio_data_worker writing audio data into queue.
2025-04-16 13:54:36.917 - RealTimeSTT: root - DEBUG - _audio_data_worker writing audio data into queue.
2025-04-16 13:54:37.941 - RealTimeSTT: root - DEBUG - _audio_data_worker writing audio data into queue.
2025-04-16 13:54:38.965 - RealTimeSTT: root - DEBUG - _audio_data_worker writing audio data into queue.
2025-04-16 13:54:39.989 - RealTimeSTT: root - DEBUG - _audio_data_worker writing audio data into queue.
2025-04-16 13:54:41.013 - RealTimeSTT: root - DEBUG - _audio_data_worker writing audio data into queue.
2025-04-16 13:54:42.037 - RealTimeSTT: root - DEBUG - _audio_data_worker writing audio data into queue.
2025-04-16 13:54:43.061 - RealTimeSTT: root - DEBUG - _audio_data_worker writing audio data into queue.
2025-04-16 13:54:44.085 - RealTimeSTT: root - DEBUG - _audio_data_worker writing audio data into queue.
2025-04-16 13:54:45.109 - RealTimeSTT: root - DEBUG - _audio_data_worker writing audio data into queue.
2025-04-16 13:54:46.133 - RealTimeSTT: root - DEBUG - _audio_data_worker writing audio data into queue.
2025-04-16 13:54:47.157 - RealTimeSTT: root - DEBUG - _audio_data_worker writing audio data into queue.
2025-04-16 13:54:48.181 - RealTimeSTT: root - DEBUG - _audio_data_worker writing audio data into queue.
2025-04-16 13:54:49.205 - RealTimeSTT: root - DEBUG - _audio_data_worker writing audio data into queue.
2025-04-16 13:54:50.229 - RealTimeSTT: root - DEBUG - _audio_data_worker writing audio data into queue.
2025-04-16 13:54:51.253 - RealTimeSTT: root - DEBUG - _audio_data_worker writing audio data into queue.
2025-04-16 13:54:52.277 - RealTimeSTT: root - DEBUG - _audio_data_worker writing audio data into queue.
2025-04-16 13:54:53.301 - RealTimeSTT: root - DEBUG - _audio_data_worker writing audio data into queue.
2025-04-16 13:54:54.325 - RealTimeSTT: root - DEBUG - _audio_data_worker writing audio data into queue.
2025-04-16 13:54:55.349 - RealTimeSTT: root - DEBUG - _audio_data_worker writing audio data into queue.
2025-04-16 13:54:56.373 - RealTimeSTT: root - DEBUG - _audio_data_worker writing audio data into queue.
2025-04-16 13:54:57.397 - RealTimeSTT: root - DEBUG - _audio_data_worker writing audio data into queue.
2025-04-16 13:54:58.421 - RealTimeSTT: root - DEBUG - _audio_data_worker writing audio data into queue.
2025-04-16 13:54:59.445 - RealTimeSTT: root - DEBUG - _audio_data_worker writing audio data into queue.
2025-04-16 13:55:00.469 - RealTimeSTT: root - DEBUG - _audio_data_worker writing audio data into queue.
2025-04-16 13:55:01.493 - RealTimeSTT: root - DEBUG - _audio_data_worker writing audio data into queue.
2025-04-16 13:55:02.517 - RealTimeSTT: root - DEBUG - _audio_data_worker writing audio data into queue.
2025-04-16 13:55:03.541 - RealTimeSTT: root - DEBUG - _audio_data_worker writing audio data into queue.
2025-04-16 13:55:04.565 - RealTimeSTT: root - DEBUG - _audio_data_worker writing audio data into queue.
2025-04-16 13:55:05.589 - RealTimeSTT: root - DEBUG - _audio_data_worker writing audio data into queue.
2025-04-16 13:55:06.613 - RealTimeSTT: root - DEBUG - _audio_data_worker writing audio data into queue.
2025-04-16 13:55:07.637 - RealTimeSTT: root - DEBUG - _audio_data_worker writing audio data into queue.
2025-04-16 13:55:08.661 - RealTimeSTT: root - DEBUG - _audio_data_worker writing audio data into queue.
2025-04-16 13:55:09.685 - RealTimeSTT: root - DEBUG - _audio_data_worker writing audio data into queue.
2025-04-16 13:55:10.709 - RealTimeSTT: root - DEBUG - _audio_data_worker writing audio data into queue.
2025-04-16 13:55:11.733 - RealTimeSTT: root - DEBUG - _audio_data_worker writing audio data into queue.
2025-04-16 13:55:12.757 - RealTimeSTT: root - DEBUG - _audio_data_worker writing audio data into queue.
2025-04-16 13:55:13.781 - RealTimeSTT: root - DEBUG - _audio_data_worker writing audio data into queue.
2025-04-16 13:55:14.805 - RealTimeSTT: root - DEBUG - _audio_data_worker writing audio data into queue.
2025-04-16 13:55:15.829 - RealTimeSTT: root - DEBUG - _audio_data_worker writing audio data into queue.
2025-04-16 13:55:16.853 - RealTimeSTT: root - DEBUG - _audio_data_worker writing audio data into queue.
2025-04-16 13:55:17.877 - RealTimeSTT: root - DEBUG - _audio_data_worker writing audio data into queue.
2025-04-16 13:55:18.901 - RealTimeSTT: root - DEBUG - _audio_data_worker writing audio data into queue.
2025-04-16 13:55:19.925 - RealTimeSTT: root - DEBUG - _audio_data_worker writing audio data into queue.
2025-04-16 13:55:20.949 - RealTimeSTT: root - DEBUG - _audio_data_worker writing audio data into queue.
2025-04-16 13:55:21.973 - RealTimeSTT: root - DEBUG - _audio_data_worker writing audio data into queue.
2025-04-16 13:55:22.997 - RealTimeSTT: root - DEBUG - _audio_data_worker writing audio data into queue.
2025-04-16 13:55:24.021 - RealTimeSTT: root - DEBUG - _audio_data_worker writing audio data into queue.
2025-04-16 13:55:25.045 - RealTimeSTT: root - DEBUG - _audio_data_worker writing audio data into queue.
2025-04-16 13:55:26.069 - RealTimeSTT: root - DEBUG - _audio_data_worker writing audio data into queue.
2025-04-16 13:55:27.093 - RealTimeSTT: root - DEBUG - _audio_data_worker writing audio data into queue.
2025-04-16 13:55:28.117 - RealTimeSTT: root - DEBUG - _audio_data_worker writing audio data into queue.
2025-04-16 13:55:29.141 - RealTimeSTT: root - DEBUG - _audio_data_worker writing audio data into queue.
2025-04-16 13:55:30.165 - RealTimeSTT: root - DEBUG - _audio_data_worker writing audio data into queue.
2025-04-16 13:55:31.189 - RealTimeSTT: root - DEBUG - _audio_data_worker writing audio data into queue.
2025-04-16 13:55:32.213 - RealTimeSTT: root - DEBUG - _audio_data_worker writing audio data into queue.
2025-04-16 13:55:33.237 - RealTimeSTT: root - DEBUG - _audio_data_worker writing audio data into queue.
2025-04-16 13:55:34.261 - RealTimeSTT: root - DEBUG - _audio_data_worker writing audio data into queue.
2025-04-16 13:55:35.285 - RealTimeSTT: root - DEBUG - _audio_data_worker writing audio data into queue.
2025-04-16 13:55:36.309 - RealTimeSTT: root - DEBUG - _audio_data_worker writing audio data into queue.
2025-04-16 13:55:37.333 - RealTimeSTT: root - DEBUG - _audio_data_worker writing audio data into queue.
2025-04-16 13:55:38.357 - RealTimeSTT: root - DEBUG - _audio_data_worker writing audio data into queue.
2025-04-16 13:55:39.381 - RealTimeSTT: root - DEBUG - _audio_data_worker writing audio data into queue.
2025-04-16 13:55:40.405 - RealTimeSTT: root - DEBUG - _audio_data_worker writing audio data into queue.
2025-04-16 13:55:41.429 - RealTimeSTT: root - DEBUG - _audio_data_worker writing audio data into queue.
2025-04-16 13:55:42.453 - RealTimeSTT: root - DEBUG - _audio_data_worker writing audio data into queue.
2025-04-16 13:55:43.477 - RealTimeSTT: root - DEBUG - _audio_data_worker writing audio data into queue.
2025-04-16 13:55:44.501 - RealTimeSTT: root - DEBUG - _audio_data_worker writing audio data into queue.
2025-04-16 13:55:45.525 - RealTimeSTT: root - DEBUG - _audio_data_worker writing audio data into queue.
2025-04-16 13:55:46.549 - RealTimeSTT: root - DEBUG - _audio_data_worker writing audio data into queue.
2025-04-16 13:55:47.573 - RealTimeSTT: root - DEBUG - _audio_data_worker writing audio data into queue.
2025-04-16 13:55:48.597 - RealTimeSTT: root - DEBUG - _audio_data_worker writing audio data into queue.
2025-04-16 13:55:49.621 - RealTimeSTT: root - DEBUG - _audio_data_worker writing audio data into queue.
2025-04-16 13:55:50.645 - RealTimeSTT: root - DEBUG - _audio_data_worker writing audio data into queue.
2025-04-16 13:55:51.669 - RealTimeSTT: root - DEBUG - _audio_data_worker writing audio data into queue.
2025-04-16 13:55:52.693 - RealTimeSTT: root - DEBUG - _audio_data_worker writing audio data into queue.
2025-04-16 13:55:53.717 - RealTimeSTT: root - DEBUG - _audio_data_worker writing audio data into queue.
2025-04-16 13:55:54.741 - RealTimeSTT: root - DEBUG - _audio_data_worker writing audio data into queue.
2025-04-16 13:55:55.765 - RealTimeSTT: root - DEBUG - _audio_data_worker writing audio data into queue.
2025-04-16 13:55:56.789 - RealTimeSTT: root - DEBUG - _audio_data_worker writing audio data into queue.
2025-04-16 13:55:57.813 - RealTimeSTT: root - DEBUG - _audio_data_worker writing audio data into queue.
2025-04-16 13:55:58.837 - RealTimeSTT: root - DEBUG - _audio_data_worker writing audio data into queue.
2025-04-16 13:55:59.861 - RealTimeSTT: root - DEBUG - _audio_data_worker writing audio data into queue.
2025-04-16 13:56:00.885 - RealTimeSTT: root - DEBUG - _audio_data_worker writing audio data into queue.
2025-04-16 13:56:01.909 - RealTimeSTT: root - DEBUG - _audio_data_worker writing audio data into queue.
2025-04-16 13:56:02.933 - RealTimeSTT: root - DEBUG - _audio_data_worker writing audio data into queue.
2025-04-16 13:56:03.957 - RealTimeSTT: root - DEBUG - _audio_data_worker writing audio data into queue.
2025-04-16 13:56:04.981 - RealTimeSTT: root - DEBUG - _audio_data_worker writing audio data into queue.
2025-04-16 13:56:06.005 - RealTimeSTT: root - DEBUG - _audio_data_worker writing audio data into queue.
2025-04-16 13:56:07.029 - RealTimeSTT: root - DEBUG - _audio_data_worker writing audio data into queue.
2025-04-16 13:56:08.053 - RealTimeSTT: root - DEBUG - _audio_data_worker writing audio data into queue.
2025-04-16 13:56:09.077 - RealTimeSTT: root - DEBUG - _audio_data_worker writing audio data into queue.
2025-04-16 13:56:10.101 - RealTimeSTT: root - DEBUG - _audio_data_worker writing audio data into queue.
2025-04-16 13:56:11.125 - RealTimeSTT: root - DEBUG - _audio_data_worker writing audio data into queue.
2025-04-16 13:56:12.149 - RealTimeSTT: root - DEBUG - _audio_data_worker writing audio data into queue.
2025-04-16 13:56:13.173 - RealTimeSTT: root - DEBUG - _audio_data_worker writing audio data into queue.
2025-04-16 13:56:14.197 - RealTimeSTT: root - DEBUG - _audio_data_worker writing audio data into queue.
2025-04-16 13:56:15.221 - RealTimeSTT: root - DEBUG - _audio_data_worker writing audio data into queue.
2025-04-16 13:56:16.245 - RealTimeSTT: root - DEBUG - _audio_data_worker writing audio data into queue.
2025-04-16 13:56:17.269 - RealTimeSTT: root - DEBUG - _audio_data_worker writing audio data into queue.
2025-04-16 13:56:18.293 - RealTimeSTT: root - DEBUG - _audio_data_worker writing audio data into queue.
2025-04-16 13:56:19.317 - RealTimeSTT: root - DEBUG - _audio_data_worker writing audio data into queue.
2025-04-16 13:56:20.341 - RealTimeSTT: root - DEBUG - _audio_data_worker writing audio data into queue.
2025-04-16 13:56:21.365 - RealTimeSTT: root - DEBUG - _audio_data_worker writing audio data into queue.
2025-04-16 13:56:22.389 - RealTimeSTT: root - DEBUG - _audio_data_worker writing audio data into queue.
2025-04-16 13:56:23.413 - RealTimeSTT: root - DEBUG - _audio_data_worker writing audio data into queue.
2025-04-16 13:56:24.437 - RealTimeSTT: root - DEBUG - _audio_data_worker writing audio data into queue.
2025-04-16 13:56:25.461 - RealTimeSTT: root - DEBUG - _audio_data_worker writing audio data into queue.
2025-04-16 13:56:26.485 - RealTimeSTT: root - DEBUG - _audio_data_worker writing audio data into queue.
2025-04-16 13:56:27.509 - RealTimeSTT: root - DEBUG - _audio_data_worker writing audio data into queue.
2025-04-16 13:56:28.533 - RealTimeSTT: root - DEBUG - _audio_data_worker writing audio data into queue.
2025-04-16 13:56:29.557 - RealTimeSTT: root - DEBUG - _audio_data_worker writing audio data into queue.
2025-04-16 13:56:30.581 - RealTimeSTT: root - DEBUG - _audio_data_worker writing audio data into queue.
2025-04-16 13:56:31.605 - RealTimeSTT: root - DEBUG - _audio_data_worker writing audio data into queue.
2025-04-16 13:56:32.629 - RealTimeSTT: root - DEBUG - _audio_data_worker writing audio data into queue.
2025-04-16 13:56:33.653 - RealTimeSTT: root - DEBUG - _audio_data_worker writing audio data into queue.
2025-04-16 13:56:34.676 - RealTimeSTT: root - DEBUG - _audio_data_worker writing audio data into queue.
2025-04-16 13:56:35.700 - RealTimeSTT: root - DEBUG - _audio_data_worker writing audio data into queue.
2025-04-16 13:56:36.724 - RealTimeSTT: root - DEBUG - _audio_data_worker writing audio data into queue.
2025-04-16 13:56:37.748 - RealTimeSTT: root - DEBUG - _audio_data_worker writing audio data into queue.
2025-04-16 13:56:38.772 - RealTimeSTT: root - DEBUG - _audio_data_worker writing audio data into queue.
2025-04-16 13:56:39.796 - RealTimeSTT: root - DEBUG - _audio_data_worker writing audio data into queue.
2025-04-16 13:56:40.820 - RealTimeSTT: root - DEBUG - _audio_data_worker writing audio data into queue.
2025-04-16 13:56:41.844 - RealTimeSTT: root - DEBUG - _audio_data_worker writing audio data into queue.
2025-04-16 13:56:42.868 - RealTimeSTT: root - DEBUG - _audio_data_worker writing audio data into queue.
2025-04-16 13:56:43.892 - RealTimeSTT: root - DEBUG - _audio_data_worker writing audio data into queue.
2025-04-16 13:56:44.916 - RealTimeSTT: root - DEBUG - _audio_data_worker writing audio data into queue.
2025-04-16 13:56:45.940 - RealTimeSTT: root - DEBUG - _audio_data_worker writing audio data into queue.
2025-04-16 13:56:46.964 - RealTimeSTT: root - DEBUG - _audio_data_worker writing audio data into queue.
2025-04-16 13:56:47.988 - RealTimeSTT: root - DEBUG - _audio_data_worker writing audio data into queue.
2025-04-16 13:56:49.012 - RealTimeSTT: root - DEBUG - _audio_data_worker writing audio data into queue.
2025-04-16 13:56:50.036 - RealTimeSTT: root - DEBUG - _audio_data_worker writing audio data into queue.
2025-04-16 13:56:51.060 - RealTimeSTT: root - DEBUG - _audio_data_worker writing audio data into queue.
2025-04-16 13:56:52.084 - RealTimeSTT: root - DEBUG - _audio_data_worker writing audio data into queue.
2025-04-16 13:56:53.108 - RealTimeSTT: root - DEBUG - _audio_data_worker writing audio data into queue.
2025-04-16 13:56:54.132 - RealTimeSTT: root - DEBUG - _audio_data_worker writing audio data into queue.
2025-04-16 13:56:55.156 - RealTimeSTT: root - DEBUG - _audio_data_worker writing audio data into queue.
2025-04-16 13:56:56.180 - RealTimeSTT: root - DEBUG - _audio_data_worker writing audio data into queue.
2025-04-16 13:56:57.204 - RealTimeSTT: root - DEBUG - _audio_data_worker writing audio data into queue.
2025-04-16 13:56:58.228 - RealTimeSTT: root - DEBUG - _audio_data_worker writing audio data into queue.
2025-04-16 13:56:59.252 - RealTimeSTT: root - DEBUG - _audio_data_worker writing audio data into queue.
2025-04-16 13:57:00.276 - RealTimeSTT: root - DEBUG - _audio_data_worker writing audio data into queue.
2025-04-16 13:57:01.300 - RealTimeSTT: root - DEBUG - _audio_data_worker writing audio data into queue.
2025-04-16 13:57:02.324 - RealTimeSTT: root - DEBUG - _audio_data_worker writing audio data into queue.
2025-04-16 13:57:03.348 - RealTimeSTT: root - DEBUG - _audio_data_worker writing audio data into queue.
2025-04-16 13:57:04.372 - RealTimeSTT: root - DEBUG - _audio_data_worker writing audio data into queue.
2025-04-16 13:57:05.396 - RealTimeSTT: root - DEBUG - _audio_data_worker writing audio data into queue.
2025-04-16 13:57:06.420 - RealTimeSTT: root - DEBUG - _audio_data_worker writing audio data into queue.
2025-04-16 13:57:07.444 - RealTimeSTT: root - DEBUG - _audio_data_worker writing audio data into queue.
2025-04-16 13:57:08.468 - RealTimeSTT: root - DEBUG - _audio_data_worker writing audio data into queue.
2025-04-16 13:57:09.492 - RealTimeSTT: root - DEBUG - _audio_data_worker writing audio data into queue.
2025-04-16 13:57:10.516 - RealTimeSTT: root - DEBUG - _audio_data_worker writing audio data into queue.
2025-04-16 13:57:11.540 - RealTimeSTT: root - DEBUG - _audio_data_worker writing audio data into queue.
2025-04-16 13:57:12.564 - RealTimeSTT: root - DEBUG - _audio_data_worker writing audio data into queue.
2025-04-16 13:57:13.588 - RealTimeSTT: root - DEBUG - _audio_data_worker writing audio data into queue.
2025-04-16 13:57:14.612 - RealTimeSTT: root - DEBUG - _audio_data_worker writing audio data into queue.
2025-04-16 13:57:15.636 - RealTimeSTT: root - DEBUG - _audio_data_worker writing audio data into queue.
2025-04-16 13:57:16.660 - RealTimeSTT: root - DEBUG - _audio_data_worker writing audio data into queue.
2025-04-16 13:57:17.684 - RealTimeSTT: root - DEBUG - _audio_data_worker writing audio data into queue.
2025-04-16 13:57:18.708 - RealTimeSTT: root - DEBUG - _audio_data_worker writing audio data into queue.
2025-04-16 13:57:19.732 - RealTimeSTT: root - DEBUG - _audio_data_worker writing audio data into queue.
2025-04-16 13:57:20.756 - RealTimeSTT: root - DEBUG - _audio_data_worker writing audio data into queue.
2025-04-16 13:57:21.780 - RealTimeSTT: root - DEBUG - _audio_data_worker writing audio data into queue.
2025-04-16 13:57:22.804 - RealTimeSTT: root - DEBUG - _audio_data_worker writing audio data into queue.
2025-04-16 13:57:23.828 - RealTimeSTT: root - DEBUG - _audio_data_worker writing audio data into queue.
2025-04-16 13:57:24.852 - RealTimeSTT: root - DEBUG - _audio_data_worker writing audio data into queue.
2025-04-16 13:57:25.876 - RealTimeSTT: root - DEBUG - _audio_data_worker writing audio data into queue.
2025-04-16 13:57:26.900 - RealTimeSTT: root - DEBUG - _audio_data_worker writing audio data into queue.
2025-04-16 13:57:27.924 - RealTimeSTT: root - DEBUG - _audio_data_worker writing audio data into queue.
2025-04-16 13:57:28.948 - RealTimeSTT: root - DEBUG - _audio_data_worker writing audio data into queue.
2025-04-16 13:57:29.972 - RealTimeSTT: root - DEBUG - _audio_data_worker writing audio data into queue.
2025-04-16 13:57:30.996 - RealTimeSTT: root - DEBUG - _audio_data_worker writing audio data into queue.
2025-04-16 13:57:32.020 - RealTimeSTT: root - DEBUG - _audio_data_worker writing audio data into queue.
2025-04-16 13:57:33.044 - RealTimeSTT: root - DEBUG - _audio_data_worker writing audio data into queue.
2025-04-16 13:57:34.068 - RealTimeSTT: root - DEBUG - _audio_data_worker writing audio data into queue.
2025-04-16 13:57:35.092 - RealTimeSTT: root - DEBUG - _audio_data_worker writing audio data into queue.
2025-04-16 13:57:36.116 - RealTimeSTT: root - DEBUG - _audio_data_worker writing audio data into queue.
2025-04-16 13:57:37.140 - RealTimeSTT: root - DEBUG - _audio_data_worker writing audio data into queue.
2025-04-16 13:57:38.164 - RealTimeSTT: root - DEBUG - _audio_data_worker writing audio data into queue.
2025-04-16 13:57:39.188 - RealTimeSTT: root - DEBUG - _audio_data_worker writing audio data into queue.
2025-04-16 13:57:40.212 - RealTimeSTT: root - DEBUG - _audio_data_worker writing audio data into queue.
2025-04-16 13:57:41.236 - RealTimeSTT: root - DEBUG - _audio_data_worker writing audio data into queue.
2025-04-16 13:57:42.260 - RealTimeSTT: root - DEBUG - _audio_data_worker writing audio data into queue.
2025-04-16 13:57:43.284 - RealTimeSTT: root - DEBUG - _audio_data_worker writing audio data into queue.
2025-04-16 13:57:44.308 - RealTimeSTT: root - DEBUG - _audio_data_worker writing audio data into queue.
2025-04-16 13:57:45.332 - RealTimeSTT: root - DEBUG - _audio_data_worker writing audio data into queue.
2025-04-16 13:57:46.356 - RealTimeSTT: root - DEBUG - _audio_data_worker writing audio data into queue.
2025-04-16 13:57:47.380 - RealTimeSTT: root - DEBUG - _audio_data_worker writing audio data into queue.
2025-04-16 13:57:48.404 - RealTimeSTT: root - DEBUG - _audio_data_worker writing audio data into queue.
2025-04-16 13:57:49.428 - RealTimeSTT: root - DEBUG - _audio_data_worker writing audio data into queue.
2025-04-16 13:57:50.452 - RealTimeSTT: root - DEBUG - _audio_data_worker writing audio data into queue.
2025-04-16 13:57:51.476 - RealTimeSTT: root - DEBUG - _audio_data_worker writing audio data into queue.
2025-04-16 13:57:52.500 - RealTimeSTT: root - DEBUG - _audio_data_worker writing audio data into queue.
2025-04-16 13:57:53.524 - RealTimeSTT: root - DEBUG - _audio_data_worker writing audio data into queue.
2025-04-16 13:57:54.548 - RealTimeSTT: root - DEBUG - _audio_data_worker writing audio data into queue.
2025-04-16 13:57:55.572 - RealTimeSTT: root - DEBUG - _audio_data_worker writing audio data into queue.
2025-04-16 13:57:56.596 - RealTimeSTT: root - DEBUG - _audio_data_worker writing audio data into queue.
2025-04-16 13:57:57.620 - RealTimeSTT: root - DEBUG - _audio_data_worker writing audio data into queue.
2025-04-16 13:57:58.644 - RealTimeSTT: root - DEBUG - _audio_data_worker writing audio data into queue.
2025-04-16 13:57:59.668 - RealTimeSTT: root - DEBUG - _audio_data_worker writing audio data into queue.
2025-04-16 13:58:00.692 - RealTimeSTT: root - DEBUG - _audio_data_worker writing audio data into queue.
2025-04-16 13:58:01.716 - RealTimeSTT: root - DEBUG - _audio_data_worker writing audio data into queue.
2025-04-16 13:58:02.740 - RealTimeSTT: root - DEBUG - _audio_data_worker writing audio data into queue.
2025-04-16 13:58:03.764 - RealTimeSTT: root - DEBUG - _audio_data_worker writing audio data into queue.
2025-04-16 13:58:04.788 - RealTimeSTT: root - DEBUG - _audio_data_worker writing audio data into queue.
2025-04-16 13:58:05.812 - RealTimeSTT: root - DEBUG - _audio_data_worker writing audio data into queue.
2025-04-16 13:58:06.836 - RealTimeSTT: root - DEBUG - _audio_data_worker writing audio data into queue.
2025-04-16 13:58:07.860 - RealTimeSTT: root - DEBUG - _audio_data_worker writing audio data into queue.
2025-04-16 13:58:08.884 - RealTimeSTT: root - DEBUG - _audio_data_worker writing audio data into queue.
2025-04-16 13:58:09.908 - RealTimeSTT: root - DEBUG - _audio_data_worker writing audio data into queue.
2025-04-16 13:58:10.932 - RealTimeSTT: root - DEBUG - _audio_data_worker writing audio data into queue.
2025-04-16 13:58:11.956 - RealTimeSTT: root - DEBUG - _audio_data_worker writing audio data into queue.
2025-04-16 13:58:12.980 - RealTimeSTT: root - DEBUG - _audio_data_worker writing audio data into queue.
2025-04-16 13:58:14.004 - RealTimeSTT: root - DEBUG - _audio_data_worker writing audio data into queue.
2025-04-16 13:58:15.028 - RealTimeSTT: root - DEBUG - _audio_data_worker writing audio data into queue.
2025-04-16 13:58:16.052 - RealTimeSTT: root - DEBUG - _audio_data_worker writing audio data into queue.
2025-04-16 13:58:17.076 - RealTimeSTT: root - DEBUG - _audio_data_worker writing audio data into queue.
2025-04-16 13:58:18.100 - RealTimeSTT: root - DEBUG - _audio_data_worker writing audio data into queue.
2025-04-16 13:58:19.124 - RealTimeSTT: root - DEBUG - _audio_data_worker writing audio data into queue.
2025-04-16 13:58:20.148 - RealTimeSTT: root - DEBUG - _audio_data_worker writing audio data into queue.
2025-04-16 13:58:21.172 - RealTimeSTT: root - DEBUG - _audio_data_worker writing audio data into queue.
2025-04-16 13:58:22.196 - RealTimeSTT: root - DEBUG - _audio_data_worker writing audio data into queue.
2025-04-16 13:58:23.220 - RealTimeSTT: root - DEBUG - _audio_data_worker writing audio data into queue.
2025-04-16 13:58:24.244 - RealTimeSTT: root - DEBUG - _audio_data_worker writing audio data into queue.
2025-04-16 13:58:25.268 - RealTimeSTT: root - DEBUG - _audio_data_worker writing audio data into queue.
2025-04-16 13:58:26.292 - RealTimeSTT: root - DEBUG - _audio_data_worker writing audio data into queue.
2025-04-16 13:58:27.316 - RealTimeSTT: root - DEBUG - _audio_data_worker writing audio data into queue.
2025-04-16 13:58:28.340 - RealTimeSTT: root - DEBUG - _audio_data_worker writing audio data into queue.
2025-04-16 13:58:29.364 - RealTimeSTT: root - DEBUG - _audio_data_worker writing audio data into queue.
2025-04-16 13:58:30.388 - RealTimeSTT: root - DEBUG - _audio_data_worker writing audio data into queue.
2025-04-16 13:58:31.412 - RealTimeSTT: root - DEBUG - _audio_data_worker writing audio data into queue.
2025-04-16 13:58:32.436 - RealTimeSTT: root - DEBUG - _audio_data_worker writing audio data into queue.
2025-04-16 13:58:33.460 - RealTimeSTT: root - DEBUG - _audio_data_worker writing audio data into queue.
2025-04-16 13:58:34.484 - RealTimeSTT: root - DEBUG - _audio_data_worker writing audio data into queue.
2025-04-16 13:58:35.508 - RealTimeSTT: root - DEBUG - _audio_data_worker writing audio data into queue.
2025-04-16 13:58:36.532 - RealTimeSTT: root - DEBUG - _audio_data_worker writing audio data into queue.
2025-04-16 13:58:37.556 - RealTimeSTT: root - DEBUG - _audio_data_worker writing audio data into queue.
2025-04-16 13:58:38.580 - RealTimeSTT: root - DEBUG - _audio_data_worker writing audio data into queue.
2025-04-16 13:58:39.604 - RealTimeSTT: root - DEBUG - _audio_data_worker writing audio data into queue.
2025-04-16 13:58:40.628 - RealTimeSTT: root - DEBUG - _audio_data_worker writing audio data into queue.
2025-04-16 13:58:41.652 - RealTimeSTT: root - DEBUG - _audio_data_worker writing audio data into queue.
2025-04-16 13:58:42.676 - RealTimeSTT: root - DEBUG - _audio_data_worker writing audio data into queue.
2025-04-16 13:58:43.700 - RealTimeSTT: root - DEBUG - _audio_data_worker writing audio data into queue.
2025-04-16 13:58:44.724 - RealTimeSTT: root - DEBUG - _audio_data_worker writing audio data into queue.
2025-04-16 13:58:45.748 - RealTimeSTT: root - DEBUG - _audio_data_worker writing audio data into queue.
2025-04-16 13:58:46.772 - RealTimeSTT: root - DEBUG - _audio_data_worker writing audio data into queue.
2025-04-16 13:58:47.796 - RealTimeSTT: root - DEBUG - _audio_data_worker writing audio data into queue.
2025-04-16 13:58:48.820 - RealTimeSTT: root - DEBUG - _audio_data_worker writing audio data into queue.
2025-04-16 13:58:49.844 - RealTimeSTT: root - DEBUG - _audio_data_worker writing audio data into queue.
2025-04-16 13:58:50.868 - RealTimeSTT: root - DEBUG - _audio_data_worker writing audio data into queue.
2025-04-16 13:58:51.892 - RealTimeSTT: root - DEBUG - _audio_data_worker writing audio data into queue.
2025-04-16 13:58:52.916 - RealTimeSTT: root - DEBUG - _audio_data_worker writing audio data into queue.
2025-04-16 13:58:53.940 - RealTimeSTT: root - DEBUG - _audio_data_worker writing audio data into queue.
2025-04-16 13:58:54.964 - RealTimeSTT: root - DEBUG - _audio_data_worker writing audio data into queue.
2025-04-16 13:58:55.988 - RealTimeSTT: root - DEBUG - _audio_data_worker writing audio data into queue.
2025-04-16 13:58:57.012 - RealTimeSTT: root - DEBUG - _audio_data_worker writing audio data into queue.
2025-04-16 13:58:58.036 - RealTimeSTT: root - DEBUG - _audio_data_worker writing audio data into queue.
2025-04-16 13:58:59.060 - RealTimeSTT: root - DEBUG - _audio_data_worker writing audio data into queue.
2025-04-16 13:59:00.084 - RealTimeSTT: root - DEBUG - _audio_data_worker writing audio data into queue.
2025-04-16 13:59:01.108 - RealTimeSTT: root - DEBUG - _audio_data_worker writing audio data into queue.
2025-04-16 13:59:02.132 - RealTimeSTT: root - DEBUG - _audio_data_worker writing audio data into queue.
2025-04-16 13:59:03.156 - RealTimeSTT: root - DEBUG - _audio_data_worker writing audio data into queue.
2025-04-16 13:59:04.180 - RealTimeSTT: root - DEBUG - _audio_data_worker writing audio data into queue.
2025-04-16 13:59:05.204 - RealTimeSTT: root - DEBUG - _audio_data_worker writing audio data into queue.
2025-04-16 13:59:06.228 - RealTimeSTT: root - DEBUG - _audio_data_worker writing audio data into queue.
2025-04-16 13:59:07.252 - RealTimeSTT: root - DEBUG - _audio_data_worker writing audio data into queue.
2025-04-16 13:59:08.276 - RealTimeSTT: root - DEBUG - _audio_data_worker writing audio data into queue.
2025-04-16 13:59:09.299 - RealTimeSTT: root - DEBUG - _audio_data_worker writing audio data into queue.
2025-04-16 13:59:10.323 - RealTimeSTT: root - DEBUG - _audio_data_worker writing audio data into queue.
2025-04-16 13:59:11.347 - RealTimeSTT: root - DEBUG - _audio_data_worker writing audio data into queue.
2025-04-16 13:59:12.371 - RealTimeSTT: root - DEBUG - _audio_data_worker writing audio data into queue.
2025-04-16 13:59:13.395 - RealTimeSTT: root - DEBUG - _audio_data_worker writing audio data into queue.
2025-04-16 13:59:14.419 - RealTimeSTT: root - DEBUG - _audio_data_worker writing audio data into queue.
2025-04-16 13:59:15.443 - RealTimeSTT: root - DEBUG - _audio_data_worker writing audio data into queue.
2025-04-16 13:59:16.467 - RealTimeSTT: root - DEBUG - _audio_data_worker writing audio data into queue.
2025-04-16 13:59:17.491 - RealTimeSTT: root - DEBUG - _audio_data_worker writing audio data into queue.
2025-04-16 13:59:18.515 - RealTimeSTT: root - DEBUG - _audio_data_worker writing audio data into queue.
2025-04-16 13:59:19.539 - RealTimeSTT: root - DEBUG - _audio_data_worker writing audio data into queue.
2025-04-16 13:59:20.563 - RealTimeSTT: root - DEBUG - _audio_data_worker writing audio data into queue.
2025-04-16 13:59:21.587 - RealTimeSTT: root - DEBUG - _audio_data_worker writing audio data into queue.
2025-04-16 13:59:22.611 - RealTimeSTT: root - DEBUG - _audio_data_worker writing audio data into queue.
2025-04-16 13:59:23.635 - RealTimeSTT: root - DEBUG - _audio_data_worker writing audio data into queue.
2025-04-16 13:59:24.659 - RealTimeSTT: root - DEBUG - _audio_data_worker writing audio data into queue.
2025-04-16 13:59:25.683 - RealTimeSTT: root - DEBUG - _audio_data_worker writing audio data into queue.
2025-04-16 13:59:26.707 - RealTimeSTT: root - DEBUG - _audio_data_worker writing audio data into queue.
2025-04-16 13:59:27.731 - RealTimeSTT: root - DEBUG - _audio_data_worker writing audio data into queue.
2025-04-16 13:59:28.755 - RealTimeSTT: root - DEBUG - _audio_data_worker writing audio data into queue.
2025-04-16 13:59:29.779 - RealTimeSTT: root - DEBUG - _audio_data_worker writing audio data into queue.
2025-04-16 13:59:30.803 - RealTimeSTT: root - DEBUG - _audio_data_worker writing audio data into queue.
2025-04-16 13:59:31.827 - RealTimeSTT: root - DEBUG - _audio_data_worker writing audio data into queue.
2025-04-16 13:59:32.851 - RealTimeSTT: root - DEBUG - _audio_data_worker writing audio data into queue.
2025-04-16 13:59:33.875 - RealTimeSTT: root - DEBUG - _audio_data_worker writing audio data into queue.
2025-04-16 13:59:34.899 - RealTimeSTT: root - DEBUG - _audio_data_worker writing audio data into queue.
2025-04-16 13:59:35.923 - RealTimeSTT: root - DEBUG - _audio_data_worker writing audio data into queue.
2025-04-16 13:59:36.947 - RealTimeSTT: root - DEBUG - _audio_data_worker writing audio data into queue.
2025-04-16 13:59:37.971 - RealTimeSTT: root - DEBUG - _audio_data_worker writing audio data into queue.
2025-04-16 13:59:38.995 - RealTimeSTT: root - DEBUG - _audio_data_worker writing audio data into queue.
2025-04-16 13:59:40.019 - RealTimeSTT: root - DEBUG - _audio_data_worker writing audio data into queue.
2025-04-16 13:59:41.043 - RealTimeSTT: root - DEBUG - _audio_data_worker writing audio data into queue.
2025-04-16 13:59:42.067 - RealTimeSTT: root - DEBUG - _audio_data_worker writing audio data into queue.
2025-04-16 13:59:43.091 - RealTimeSTT: root - DEBUG - _audio_data_worker writing audio data into queue.
2025-04-16 13:59:44.115 - RealTimeSTT: root - DEBUG - _audio_data_worker writing audio data into queue.
2025-04-16 13:59:45.139 - RealTimeSTT: root - DEBUG - _audio_data_worker writing audio data into queue.
2025-04-16 13:59:46.163 - RealTimeSTT: root - DEBUG - _audio_data_worker writing audio data into queue.
2025-04-16 13:59:47.187 - RealTimeSTT: root - DEBUG - _audio_data_worker writing audio data into queue.
2025-04-16 13:59:48.211 - RealTimeSTT: root - DEBUG - _audio_data_worker writing audio data into queue.
2025-04-16 13:59:49.235 - RealTimeSTT: root - DEBUG - _audio_data_worker writing audio data into queue.
2025-04-16 13:59:50.259 - RealTimeSTT: root - DEBUG - _audio_data_worker writing audio data into queue.
2025-04-16 13:59:51.283 - RealTimeSTT: root - DEBUG - _audio_data_worker writing audio data into queue.
2025-04-16 13:59:52.307 - RealTimeSTT: root - DEBUG - _audio_data_worker writing audio data into queue.
2025-04-16 13:59:53.331 - RealTimeSTT: root - DEBUG - _audio_data_worker writing audio data into queue.
2025-04-16 13:59:54.355 - RealTimeSTT: root - DEBUG - _audio_data_worker writing audio data into queue.
2025-04-16 13:59:55.379 - RealTimeSTT: root - DEBUG - _audio_data_worker writing audio data into queue.
2025-04-16 13:59:56.403 - RealTimeSTT: root - DEBUG - _audio_data_worker writing audio data into queue.
2025-04-16 13:59:57.427 - RealTimeSTT: root - DEBUG - _audio_data_worker writing audio data into queue.
2025-04-16 13:59:58.451 - RealTimeSTT: root - DEBUG - _audio_data_worker writing audio data into queue.
2025-04-16 13:59:59.475 - RealTimeSTT: root - DEBUG - _audio_data_worker writing audio data into queue.
2025-04-16 14:00:00.499 - RealTimeSTT: root - DEBUG - _audio_data_worker writing audio data into queue.
2025-04-16 14:00:01.523 - RealTimeSTT: root - DEBUG - _audio_data_worker writing audio data into queue.
2025-04-16 14:00:02.547 - RealTimeSTT: root - DEBUG - _audio_data_worker writing audio data into queue.
2025-04-16 14:00:03.571 - RealTimeSTT: root - DEBUG - _audio_data_worker writing audio data into queue.
2025-04-16 14:00:04.595 - RealTimeSTT: root - DEBUG - _audio_data_worker writing audio data into queue.
2025-04-16 14:00:05.619 - RealTimeSTT: root - DEBUG - _audio_data_worker writing audio data into queue.
2025-04-16 14:00:06.643 - RealTimeSTT: root - DEBUG - _audio_data_worker writing audio data into queue.
2025-04-16 14:00:07.667 - RealTimeSTT: root - DEBUG - _audio_data_worker writing audio data into queue.
2025-04-16 14:00:08.691 - RealTimeSTT: root - DEBUG - _audio_data_worker writing audio data into queue.
2025-04-16 14:00:09.715 - RealTimeSTT: root - DEBUG - _audio_data_worker writing audio data into queue.
2025-04-16 14:00:10.739 - RealTimeSTT: root - DEBUG - _audio_data_worker writing audio data into queue.
2025-04-16 14:00:11.763 - RealTimeSTT: root - DEBUG - _audio_data_worker writing audio data into queue.
2025-04-16 14:00:12.787 - RealTimeSTT: root - DEBUG - _audio_data_worker writing audio data into queue.
2025-04-16 14:00:13.811 - RealTimeSTT: root - DEBUG - _audio_data_worker writing audio data into queue.
2025-04-16 14:00:14.835 - RealTimeSTT: root - DEBUG - _audio_data_worker writing audio data into queue.
2025-04-16 14:00:15.859 - RealTimeSTT: root - DEBUG - _audio_data_worker writing audio data into queue.
2025-04-16 14:00:16.883 - RealTimeSTT: root - DEBUG - _audio_data_worker writing audio data into queue.
2025-04-16 14:00:17.907 - RealTimeSTT: root - DEBUG - _audio_data_worker writing audio data into queue.
2025-04-16 14:00:18.931 - RealTimeSTT: root - DEBUG - _audio_data_worker writing audio data into queue.
2025-04-16 14:00:19.955 - RealTimeSTT: root - DEBUG - _audio_data_worker writing audio data into queue.
2025-04-16 14:00:20.979 - RealTimeSTT: root - DEBUG - _audio_data_worker writing audio data into queue.
2025-04-16 14:00:22.003 - RealTimeSTT: root - DEBUG - _audio_data_worker writing audio data into queue.
2025-04-16 14:00:23.027 - RealTimeSTT: root - DEBUG - _audio_data_worker writing audio data into queue.
2025-04-16 14:00:24.051 - RealTimeSTT: root - DEBUG - _audio_data_worker writing audio data into queue.
2025-04-16 14:00:25.075 - RealTimeSTT: root - DEBUG - _audio_data_worker writing audio data into queue.
2025-04-16 14:00:26.099 - RealTimeSTT: root - DEBUG - _audio_data_worker writing audio data into queue.
2025-04-16 14:00:27.123 - RealTimeSTT: root - DEBUG - _audio_data_worker writing audio data into queue.
2025-04-16 14:00:28.147 - RealTimeSTT: root - DEBUG - _audio_data_worker writing audio data into queue.
2025-04-16 14:00:29.171 - RealTimeSTT: root - DEBUG - _audio_data_worker writing audio data into queue.
2025-04-16 14:00:30.195 - RealTimeSTT: root - DEBUG - _audio_data_worker writing audio data into queue.
2025-04-16 14:00:31.219 - RealTimeSTT: root - DEBUG - _audio_data_worker writing audio data into queue.
2025-04-16 14:00:32.243 - RealTimeSTT: root - DEBUG - _audio_data_worker writing audio data into queue.
2025-04-16 14:00:33.267 - RealTimeSTT: root - DEBUG - _audio_data_worker writing audio data into queue.
2025-04-16 14:00:34.291 - RealTimeSTT: root - DEBUG - _audio_data_worker writing audio data into queue.
2025-04-16 14:00:35.315 - RealTimeSTT: root - DEBUG - _audio_data_worker writing audio data into queue.
2025-04-16 14:00:36.339 - RealTimeSTT: root - DEBUG - _audio_data_worker writing audio data into queue.
2025-04-16 14:00:37.363 - RealTimeSTT: root - DEBUG - _audio_data_worker writing audio data into queue.
2025-04-16 14:00:38.387 - RealTimeSTT: root - DEBUG - _audio_data_worker writing audio data into queue.
2025-04-16 14:00:39.411 - RealTimeSTT: root - DEBUG - _audio_data_worker writing audio data into queue.
2025-04-16 14:00:40.435 - RealTimeSTT: root - DEBUG - _audio_data_worker writing audio data into queue.
2025-04-16 14:00:41.459 - RealTimeSTT: root - DEBUG - _audio_data_worker writing audio data into queue.
2025-04-16 14:00:42.483 - RealTimeSTT: root - DEBUG - _audio_data_worker writing audio data into queue.
2025-04-16 14:00:43.507 - RealTimeSTT: root - DEBUG - _audio_data_worker writing audio data into queue.
2025-04-16 14:00:44.531 - RealTimeSTT: root - DEBUG - _audio_data_worker writing audio data into queue.
2025-04-16 14:00:45.555 - RealTimeSTT: root - DEBUG - _audio_data_worker writing audio data into queue.
2025-04-16 14:00:46.579 - RealTimeSTT: root - DEBUG - _audio_data_worker writing audio data into queue.
2025-04-16 14:00:47.603 - RealTimeSTT: root - DEBUG - _audio_data_worker writing audio data into queue.
2025-04-16 14:00:48.627 - RealTimeSTT: root - DEBUG - _audio_data_worker writing audio data into queue.
2025-04-16 14:00:49.651 - RealTimeSTT: root - DEBUG - _audio_data_worker writing audio data into queue.
2025-04-16 14:00:50.675 - RealTimeSTT: root - DEBUG - _audio_data_worker writing audio data into queue.
2025-04-16 14:00:51.699 - RealTimeSTT: root - DEBUG - _audio_data_worker writing audio data into queue.
2025-04-16 14:00:52.723 - RealTimeSTT: root - DEBUG - _audio_data_worker writing audio data into queue.
2025-04-16 14:00:53.747 - RealTimeSTT: root - DEBUG - _audio_data_worker writing audio data into queue.
2025-04-16 14:00:54.771 - RealTimeSTT: root - DEBUG - _audio_data_worker writing audio data into queue.
2025-04-16 14:00:55.795 - RealTimeSTT: root - DEBUG - _audio_data_worker writing audio data into queue.
2025-04-16 14:00:56.819 - RealTimeSTT: root - DEBUG - _audio_data_worker writing audio data into queue.
2025-04-16 14:00:57.843 - RealTimeSTT: root - DEBUG - _audio_data_worker writing audio data into queue.
2025-04-16 14:00:58.867 - RealTimeSTT: root - DEBUG - _audio_data_worker writing audio data into queue.
2025-04-16 14:00:59.891 - RealTimeSTT: root - DEBUG - _audio_data_worker writing audio data into queue.
2025-04-16 14:01:00.915 - RealTimeSTT: root - DEBUG - _audio_data_worker writing audio data into queue.
2025-04-16 14:01:01.939 - RealTimeSTT: root - DEBUG - _audio_data_worker writing audio data into queue.
2025-04-16 14:01:02.963 - RealTimeSTT: root - DEBUG - _audio_data_worker writing audio data into queue.
2025-04-16 14:01:03.987 - RealTimeSTT: root - DEBUG - _audio_data_worker writing audio data into queue.
2025-04-16 14:01:05.011 - RealTimeSTT: root - DEBUG - _audio_data_worker writing audio data into queue.
2025-04-16 14:01:06.035 - RealTimeSTT: root - DEBUG - _audio_data_worker writing audio data into queue.
2025-04-16 14:01:07.059 - RealTimeSTT: root - DEBUG - _audio_data_worker writing audio data into queue.
2025-04-16 14:01:08.083 - RealTimeSTT: root - DEBUG - _audio_data_worker writing audio data into queue.
2025-04-16 14:01:09.107 - RealTimeSTT: root - DEBUG - _audio_data_worker writing audio data into queue.
2025-04-16 14:01:10.131 - RealTimeSTT: root - DEBUG - _audio_data_worker writing audio data into queue.
2025-04-16 14:01:11.155 - RealTimeSTT: root - DEBUG - _audio_data_worker writing audio data into queue.
2025-04-16 14:01:12.179 - RealTimeSTT: root - DEBUG - _audio_data_worker writing audio data into queue.
2025-04-16 14:01:13.203 - RealTimeSTT: root - DEBUG - _audio_data_worker writing audio data into queue.
2025-04-16 14:01:14.227 - RealTimeSTT: root - DEBUG - _audio_data_worker writing audio data into queue.
2025-04-16 14:01:15.251 - RealTimeSTT: root - DEBUG - _audio_data_worker writing audio data into queue.
2025-04-16 14:01:16.275 - RealTimeSTT: root - DEBUG - _audio_data_worker writing audio data into queue.
2025-04-16 14:01:17.299 - RealTimeSTT: root - DEBUG - _audio_data_worker writing audio data into queue.
2025-04-16 14:01:18.323 - RealTimeSTT: root - DEBUG - _audio_data_worker writing audio data into queue.
2025-04-16 14:01:19.347 - RealTimeSTT: root - DEBUG - _audio_data_worker writing audio data into queue.
2025-04-16 14:01:20.371 - RealTimeSTT: root - DEBUG - _audio_data_worker writing audio data into queue.
2025-04-16 14:01:21.395 - RealTimeSTT: root - DEBUG - _audio_data_worker writing audio data into queue.
2025-04-16 14:01:22.419 - RealTimeSTT: root - DEBUG - _audio_data_worker writing audio data into queue.
2025-04-16 14:01:23.443 - RealTimeSTT: root - DEBUG - _audio_data_worker writing audio data into queue.
2025-04-16 14:01:24.467 - RealTimeSTT: root - DEBUG - _audio_data_worker writing audio data into queue.
2025-04-16 14:01:25.491 - RealTimeSTT: root - DEBUG - _audio_data_worker writing audio data into queue.
2025-04-16 14:01:26.515 - RealTimeSTT: root - DEBUG - _audio_data_worker writing audio data into queue.
2025-04-16 14:01:27.539 - RealTimeSTT: root - DEBUG - _audio_data_worker writing audio data into queue.
2025-04-16 14:01:28.563 - RealTimeSTT: root - DEBUG - _audio_data_worker writing audio data into queue.
2025-04-16 14:01:29.587 - RealTimeSTT: root - DEBUG - _audio_data_worker writing audio data into queue.
2025-04-16 14:01:30.611 - RealTimeSTT: root - DEBUG - _audio_data_worker writing audio data into queue.
2025-04-16 14:01:31.635 - RealTimeSTT: root - DEBUG - _audio_data_worker writing audio data into queue.
2025-04-16 14:01:32.659 - RealTimeSTT: root - DEBUG - _audio_data_worker writing audio data into queue.
2025-04-16 14:01:33.683 - RealTimeSTT: root - DEBUG - _audio_data_worker writing audio data into queue.
2025-04-16 14:01:34.707 - RealTimeSTT: root - DEBUG - _audio_data_worker writing audio data into queue.
2025-04-16 14:01:35.731 - RealTimeSTT: root - DEBUG - _audio_data_worker writing audio data into queue.
2025-04-16 14:01:36.755 - RealTimeSTT: root - DEBUG - _audio_data_worker writing audio data into queue.
2025-04-16 14:01:37.779 - RealTimeSTT: root - DEBUG - _audio_data_worker writing audio data into queue.
2025-04-16 14:01:38.803 - RealTimeSTT: root - DEBUG - _audio_data_worker writing audio data into queue.
2025-04-16 14:01:39.827 - RealTimeSTT: root - DEBUG - _audio_data_worker writing audio data into queue.
2025-04-16 14:01:40.851 - RealTimeSTT: root - DEBUG - _audio_data_worker writing audio data into queue.
2025-04-16 14:01:41.875 - RealTimeSTT: root - DEBUG - _audio_data_worker writing audio data into queue.
2025-04-16 14:01:42.898 - RealTimeSTT: root - DEBUG - _audio_data_worker writing audio data into queue.
2025-04-16 14:01:43.922 - RealTimeSTT: root - DEBUG - _audio_data_worker writing audio data into queue.
2025-04-16 14:01:44.946 - RealTimeSTT: root - DEBUG - _audio_data_worker writing audio data into queue.
2025-04-16 14:01:45.970 - RealTimeSTT: root - DEBUG - _audio_data_worker writing audio data into queue.
2025-04-16 14:01:46.994 - RealTimeSTT: root - DEBUG - _audio_data_worker writing audio data into queue.
2025-04-16 14:01:48.018 - RealTimeSTT: root - DEBUG - _audio_data_worker writing audio data into queue.
2025-04-16 14:01:49.042 - RealTimeSTT: root - DEBUG - _audio_data_worker writing audio data into queue.
2025-04-16 14:01:50.066 - RealTimeSTT: root - DEBUG - _audio_data_worker writing audio data into queue.
2025-04-16 14:01:51.090 - RealTimeSTT: root - DEBUG - _audio_data_worker writing audio data into queue.
2025-04-16 14:01:52.114 - RealTimeSTT: root - DEBUG - _audio_data_worker writing audio data into queue.
2025-04-16 14:01:53.138 - RealTimeSTT: root - DEBUG - _audio_data_worker writing audio data into queue.
2025-04-16 14:01:54.162 - RealTimeSTT: root - DEBUG - _audio_data_worker writing audio data into queue.
2025-04-16 14:01:55.186 - RealTimeSTT: root - DEBUG - _audio_data_worker writing audio data into queue.
2025-04-16 14:01:56.210 - RealTimeSTT: root - DEBUG - _audio_data_worker writing audio data into queue.
2025-04-16 14:01:57.234 - RealTimeSTT: root - DEBUG - _audio_data_worker writing audio data into queue.
2025-04-16 14:01:58.258 - RealTimeSTT: root - DEBUG - _audio_data_worker writing audio data into queue.
2025-04-16 14:01:59.282 - RealTimeSTT: root - DEBUG - _audio_data_worker writing audio data into queue.
2025-04-16 14:02:00.306 - RealTimeSTT: root - DEBUG - _audio_data_worker writing audio data into queue.
2025-04-16 14:02:01.330 - RealTimeSTT: root - DEBUG - _audio_data_worker writing audio data into queue.
2025-04-16 14:02:02.354 - RealTimeSTT: root - DEBUG - _audio_data_worker writing audio data into queue.
2025-04-16 14:02:03.378 - RealTimeSTT: root - DEBUG - _audio_data_worker writing audio data into queue.
2025-04-16 14:02:04.402 - RealTimeSTT: root - DEBUG - _audio_data_worker writing audio data into queue.
2025-04-16 14:02:05.426 - RealTimeSTT: root - DEBUG - _audio_data_worker writing audio data into queue.
2025-04-16 14:02:06.450 - RealTimeSTT: root - DEBUG - _audio_data_worker writing audio data into queue.
2025-04-16 14:02:07.474 - RealTimeSTT: root - DEBUG - _audio_data_worker writing audio data into queue.
2025-04-16 14:02:08.498 - RealTimeSTT: root - DEBUG - _audio_data_worker writing audio data into queue.
2025-04-16 14:02:09.522 - RealTimeSTT: root - DEBUG - _audio_data_worker writing audio data into queue.
2025-04-16 14:02:10.546 - RealTimeSTT: root - DEBUG - _audio_data_worker writing audio data into queue.
2025-04-16 14:02:11.570 - RealTimeSTT: root - DEBUG - _audio_data_worker writing audio data into queue.
2025-04-16 14:02:12.594 - RealTimeSTT: root - DEBUG - _audio_data_worker writing audio data into queue.
2025-04-16 14:02:13.618 - RealTimeSTT: root - DEBUG - _audio_data_worker writing audio data into queue.
2025-04-16 14:02:14.642 - RealTimeSTT: root - DEBUG - _audio_data_worker writing audio data into queue.
2025-04-16 14:02:15.666 - RealTimeSTT: root - DEBUG - _audio_data_worker writing audio data into queue.
2025-04-16 14:02:16.690 - RealTimeSTT: root - DEBUG - _audio_data_worker writing audio data into queue.
2025-04-16 14:02:17.714 - RealTimeSTT: root - DEBUG - _audio_data_worker writing audio data into queue.
2025-04-16 14:02:18.738 - RealTimeSTT: root - DEBUG - _audio_data_worker writing audio data into queue.
2025-04-16 14:02:19.762 - RealTimeSTT: root - DEBUG - _audio_data_worker writing audio data into queue.
2025-04-16 14:02:20.786 - RealTimeSTT: root - DEBUG - _audio_data_worker writing audio data into queue.
2025-04-16 14:02:21.810 - RealTimeSTT: root - DEBUG - _audio_data_worker writing audio data into queue.
2025-04-16 14:02:22.834 - RealTimeSTT: root - DEBUG - _audio_data_worker writing audio data into queue.
2025-04-16 14:02:23.858 - RealTimeSTT: root - DEBUG - _audio_data_worker writing audio data into queue.
2025-04-16 14:02:24.882 - RealTimeSTT: root - DEBUG - _audio_data_worker writing audio data into queue.
2025-04-16 14:02:25.906 - RealTimeSTT: root - DEBUG - _audio_data_worker writing audio data into queue.
2025-04-16 14:02:26.930 - RealTimeSTT: root - DEBUG - _audio_data_worker writing audio data into queue.
2025-04-16 14:02:27.954 - RealTimeSTT: root - DEBUG - _audio_data_worker writing audio data into queue.
2025-04-16 14:02:28.978 - RealTimeSTT: root - DEBUG - _audio_data_worker writing audio data into queue.
2025-04-16 14:02:30.002 - RealTimeSTT: root - DEBUG - _audio_data_worker writing audio data into queue.
2025-04-16 14:02:31.026 - RealTimeSTT: root - DEBUG - _audio_data_worker writing audio data into queue.
2025-04-16 14:02:32.050 - RealTimeSTT: root - DEBUG - _audio_data_worker writing audio data into queue.
2025-04-16 14:02:33.074 - RealTimeSTT: root - DEBUG - _audio_data_worker writing audio data into queue.
2025-04-16 14:02:34.098 - RealTimeSTT: root - DEBUG - _audio_data_worker writing audio data into queue.
2025-04-16 14:02:35.122 - RealTimeSTT: root - DEBUG - _audio_data_worker writing audio data into queue.
2025-04-16 14:02:36.146 - RealTimeSTT: root - DEBUG - _audio_data_worker writing audio data into queue.
2025-04-16 14:02:37.170 - RealTimeSTT: root - DEBUG - _audio_data_worker writing audio data into queue.
2025-04-16 14:02:38.194 - RealTimeSTT: root - DEBUG - _audio_data_worker writing audio data into queue.
2025-04-16 14:02:39.218 - RealTimeSTT: root - DEBUG - _audio_data_worker writing audio data into queue.
2025-04-16 14:02:40.242 - RealTimeSTT: root - DEBUG - _audio_data_worker writing audio data into queue.
2025-04-16 14:02:41.266 - RealTimeSTT: root - DEBUG - _audio_data_worker writing audio data into queue.
2025-04-16 14:02:42.290 - RealTimeSTT: root - DEBUG - _audio_data_worker writing audio data into queue.
2025-04-16 14:02:43.314 - RealTimeSTT: root - DEBUG - _audio_data_worker writing audio data into queue.
2025-04-16 14:02:44.338 - RealTimeSTT: root - DEBUG - _audio_data_worker writing audio data into queue.
2025-04-16 14:02:45.362 - RealTimeSTT: root - DEBUG - _audio_data_worker writing audio data into queue.
2025-04-16 14:02:46.386 - RealTimeSTT: root - DEBUG - _audio_data_worker writing audio data into queue.
2025-04-16 14:02:47.410 - RealTimeSTT: root - DEBUG - _audio_data_worker writing audio data into queue.
2025-04-16 14:02:48.434 - RealTimeSTT: root - DEBUG - _audio_data_worker writing audio data into queue.
2025-04-16 14:02:49.458 - RealTimeSTT: root - DEBUG - _audio_data_worker writing audio data into queue.
2025-04-16 14:02:50.482 - RealTimeSTT: root - DEBUG - _audio_data_worker writing audio data into queue.
2025-04-16 14:02:51.506 - RealTimeSTT: root - DEBUG - _audio_data_worker writing audio data into queue.
2025-04-16 14:02:52.530 - RealTimeSTT: root - DEBUG - _audio_data_worker writing audio data into queue.
2025-04-16 14:02:53.554 - RealTimeSTT: root - DEBUG - _audio_data_worker writing audio data into queue.
2025-04-16 14:02:54.578 - RealTimeSTT: root - DEBUG - _audio_data_worker writing audio data into queue.
2025-04-16 14:02:55.602 - RealTimeSTT: root - DEBUG - _audio_data_worker writing audio data into queue.
2025-04-16 14:02:56.626 - RealTimeSTT: root - DEBUG - _audio_data_worker writing audio data into queue.
2025-04-16 14:02:57.650 - RealTimeSTT: root - DEBUG - _audio_data_worker writing audio data into queue.
2025-04-16 14:02:58.674 - RealTimeSTT: root - DEBUG - _audio_data_worker writing audio data into queue.
2025-04-16 14:02:59.698 - RealTimeSTT: root - DEBUG - _audio_data_worker writing audio data into queue.
2025-04-16 14:03:00.722 - RealTimeSTT: root - DEBUG - _audio_data_worker writing audio data into queue.
2025-04-16 14:03:01.746 - RealTimeSTT: root - DEBUG - _audio_data_worker writing audio data into queue.
2025-04-16 14:03:02.770 - RealTimeSTT: root - DEBUG - _audio_data_worker writing audio data into queue.
2025-04-16 14:03:03.794 - RealTimeSTT: root - DEBUG - _audio_data_worker writing audio data into queue.
2025-04-16 14:03:04.818 - RealTimeSTT: root - DEBUG - _audio_data_worker writing audio data into queue.
2025-04-16 14:03:05.842 - RealTimeSTT: root - DEBUG - _audio_data_worker writing audio data into queue.
2025-04-16 14:03:06.866 - RealTimeSTT: root - DEBUG - _audio_data_worker writing audio data into queue.
2025-04-16 14:03:07.890 - RealTimeSTT: root - DEBUG - _audio_data_worker writing audio data into queue.
2025-04-16 14:03:08.914 - RealTimeSTT: root - DEBUG - _audio_data_worker writing audio data into queue.
2025-04-16 14:03:09.938 - RealTimeSTT: root - DEBUG - _audio_data_worker writing audio data into queue.
2025-04-16 14:03:10.962 - RealTimeSTT: root - DEBUG - _audio_data_worker writing audio data into queue.
2025-04-16 14:03:11.986 - RealTimeSTT: root - DEBUG - _audio_data_worker writing audio data into queue.
2025-04-16 14:03:13.010 - RealTimeSTT: root - DEBUG - _audio_data_worker writing audio data into queue.
2025-04-16 14:03:14.034 - RealTimeSTT: root - DEBUG - _audio_data_worker writing audio data into queue.
2025-04-16 14:03:15.058 - RealTimeSTT: root - DEBUG - _audio_data_worker writing audio data into queue.
2025-04-16 14:03:16.082 - RealTimeSTT: root - DEBUG - _audio_data_worker writing audio data into queue.
2025-04-16 14:03:17.106 - RealTimeSTT: root - DEBUG - _audio_data_worker writing audio data into queue.
2025-04-16 14:03:18.130 - RealTimeSTT: root - DEBUG - _audio_data_worker writing audio data into queue.
2025-04-16 14:03:19.154 - RealTimeSTT: root - DEBUG - _audio_data_worker writing audio data into queue.
2025-04-16 14:03:20.178 - RealTimeSTT: root - DEBUG - _audio_data_worker writing audio data into queue.
2025-04-16 14:03:21.202 - RealTimeSTT: root - DEBUG - _audio_data_worker writing audio data into queue.
2025-04-16 14:03:22.226 - RealTimeSTT: root - DEBUG - _audio_data_worker writing audio data into queue.
2025-04-16 14:03:23.250 - RealTimeSTT: root - DEBUG - _audio_data_worker writing audio data into queue.
2025-04-16 14:03:24.274 - RealTimeSTT: root - DEBUG - _audio_data_worker writing audio data into queue.
2025-04-16 14:03:25.298 - RealTimeSTT: root - DEBUG - _audio_data_worker writing audio data into queue.
2025-04-16 14:03:26.322 - RealTimeSTT: root - DEBUG - _audio_data_worker writing audio data into queue.
2025-04-16 14:03:27.346 - RealTimeSTT: root - DEBUG - _audio_data_worker writing audio data into queue.
2025-04-16 14:03:28.370 - RealTimeSTT: root - DEBUG - _audio_data_worker writing audio data into queue.
2025-04-16 14:03:29.394 - RealTimeSTT: root - DEBUG - _audio_data_worker writing audio data into queue.
2025-04-16 14:03:30.418 - RealTimeSTT: root - DEBUG - _audio_data_worker writing audio data into queue.
2025-04-16 14:03:31.442 - RealTimeSTT: root - DEBUG - _audio_data_worker writing audio data into queue.
2025-04-16 14:03:32.466 - RealTimeSTT: root - DEBUG - _audio_data_worker writing audio data into queue.
2025-04-16 14:03:33.490 - RealTimeSTT: root - DEBUG - _audio_data_worker writing audio data into queue.
2025-04-16 14:03:34.514 - RealTimeSTT: root - DEBUG - _audio_data_worker writing audio data into queue.
2025-04-16 14:03:35.538 - RealTimeSTT: root - DEBUG - _audio_data_worker writing audio data into queue.
2025-04-16 14:03:36.562 - RealTimeSTT: root - DEBUG - _audio_data_worker writing audio data into queue.
2025-04-16 14:03:37.586 - RealTimeSTT: root - DEBUG - _audio_data_worker writing audio data into queue.
2025-04-16 14:03:38.610 - RealTimeSTT: root - DEBUG - _audio_data_worker writing audio data into queue.
2025-04-16 14:03:39.634 - RealTimeSTT: root - DEBUG - _audio_data_worker writing audio data into queue.
2025-04-16 14:03:40.658 - RealTimeSTT: root - DEBUG - _audio_data_worker writing audio data into queue.
2025-04-16 14:03:41.682 - RealTimeSTT: root - DEBUG - _audio_data_worker writing audio data into queue.
2025-04-16 14:03:42.706 - RealTimeSTT: root - DEBUG - _audio_data_worker writing audio data into queue.
2025-04-16 14:03:43.730 - RealTimeSTT: root - DEBUG - _audio_data_worker writing audio data into queue.
2025-04-16 14:03:44.754 - RealTimeSTT: root - DEBUG - _audio_data_worker writing audio data into queue.
2025-04-16 14:03:45.778 - RealTimeSTT: root - DEBUG - _audio_data_worker writing audio data into queue.
2025-04-16 14:03:46.802 - RealTimeSTT: root - DEBUG - _audio_data_worker writing audio data into queue.
2025-04-16 14:03:47.826 - RealTimeSTT: root - DEBUG - _audio_data_worker writing audio data into queue.
2025-04-16 14:03:48.850 - RealTimeSTT: root - DEBUG - _audio_data_worker writing audio data into queue.
2025-04-16 14:03:49.874 - RealTimeSTT: root - DEBUG - _audio_data_worker writing audio data into queue.
2025-04-16 14:03:50.898 - RealTimeSTT: root - DEBUG - _audio_data_worker writing audio data into queue.
2025-04-16 14:03:51.922 - RealTimeSTT: root - DEBUG - _audio_data_worker writing audio data into queue.
2025-04-16 14:03:52.946 - RealTimeSTT: root - DEBUG - _audio_data_worker writing audio data into queue.
2025-04-16 14:03:53.970 - RealTimeSTT: root - DEBUG - _audio_data_worker writing audio data into queue.
2025-04-16 14:03:54.994 - RealTimeSTT: root - DEBUG - _audio_data_worker writing audio data into queue.
2025-04-16 14:03:56.018 - RealTimeSTT: root - DEBUG - _audio_data_worker writing audio data into queue.
2025-04-16 14:03:57.042 - RealTimeSTT: root - DEBUG - _audio_data_worker writing audio data into queue.
2025-04-16 14:03:58.066 - RealTimeSTT: root - DEBUG - _audio_data_worker writing audio data into queue.
2025-04-16 14:03:59.090 - RealTimeSTT: root - DEBUG - _audio_data_worker writing audio data into queue.
2025-04-16 14:04:00.114 - RealTimeSTT: root - DEBUG - _audio_data_worker writing audio data into queue.
2025-04-16 14:04:01.138 - RealTimeSTT: root - DEBUG - _audio_data_worker writing audio data into queue.
2025-04-16 14:04:02.162 - RealTimeSTT: root - DEBUG - _audio_data_worker writing audio data into queue.
2025-04-16 14:04:03.186 - RealTimeSTT: root - DEBUG - _audio_data_worker writing audio data into queue.
2025-04-16 14:04:04.210 - RealTimeSTT: root - DEBUG - _audio_data_worker writing audio data into queue.
2025-04-16 14:04:05.234 - RealTimeSTT: root - DEBUG - _audio_data_worker writing audio data into queue.
2025-04-16 14:04:06.258 - RealTimeSTT: root - DEBUG - _audio_data_worker writing audio data into queue.
2025-04-16 14:04:07.282 - RealTimeSTT: root - DEBUG - _audio_data_worker writing audio data into queue.
2025-04-16 14:04:08.306 - RealTimeSTT: root - DEBUG - _audio_data_worker writing audio data into queue.
2025-04-16 14:04:09.330 - RealTimeSTT: root - DEBUG - _audio_data_worker writing audio data into queue.
2025-04-16 14:04:10.354 - RealTimeSTT: root - DEBUG - _audio_data_worker writing audio data into queue.
2025-04-16 14:04:11.378 - RealTimeSTT: root - DEBUG - _audio_data_worker writing audio data into queue.
2025-04-16 14:04:12.402 - RealTimeSTT: root - DEBUG - _audio_data_worker writing audio data into queue.
2025-04-16 14:04:13.426 - RealTimeSTT: root - DEBUG - _audio_data_worker writing audio data into queue.
2025-04-16 14:04:14.450 - RealTimeSTT: root - DEBUG - _audio_data_worker writing audio data into queue.
2025-04-16 14:04:15.474 - RealTimeSTT: root - DEBUG - _audio_data_worker writing audio data into queue.
2025-04-16 14:04:16.497 - RealTimeSTT: root - DEBUG - _audio_data_worker writing audio data into queue.
2025-04-16 14:04:17.521 - RealTimeSTT: root - DEBUG - _audio_data_worker writing audio data into queue.
2025-04-16 14:04:18.545 - RealTimeSTT: root - DEBUG - _audio_data_worker writing audio data into queue.
2025-04-16 14:04:19.569 - RealTimeSTT: root - DEBUG - _audio_data_worker writing audio data into queue.
2025-04-16 14:04:20.593 - RealTimeSTT: root - DEBUG - _audio_data_worker writing audio data into queue.
2025-04-16 14:04:21.617 - RealTimeSTT: root - DEBUG - _audio_data_worker writing audio data into queue.
2025-04-16 14:04:22.641 - RealTimeSTT: root - DEBUG - _audio_data_worker writing audio data into queue.
2025-04-16 14:04:23.665 - RealTimeSTT: root - DEBUG - _audio_data_worker writing audio data into queue.
2025-04-16 14:04:24.689 - RealTimeSTT: root - DEBUG - _audio_data_worker writing audio data into queue.
2025-04-16 14:04:25.713 - RealTimeSTT: root - DEBUG - _audio_data_worker writing audio data into queue.
2025-04-16 14:04:26.737 - RealTimeSTT: root - DEBUG - _audio_data_worker writing audio data into queue.
2025-04-16 14:04:27.761 - RealTimeSTT: root - DEBUG - _audio_data_worker writing audio data into queue.
2025-04-16 14:04:28.785 - RealTimeSTT: root - DEBUG - _audio_data_worker writing audio data into queue.
2025-04-16 14:04:29.809 - RealTimeSTT: root - DEBUG - _audio_data_worker writing audio data into queue.
2025-04-16 14:04:30.833 - RealTimeSTT: root - DEBUG - _audio_data_worker writing audio data into queue.
2025-04-16 14:04:31.857 - RealTimeSTT: root - DEBUG - _audio_data_worker writing audio data into queue.
2025-04-16 14:04:32.881 - RealTimeSTT: root - DEBUG - _audio_data_worker writing audio data into queue.
2025-04-16 14:04:33.905 - RealTimeSTT: root - DEBUG - _audio_data_worker writing audio data into queue.
2025-04-16 14:04:34.929 - RealTimeSTT: root - DEBUG - _audio_data_worker writing audio data into queue.
2025-04-16 14:04:35.953 - RealTimeSTT: root - DEBUG - _audio_data_worker writing audio data into queue.
2025-04-16 14:04:36.977 - RealTimeSTT: root - DEBUG - _audio_data_worker writing audio data into queue.
2025-04-16 14:04:38.001 - RealTimeSTT: root - DEBUG - _audio_data_worker writing audio data into queue.
2025-04-16 14:04:39.025 - RealTimeSTT: root - DEBUG - _audio_data_worker writing audio data into queue.
2025-04-16 14:04:40.049 - RealTimeSTT: root - DEBUG - _audio_data_worker writing audio data into queue.
2025-04-16 14:04:41.073 - RealTimeSTT: root - DEBUG - _audio_data_worker writing audio data into queue.
2025-04-16 14:04:42.097 - RealTimeSTT: root - DEBUG - _audio_data_worker writing audio data into queue.
2025-04-16 14:04:43.121 - RealTimeSTT: root - DEBUG - _audio_data_worker writing audio data into queue.
2025-04-16 14:04:44.145 - RealTimeSTT: root - DEBUG - _audio_data_worker writing audio data into queue.
2025-04-16 14:04:45.169 - RealTimeSTT: root - DEBUG - _audio_data_worker writing audio data into queue.
2025-04-16 14:04:46.193 - RealTimeSTT: root - DEBUG - _audio_data_worker writing audio data into queue.
2025-04-16 14:04:47.217 - RealTimeSTT: root - DEBUG - _audio_data_worker writing audio data into queue.
2025-04-16 14:04:48.241 - RealTimeSTT: root - DEBUG - _audio_data_worker writing audio data into queue.
2025-04-16 14:04:49.265 - RealTimeSTT: root - DEBUG - _audio_data_worker writing audio data into queue.
2025-04-16 14:04:50.289 - RealTimeSTT: root - DEBUG - _audio_data_worker writing audio data into queue.
2025-04-16 14:04:51.313 - RealTimeSTT: root - DEBUG - _audio_data_worker writing audio data into queue.
2025-04-16 14:04:52.337 - RealTimeSTT: root - DEBUG - _audio_data_worker writing audio data into queue.
2025-04-16 14:04:53.361 - RealTimeSTT: root - DEBUG - _audio_data_worker writing audio data into queue.
2025-04-16 14:04:54.385 - RealTimeSTT: root - DEBUG - _audio_data_worker writing audio data into queue.
2025-04-16 14:04:55.409 - RealTimeSTT: root - DEBUG - _audio_data_worker writing audio data into queue.
2025-04-16 14:04:56.433 - RealTimeSTT: root - DEBUG - _audio_data_worker writing audio data into queue.
2025-04-16 14:04:57.457 - RealTimeSTT: root - DEBUG - _audio_data_worker writing audio data into queue.
2025-04-16 14:04:58.481 - RealTimeSTT: root - DEBUG - _audio_data_worker writing audio data into queue.
2025-04-16 14:04:59.505 - RealTimeSTT: root - DEBUG - _audio_data_worker writing audio data into queue.
2025-04-16 14:05:00.529 - RealTimeSTT: root - DEBUG - _audio_data_worker writing audio data into queue.
2025-04-16 14:05:01.553 - RealTimeSTT: root - DEBUG - _audio_data_worker writing audio data into queue.
2025-04-16 14:05:02.577 - RealTimeSTT: root - DEBUG - _audio_data_worker writing audio data into queue.
2025-04-16 14:05:03.601 - RealTimeSTT: root - DEBUG - _audio_data_worker writing audio data into queue.
2025-04-16 14:05:04.625 - RealTimeSTT: root - DEBUG - _audio_data_worker writing audio data into queue.
2025-04-16 14:05:05.649 - RealTimeSTT: root - DEBUG - _audio_data_worker writing audio data into queue.
2025-04-16 14:05:06.673 - RealTimeSTT: root - DEBUG - _audio_data_worker writing audio data into queue.
2025-04-16 14:05:07.697 - RealTimeSTT: root - DEBUG - _audio_data_worker writing audio data into queue.
2025-04-16 14:05:08.721 - RealTimeSTT: root - DEBUG - _audio_data_worker writing audio data into queue.
2025-04-16 14:05:09.745 - RealTimeSTT: root - DEBUG - _audio_data_worker writing audio data into queue.
2025-04-16 14:05:10.769 - RealTimeSTT: root - DEBUG - _audio_data_worker writing audio data into queue.
2025-04-16 14:05:11.793 - RealTimeSTT: root - DEBUG - _audio_data_worker writing audio data into queue.
2025-04-16 14:05:12.817 - RealTimeSTT: root - DEBUG - _audio_data_worker writing audio data into queue.
2025-04-16 14:05:13.841 - RealTimeSTT: root - DEBUG - _audio_data_worker writing audio data into queue.
2025-04-16 14:05:14.865 - RealTimeSTT: root - DEBUG - _audio_data_worker writing audio data into queue.
2025-04-16 14:05:15.889 - RealTimeSTT: root - DEBUG - _audio_data_worker writing audio data into queue.
2025-04-16 14:05:16.913 - RealTimeSTT: root - DEBUG - _audio_data_worker writing audio data into queue.
2025-04-16 14:05:17.937 - RealTimeSTT: root - DEBUG - _audio_data_worker writing audio data into queue.
2025-04-16 14:05:18.961 - RealTimeSTT: root - DEBUG - _audio_data_worker writing audio data into queue.
2025-04-16 14:05:19.985 - RealTimeSTT: root - DEBUG - _audio_data_worker writing audio data into queue.
2025-04-16 14:05:21.009 - RealTimeSTT: root - DEBUG - _audio_data_worker writing audio data into queue.
2025-04-16 14:05:22.033 - RealTimeSTT: root - DEBUG - _audio_data_worker writing audio data into queue.
2025-04-16 14:05:23.057 - RealTimeSTT: root - DEBUG - _audio_data_worker writing audio data into queue.
2025-04-16 14:05:24.081 - RealTimeSTT: root - DEBUG - _audio_data_worker writing audio data into queue.
2025-04-16 14:05:25.105 - RealTimeSTT: root - DEBUG - _audio_data_worker writing audio data into queue.
2025-04-16 14:05:26.129 - RealTimeSTT: root - DEBUG - _audio_data_worker writing audio data into queue.
2025-04-16 14:05:27.153 - RealTimeSTT: root - DEBUG - _audio_data_worker writing audio data into queue.
2025-04-16 14:05:28.177 - RealTimeSTT: root - DEBUG - _audio_data_worker writing audio data into queue.
2025-04-16 14:05:29.201 - RealTimeSTT: root - DEBUG - _audio_data_worker writing audio data into queue.
2025-04-16 14:05:30.225 - RealTimeSTT: root - DEBUG - _audio_data_worker writing audio data into queue.
2025-04-16 14:05:31.249 - RealTimeSTT: root - DEBUG - _audio_data_worker writing audio data into queue.
2025-04-16 14:05:32.273 - RealTimeSTT: root - DEBUG - _audio_data_worker writing audio data into queue.
2025-04-16 14:05:33.297 - RealTimeSTT: root - DEBUG - _audio_data_worker writing audio data into queue.
2025-04-16 14:05:34.321 - RealTimeSTT: root - DEBUG - _audio_data_worker writing audio data into queue.
2025-04-16 14:05:35.345 - RealTimeSTT: root - DEBUG - _audio_data_worker writing audio data into queue.
2025-04-16 14:05:36.369 - RealTimeSTT: root - DEBUG - _audio_data_worker writing audio data into queue.
2025-04-16 14:05:37.393 - RealTimeSTT: root - DEBUG - _audio_data_worker writing audio data into queue.
2025-04-16 14:05:38.417 - RealTimeSTT: root - DEBUG - _audio_data_worker writing audio data into queue.
2025-04-16 14:05:39.441 - RealTimeSTT: root - DEBUG - _audio_data_worker writing audio data into queue.
2025-04-16 14:05:40.465 - RealTimeSTT: root - DEBUG - _audio_data_worker writing audio data into queue.
2025-04-16 14:05:41.489 - RealTimeSTT: root - DEBUG - _audio_data_worker writing audio data into queue.
2025-04-16 14:05:42.513 - RealTimeSTT: root - DEBUG - _audio_data_worker writing audio data into queue.
2025-04-16 14:05:43.537 - RealTimeSTT: root - DEBUG - _audio_data_worker writing audio data into queue.
2025-04-16 14:05:44.561 - RealTimeSTT: root - DEBUG - _audio_data_worker writing audio data into queue.
2025-04-16 14:05:45.585 - RealTimeSTT: root - DEBUG - _audio_data_worker writing audio data into queue.
2025-04-16 14:05:46.609 - RealTimeSTT: root - DEBUG - _audio_data_worker writing audio data into queue.
2025-04-16 14:05:47.633 - RealTimeSTT: root - DEBUG - _audio_data_worker writing audio data into queue.
2025-04-16 14:05:48.657 - RealTimeSTT: root - DEBUG - _audio_data_worker writing audio data into queue.
2025-04-16 14:05:49.681 - RealTimeSTT: root - DEBUG - _audio_data_worker writing audio data into queue.
2025-04-16 14:05:50.705 - RealTimeSTT: root - DEBUG - _audio_data_worker writing audio data into queue.
2025-04-16 14:05:51.729 - RealTimeSTT: root - DEBUG - _audio_data_worker writing audio data into queue.
2025-04-16 14:05:52.753 - RealTimeSTT: root - DEBUG - _audio_data_worker writing audio data into queue.
2025-04-16 14:05:53.777 - RealTimeSTT: root - DEBUG - _audio_data_worker writing audio data into queue.
2025-04-16 14:05:54.801 - RealTimeSTT: root - DEBUG - _audio_data_worker writing audio data into queue.
2025-04-16 14:05:55.825 - RealTimeSTT: root - DEBUG - _audio_data_worker writing audio data into queue.
2025-04-16 14:05:56.849 - RealTimeSTT: root - DEBUG - _audio_data_worker writing audio data into queue.
2025-04-16 14:05:57.873 - RealTimeSTT: root - DEBUG - _audio_data_worker writing audio data into queue.
2025-04-16 14:05:58.897 - RealTimeSTT: root - DEBUG - _audio_data_worker writing audio data into queue.
2025-04-16 14:05:59.921 - RealTimeSTT: root - DEBUG - _audio_data_worker writing audio data into queue.
2025-04-16 14:06:00.945 - RealTimeSTT: root - DEBUG - _audio_data_worker writing audio data into queue.
2025-04-16 14:06:01.969 - RealTimeSTT: root - DEBUG - _audio_data_worker writing audio data into queue.
2025-04-16 14:06:02.993 - RealTimeSTT: root - DEBUG - _audio_data_worker writing audio data into queue.
2025-04-16 14:06:04.017 - RealTimeSTT: root - DEBUG - _audio_data_worker writing audio data into queue.
2025-04-16 14:06:05.041 - RealTimeSTT: root - DEBUG - _audio_data_worker writing audio data into queue.
2025-04-16 14:06:06.065 - RealTimeSTT: root - DEBUG - _audio_data_worker writing audio data into queue.
2025-04-16 14:06:07.089 - RealTimeSTT: root - DEBUG - _audio_data_worker writing audio data into queue.
2025-04-16 14:06:08.113 - RealTimeSTT: root - DEBUG - _audio_data_worker writing audio data into queue.
2025-04-16 14:06:09.137 - RealTimeSTT: root - DEBUG - _audio_data_worker writing audio data into queue.
2025-04-16 14:06:10.161 - RealTimeSTT: root - DEBUG - _audio_data_worker writing audio data into queue.
2025-04-16 14:06:11.185 - RealTimeSTT: root - DEBUG - _audio_data_worker writing audio data into queue.
2025-04-16 14:06:12.209 - RealTimeSTT: root - DEBUG - _audio_data_worker writing audio data into queue.
2025-04-16 14:06:13.233 - RealTimeSTT: root - DEBUG - _audio_data_worker writing audio data into queue.
2025-04-16 14:06:14.257 - RealTimeSTT: root - DEBUG - _audio_data_worker writing audio data into queue.
2025-04-16 14:06:15.281 - RealTimeSTT: root - DEBUG - _audio_data_worker writing audio data into queue.
2025-04-16 14:06:16.305 - RealTimeSTT: root - DEBUG - _audio_data_worker writing audio data into queue.
2025-04-16 14:06:17.329 - RealTimeSTT: root - DEBUG - _audio_data_worker writing audio data into queue.
2025-04-16 14:06:18.353 - RealTimeSTT: root - DEBUG - _audio_data_worker writing audio data into queue.
2025-04-16 14:06:19.377 - RealTimeSTT: root - DEBUG - _audio_data_worker writing audio data into queue.
2025-04-16 14:06:20.401 - RealTimeSTT: root - DEBUG - _audio_data_worker writing audio data into queue.
2025-04-16 14:06:21.425 - RealTimeSTT: root - DEBUG - _audio_data_worker writing audio data into queue.
2025-04-16 14:06:22.449 - RealTimeSTT: root - DEBUG - _audio_data_worker writing audio data into queue.
2025-04-16 14:06:23.473 - RealTimeSTT: root - DEBUG - _audio_data_worker writing audio data into queue.
2025-04-16 14:06:24.497 - RealTimeSTT: root - DEBUG - _audio_data_worker writing audio data into queue.
2025-04-16 14:06:25.521 - RealTimeSTT: root - DEBUG - _audio_data_worker writing audio data into queue.
2025-04-16 14:06:26.545 - RealTimeSTT: root - DEBUG - _audio_data_worker writing audio data into queue.
2025-04-16 14:06:27.569 - RealTimeSTT: root - DEBUG - _audio_data_worker writing audio data into queue.
2025-04-16 14:06:28.593 - RealTimeSTT: root - DEBUG - _audio_data_worker writing audio data into queue.
2025-04-16 14:06:29.617 - RealTimeSTT: root - DEBUG - _audio_data_worker writing audio data into queue.
2025-04-16 14:06:30.641 - RealTimeSTT: root - DEBUG - _audio_data_worker writing audio data into queue.
2025-04-16 14:06:31.665 - RealTimeSTT: root - DEBUG - _audio_data_worker writing audio data into queue.
2025-04-16 14:06:32.689 - RealTimeSTT: root - DEBUG - _audio_data_worker writing audio data into queue.
2025-04-16 14:06:33.713 - RealTimeSTT: root - DEBUG - _audio_data_worker writing audio data into queue.
2025-04-16 14:06:34.737 - RealTimeSTT: root - DEBUG - _audio_data_worker writing audio data into queue.
2025-04-16 14:06:35.761 - RealTimeSTT: root - DEBUG - _audio_data_worker writing audio data into queue.
2025-04-16 14:06:36.785 - RealTimeSTT: root - DEBUG - _audio_data_worker writing audio data into queue.
2025-04-16 14:06:37.809 - RealTimeSTT: root - DEBUG - _audio_data_worker writing audio data into queue.
2025-04-16 14:06:38.833 - RealTimeSTT: root - DEBUG - _audio_data_worker writing audio data into queue.
2025-04-16 14:06:39.857 - RealTimeSTT: root - DEBUG - _audio_data_worker writing audio data into queue.
2025-04-16 14:06:40.881 - RealTimeSTT: root - DEBUG - _audio_data_worker writing audio data into queue.
2025-04-16 14:06:41.905 - RealTimeSTT: root - DEBUG - _audio_data_worker writing audio data into queue.
2025-04-16 14:06:42.929 - RealTimeSTT: root - DEBUG - _audio_data_worker writing audio data into queue.
2025-04-16 14:06:43.953 - RealTimeSTT: root - DEBUG - _audio_data_worker writing audio data into queue.
2025-04-16 14:06:44.977 - RealTimeSTT: root - DEBUG - _audio_data_worker writing audio data into queue.
2025-04-16 14:06:46.001 - RealTimeSTT: root - DEBUG - _audio_data_worker writing audio data into queue.
2025-04-16 14:06:47.025 - RealTimeSTT: root - DEBUG - _audio_data_worker writing audio data into queue.
2025-04-16 14:06:48.049 - RealTimeSTT: root - DEBUG - _audio_data_worker writing audio data into queue.
2025-04-16 14:06:49.072 - RealTimeSTT: root - DEBUG - _audio_data_worker writing audio data into queue.
2025-04-16 14:06:50.096 - RealTimeSTT: root - DEBUG - _audio_data_worker writing audio data into queue.
2025-04-16 14:06:51.120 - RealTimeSTT: root - DEBUG - _audio_data_worker writing audio data into queue.
2025-04-16 14:06:52.144 - RealTimeSTT: root - DEBUG - _audio_data_worker writing audio data into queue.
2025-04-16 14:06:53.168 - RealTimeSTT: root - DEBUG - _audio_data_worker writing audio data into queue.
2025-04-16 14:06:54.192 - RealTimeSTT: root - DEBUG - _audio_data_worker writing audio data into queue.
2025-04-16 14:06:55.216 - RealTimeSTT: root - DEBUG - _audio_data_worker writing audio data into queue.
2025-04-16 14:06:56.240 - RealTimeSTT: root - DEBUG - _audio_data_worker writing audio data into queue.
2025-04-16 14:06:57.264 - RealTimeSTT: root - DEBUG - _audio_data_worker writing audio data into queue.
2025-04-16 14:06:58.288 - RealTimeSTT: root - DEBUG - _audio_data_worker writing audio data into queue.
2025-04-16 14:06:59.312 - RealTimeSTT: root - DEBUG - _audio_data_worker writing audio data into queue.
2025-04-16 14:07:00.336 - RealTimeSTT: root - DEBUG - _audio_data_worker writing audio data into queue.
2025-04-16 14:07:01.360 - RealTimeSTT: root - DEBUG - _audio_data_worker writing audio data into queue.
2025-04-16 14:07:02.384 - RealTimeSTT: root - DEBUG - _audio_data_worker writing audio data into queue.
2025-04-16 14:07:03.408 - RealTimeSTT: root - DEBUG - _audio_data_worker writing audio data into queue.
2025-04-16 14:07:04.432 - RealTimeSTT: root - DEBUG - _audio_data_worker writing audio data into queue.
2025-04-16 14:07:05.456 - RealTimeSTT: root - DEBUG - _audio_data_worker writing audio data into queue.
2025-04-16 14:07:06.480 - RealTimeSTT: root - DEBUG - _audio_data_worker writing audio data into queue.
2025-04-16 14:07:07.504 - RealTimeSTT: root - DEBUG - _audio_data_worker writing audio data into queue.
2025-04-16 14:07:08.528 - RealTimeSTT: root - DEBUG - _audio_data_worker writing audio data into queue.
2025-04-16 14:07:09.552 - RealTimeSTT: root - DEBUG - _audio_data_worker writing audio data into queue.
2025-04-16 14:07:10.576 - RealTimeSTT: root - DEBUG - _audio_data_worker writing audio data into queue.
2025-04-16 14:07:11.600 - RealTimeSTT: root - DEBUG - _audio_data_worker writing audio data into queue.
2025-04-16 14:07:12.624 - RealTimeSTT: root - DEBUG - _audio_data_worker writing audio data into queue.
2025-04-16 14:07:13.648 - RealTimeSTT: root - DEBUG - _audio_data_worker writing audio data into queue.
2025-04-16 14:07:14.672 - RealTimeSTT: root - DEBUG - _audio_data_worker writing audio data into queue.
2025-04-16 14:07:15.696 - RealTimeSTT: root - DEBUG - _audio_data_worker writing audio data into queue.
2025-04-16 14:07:16.720 - RealTimeSTT: root - DEBUG - _audio_data_worker writing audio data into queue.
2025-04-16 14:07:17.744 - RealTimeSTT: root - DEBUG - _audio_data_worker writing audio data into queue.
2025-04-16 14:07:18.768 - RealTimeSTT: root - DEBUG - _audio_data_worker writing audio data into queue.
2025-04-16 14:07:19.792 - RealTimeSTT: root - DEBUG - _audio_data_worker writing audio data into queue.
2025-04-16 14:07:20.816 - RealTimeSTT: root - DEBUG - _audio_data_worker writing audio data into queue.
2025-04-16 14:07:21.840 - RealTimeSTT: root - DEBUG - _audio_data_worker writing audio data into queue.
2025-04-16 14:07:22.864 - RealTimeSTT: root - DEBUG - _audio_data_worker writing audio data into queue.
2025-04-16 14:07:23.888 - RealTimeSTT: root - DEBUG - _audio_data_worker writing audio data into queue.
2025-04-16 14:07:24.912 - RealTimeSTT: root - DEBUG - _audio_data_worker writing audio data into queue.
2025-04-16 14:07:25.936 - RealTimeSTT: root - DEBUG - _audio_data_worker writing audio data into queue.
2025-04-16 14:07:26.960 - RealTimeSTT: root - DEBUG - _audio_data_worker writing audio data into queue.
2025-04-16 14:07:27.984 - RealTimeSTT: root - DEBUG - _audio_data_worker writing audio data into queue.
2025-04-16 14:07:29.008 - RealTimeSTT: root - DEBUG - _audio_data_worker writing audio data into queue.
2025-04-16 14:07:30.032 - RealTimeSTT: root - DEBUG - _audio_data_worker writing audio data into queue.
2025-04-16 14:07:31.056 - RealTimeSTT: root - DEBUG - _audio_data_worker writing audio data into queue.
2025-04-16 14:07:32.080 - RealTimeSTT: root - DEBUG - _audio_data_worker writing audio data into queue.
2025-04-16 14:07:33.104 - RealTimeSTT: root - DEBUG - _audio_data_worker writing audio data into queue.
2025-04-16 14:07:34.128 - RealTimeSTT: root - DEBUG - _audio_data_worker writing audio data into queue.
2025-04-16 14:07:35.152 - RealTimeSTT: root - DEBUG - _audio_data_worker writing audio data into queue.
2025-04-16 14:07:36.176 - RealTimeSTT: root - DEBUG - _audio_data_worker writing audio data into queue.
2025-04-16 14:07:37.200 - RealTimeSTT: root - DEBUG - _audio_data_worker writing audio data into queue.
2025-04-16 14:07:38.224 - RealTimeSTT: root - DEBUG - _audio_data_worker writing audio data into queue.
2025-04-16 14:07:39.248 - RealTimeSTT: root - DEBUG - _audio_data_worker writing audio data into queue.
2025-04-16 14:07:40.272 - RealTimeSTT: root - DEBUG - _audio_data_worker writing audio data into queue.
2025-04-16 14:07:41.296 - RealTimeSTT: root - DEBUG - _audio_data_worker writing audio data into queue.
2025-04-16 14:07:42.320 - RealTimeSTT: root - DEBUG - _audio_data_worker writing audio data into queue.
2025-04-16 14:07:43.344 - RealTimeSTT: root - DEBUG - _audio_data_worker writing audio data into queue.
2025-04-16 14:07:44.368 - RealTimeSTT: root - DEBUG - _audio_data_worker writing audio data into queue.
2025-04-16 14:07:45.392 - RealTimeSTT: root - DEBUG - _audio_data_worker writing audio data into queue.
2025-04-16 14:07:46.416 - RealTimeSTT: root - DEBUG - _audio_data_worker writing audio data into queue.
2025-04-16 14:07:47.440 - RealTimeSTT: root - DEBUG - _audio_data_worker writing audio data into queue.
2025-04-16 14:07:48.464 - RealTimeSTT: root - DEBUG - _audio_data_worker writing audio data into queue.
2025-04-16 14:07:49.488 - RealTimeSTT: root - DEBUG - _audio_data_worker writing audio data into queue.
2025-04-16 14:07:50.512 - RealTimeSTT: root - DEBUG - _audio_data_worker writing audio data into queue.
2025-04-16 14:07:51.536 - RealTimeSTT: root - DEBUG - _audio_data_worker writing audio data into queue.
2025-04-16 14:07:52.560 - RealTimeSTT: root - DEBUG - _audio_data_worker writing audio data into queue.
2025-04-16 14:07:53.584 - RealTimeSTT: root - DEBUG - _audio_data_worker writing audio data into queue.
2025-04-16 14:07:54.608 - RealTimeSTT: root - DEBUG - _audio_data_worker writing audio data into queue.
2025-04-16 14:07:55.632 - RealTimeSTT: root - DEBUG - _audio_data_worker writing audio data into queue.
2025-04-16 14:07:56.656 - RealTimeSTT: root - DEBUG - _audio_data_worker writing audio data into queue.
2025-04-16 14:07:57.680 - RealTimeSTT: root - DEBUG - _audio_data_worker writing audio data into queue.
2025-04-16 14:07:58.704 - RealTimeSTT: root - DEBUG - _audio_data_worker writing audio data into queue.
2025-04-16 14:07:59.728 - RealTimeSTT: root - DEBUG - _audio_data_worker writing audio data into queue.
2025-04-16 14:08:00.752 - RealTimeSTT: root - DEBUG - _audio_data_worker writing audio data into queue.
2025-04-16 14:08:01.776 - RealTimeSTT: root - DEBUG - _audio_data_worker writing audio data into queue.
2025-04-16 14:08:02.800 - RealTimeSTT: root - DEBUG - _audio_data_worker writing audio data into queue.
2025-04-16 14:08:03.824 - RealTimeSTT: root - DEBUG - _audio_data_worker writing audio data into queue.
2025-04-16 14:08:04.848 - RealTimeSTT: root - DEBUG - _audio_data_worker writing audio data into queue.
2025-04-16 14:08:05.872 - RealTimeSTT: root - DEBUG - _audio_data_worker writing audio data into queue.
2025-04-16 14:08:06.896 - RealTimeSTT: root - DEBUG - _audio_data_worker writing audio data into queue.
2025-04-16 14:08:07.920 - RealTimeSTT: root - DEBUG - _audio_data_worker writing audio data into queue.
2025-04-16 14:08:08.944 - RealTimeSTT: root - DEBUG - _audio_data_worker writing audio data into queue.
2025-04-16 14:08:09.968 - RealTimeSTT: root - DEBUG - _audio_data_worker writing audio data into queue.
2025-04-16 14:08:10.992 - RealTimeSTT: root - DEBUG - _audio_data_worker writing audio data into queue.
2025-04-16 14:08:12.016 - RealTimeSTT: root - DEBUG - _audio_data_worker writing audio data into queue.
2025-04-16 14:08:13.040 - RealTimeSTT: root - DEBUG - _audio_data_worker writing audio data into queue.
2025-04-16 14:08:14.064 - RealTimeSTT: root - DEBUG - _audio_data_worker writing audio data into queue.
2025-04-16 14:08:15.088 - RealTimeSTT: root - DEBUG - _audio_data_worker writing audio data into queue.
2025-04-16 14:08:16.112 - RealTimeSTT: root - DEBUG - _audio_data_worker writing audio data into queue.
2025-04-16 14:08:17.136 - RealTimeSTT: root - DEBUG - _audio_data_worker writing audio data into queue.
2025-04-16 14:08:18.160 - RealTimeSTT: root - DEBUG - _audio_data_worker writing audio data into queue.
2025-04-16 14:08:19.184 - RealTimeSTT: root - DEBUG - _audio_data_worker writing audio data into queue.
2025-04-16 14:08:20.208 - RealTimeSTT: root - DEBUG - _audio_data_worker writing audio data into queue.
2025-04-16 14:08:21.232 - RealTimeSTT: root - DEBUG - _audio_data_worker writing audio data into queue.
2025-04-16 14:08:22.256 - RealTimeSTT: root - DEBUG - _audio_data_worker writing audio data into queue.
2025-04-16 14:08:23.280 - RealTimeSTT: root - DEBUG - _audio_data_worker writing audio data into queue.
2025-04-16 14:08:24.304 - RealTimeSTT: root - DEBUG - _audio_data_worker writing audio data into queue.
2025-04-16 14:08:25.328 - RealTimeSTT: root - DEBUG - _audio_data_worker writing audio data into queue.
2025-04-16 14:08:26.352 - RealTimeSTT: root - DEBUG - _audio_data_worker writing audio data into queue.
2025-04-16 14:08:27.376 - RealTimeSTT: root - DEBUG - _audio_data_worker writing audio data into queue.
2025-04-16 14:08:28.400 - RealTimeSTT: root - DEBUG - _audio_data_worker writing audio data into queue.
2025-04-16 14:08:29.424 - RealTimeSTT: root - DEBUG - _audio_data_worker writing audio data into queue.
2025-04-16 14:08:30.448 - RealTimeSTT: root - DEBUG - _audio_data_worker writing audio data into queue.
2025-04-16 14:08:31.472 - RealTimeSTT: root - DEBUG - _audio_data_worker writing audio data into queue.
2025-04-16 14:08:32.496 - RealTimeSTT: root - DEBUG - _audio_data_worker writing audio data into queue.
2025-04-16 14:08:33.520 - RealTimeSTT: root - DEBUG - _audio_data_worker writing audio data into queue.
2025-04-16 14:08:34.544 - RealTimeSTT: root - DEBUG - _audio_data_worker writing audio data into queue.
2025-04-16 14:08:35.568 - RealTimeSTT: root - DEBUG - _audio_data_worker writing audio data into queue.
2025-04-16 14:08:36.592 - RealTimeSTT: root - DEBUG - _audio_data_worker writing audio data into queue.
2025-04-16 14:08:37.616 - RealTimeSTT: root - DEBUG - _audio_data_worker writing audio data into queue.
2025-04-16 14:08:38.640 - RealTimeSTT: root - DEBUG - _audio_data_worker writing audio data into queue.
2025-04-16 14:08:39.664 - RealTimeSTT: root - DEBUG - _audio_data_worker writing audio data into queue.
2025-04-16 14:08:40.688 - RealTimeSTT: root - DEBUG - _audio_data_worker writing audio data into queue.
2025-04-16 14:08:41.712 - RealTimeSTT: root - DEBUG - _audio_data_worker writing audio data into queue.
2025-04-16 14:08:42.736 - RealTimeSTT: root - DEBUG - _audio_data_worker writing audio data into queue.
2025-04-16 14:08:43.760 - RealTimeSTT: root - DEBUG - _audio_data_worker writing audio data into queue.
2025-04-16 14:08:44.784 - RealTimeSTT: root - DEBUG - _audio_data_worker writing audio data into queue.
2025-04-16 14:08:45.808 - RealTimeSTT: root - DEBUG - _audio_data_worker writing audio data into queue.
2025-04-16 14:08:46.832 - RealTimeSTT: root - DEBUG - _audio_data_worker writing audio data into queue.
2025-04-16 14:08:47.856 - RealTimeSTT: root - DEBUG - _audio_data_worker writing audio data into queue.
2025-04-16 14:08:48.880 - RealTimeSTT: root - DEBUG - _audio_data_worker writing audio data into queue.
2025-04-16 14:08:49.904 - RealTimeSTT: root - DEBUG - _audio_data_worker writing audio data into queue.
2025-04-16 14:08:50.928 - RealTimeSTT: root - DEBUG - _audio_data_worker writing audio data into queue.
2025-04-16 14:08:51.952 - RealTimeSTT: root - DEBUG - _audio_data_worker writing audio data into queue.
2025-04-16 14:08:52.976 - RealTimeSTT: root - DEBUG - _audio_data_worker writing audio data into queue.
2025-04-16 14:08:54.000 - RealTimeSTT: root - DEBUG - _audio_data_worker writing audio data into queue.
2025-04-16 14:08:55.024 - RealTimeSTT: root - DEBUG - _audio_data_worker writing audio data into queue.
2025-04-16 14:08:56.048 - RealTimeSTT: root - DEBUG - _audio_data_worker writing audio data into queue.
2025-04-16 14:08:57.072 - RealTimeSTT: root - DEBUG - _audio_data_worker writing audio data into queue.
2025-04-16 14:08:58.096 - RealTimeSTT: root - DEBUG - _audio_data_worker writing audio data into queue.
2025-04-16 14:08:59.120 - RealTimeSTT: root - DEBUG - _audio_data_worker writing audio data into queue.
2025-04-16 14:09:00.144 - RealTimeSTT: root - DEBUG - _audio_data_worker writing audio data into queue.
2025-04-16 14:09:01.168 - RealTimeSTT: root - DEBUG - _audio_data_worker writing audio data into queue.
2025-04-16 14:09:02.192 - RealTimeSTT: root - DEBUG - _audio_data_worker writing audio data into queue.
2025-04-16 14:09:03.216 - RealTimeSTT: root - DEBUG - _audio_data_worker writing audio data into queue.
2025-04-16 14:09:04.240 - RealTimeSTT: root - DEBUG - _audio_data_worker writing audio data into queue.
2025-04-16 14:09:05.264 - RealTimeSTT: root - DEBUG - _audio_data_worker writing audio data into queue.
2025-04-16 14:09:06.288 - RealTimeSTT: root - DEBUG - _audio_data_worker writing audio data into queue.
2025-04-16 14:09:07.312 - RealTimeSTT: root - DEBUG - _audio_data_worker writing audio data into queue.
2025-04-16 14:09:08.336 - RealTimeSTT: root - DEBUG - _audio_data_worker writing audio data into queue.
2025-04-16 14:09:09.360 - RealTimeSTT: root - DEBUG - _audio_data_worker writing audio data into queue.
2025-04-16 14:09:10.384 - RealTimeSTT: root - DEBUG - _audio_data_worker writing audio data into queue.
2025-04-16 14:09:11.408 - RealTimeSTT: root - DEBUG - _audio_data_worker writing audio data into queue.
2025-04-16 14:09:12.432 - RealTimeSTT: root - DEBUG - _audio_data_worker writing audio data into queue.
2025-04-16 14:09:13.456 - RealTimeSTT: root - DEBUG - _audio_data_worker writing audio data into queue.
2025-04-16 14:09:14.480 - RealTimeSTT: root - DEBUG - _audio_data_worker writing audio data into queue.
2025-04-16 14:09:15.504 - RealTimeSTT: root - DEBUG - _audio_data_worker writing audio data into queue.
2025-04-16 14:09:16.528 - RealTimeSTT: root - DEBUG - _audio_data_worker writing audio data into queue.
2025-04-16 14:09:17.552 - RealTimeSTT: root - DEBUG - _audio_data_worker writing audio data into queue.
2025-04-16 14:09:18.576 - RealTimeSTT: root - DEBUG - _audio_data_worker writing audio data into queue.
2025-04-16 14:09:19.600 - RealTimeSTT: root - DEBUG - _audio_data_worker writing audio data into queue.
2025-04-16 14:09:20.624 - RealTimeSTT: root - DEBUG - _audio_data_worker writing audio data into queue.
2025-04-16 14:09:21.711 - RealTimeSTT: root - DEBUG - _audio_data_worker writing audio data into queue.
2025-04-16 14:09:22.735 - RealTimeSTT: root - DEBUG - _audio_data_worker writing audio data into queue.
2025-04-16 14:09:23.759 - RealTimeSTT: root - DEBUG - _audio_data_worker writing audio data into queue.
2025-04-16 14:09:24.783 - RealTimeSTT: root - DEBUG - _audio_data_worker writing audio data into queue.
2025-04-16 14:09:25.807 - RealTimeSTT: root - DEBUG - _audio_data_worker writing audio data into queue.
2025-04-16 14:09:26.831 - RealTimeSTT: root - DEBUG - _audio_data_worker writing audio data into queue.
2025-04-16 14:09:27.855 - RealTimeSTT: root - DEBUG - _audio_data_worker writing audio data into queue.
2025-04-16 14:09:28.879 - RealTimeSTT: root - DEBUG - _audio_data_worker writing audio data into queue.
2025-04-16 14:09:29.903 - RealTimeSTT: root - DEBUG - _audio_data_worker writing audio data into queue.
2025-04-16 14:09:30.927 - RealTimeSTT: root - DEBUG - _audio_data_worker writing audio data into queue.
2025-04-16 14:09:31.951 - RealTimeSTT: root - DEBUG - _audio_data_worker writing audio data into queue.
2025-04-16 14:09:32.975 - RealTimeSTT: root - DEBUG - _audio_data_worker writing audio data into queue.
2025-04-16 14:09:33.999 - RealTimeSTT: root - DEBUG - _audio_data_worker writing audio data into queue.
2025-04-16 14:09:35.023 - RealTimeSTT: root - DEBUG - _audio_data_worker writing audio data into queue.
2025-04-16 14:09:36.047 - RealTimeSTT: root - DEBUG - _audio_data_worker writing audio data into queue.
2025-04-16 14:09:37.071 - RealTimeSTT: root - DEBUG - _audio_data_worker writing audio data into queue.
2025-04-16 14:09:38.095 - RealTimeSTT: root - DEBUG - _audio_data_worker writing audio data into queue.
2025-04-16 14:09:39.119 - RealTimeSTT: root - DEBUG - _audio_data_worker writing audio data into queue.
2025-04-16 14:09:40.143 - RealTimeSTT: root - DEBUG - _audio_data_worker writing audio data into queue.
2025-04-16 14:09:41.167 - RealTimeSTT: root - DEBUG - _audio_data_worker writing audio data into queue.
2025-04-16 14:09:42.191 - RealTimeSTT: root - DEBUG - _audio_data_worker writing audio data into queue.
2025-04-16 14:09:43.215 - RealTimeSTT: root - DEBUG - _audio_data_worker writing audio data into queue.
2025-04-16 14:09:44.239 - RealTimeSTT: root - DEBUG - _audio_data_worker writing audio data into queue.
2025-04-16 14:09:45.263 - RealTimeSTT: root - DEBUG - _audio_data_worker writing audio data into queue.
2025-04-16 14:09:46.287 - RealTimeSTT: root - DEBUG - _audio_data_worker writing audio data into queue.
2025-04-16 14:09:47.311 - RealTimeSTT: root - DEBUG - _audio_data_worker writing audio data into queue.
2025-04-16 14:09:48.335 - RealTimeSTT: root - DEBUG - _audio_data_worker writing audio data into queue.
2025-04-16 14:09:49.359 - RealTimeSTT: root - DEBUG - _audio_data_worker writing audio data into queue.
2025-04-16 14:09:50.383 - RealTimeSTT: root - DEBUG - _audio_data_worker writing audio data into queue.
2025-04-16 14:09:51.407 - RealTimeSTT: root - DEBUG - _audio_data_worker writing audio data into queue.
2025-04-16 14:09:52.431 - RealTimeSTT: root - DEBUG - _audio_data_worker writing audio data into queue.
2025-04-16 14:09:53.455 - RealTimeSTT: root - DEBUG - _audio_data_worker writing audio data into queue.
2025-04-16 14:09:54.479 - RealTimeSTT: root - DEBUG - _audio_data_worker writing audio data into queue.
2025-04-16 14:09:55.503 - RealTimeSTT: root - DEBUG - _audio_data_worker writing audio data into queue.
2025-04-16 14:09:56.527 - RealTimeSTT: root - DEBUG - _audio_data_worker writing audio data into queue.
2025-04-16 14:09:57.551 - RealTimeSTT: root - DEBUG - _audio_data_worker writing audio data into queue.
2025-04-16 14:09:58.575 - RealTimeSTT: root - DEBUG - _audio_data_worker writing audio data into queue.
2025-04-16 14:09:59.599 - RealTimeSTT: root - DEBUG - _audio_data_worker writing audio data into queue.
2025-04-16 14:10:00.623 - RealTimeSTT: root - DEBUG - _audio_data_worker writing audio data into queue.
2025-04-16 14:10:01.647 - RealTimeSTT: root - DEBUG - _audio_data_worker writing audio data into queue.
2025-04-16 14:10:02.671 - RealTimeSTT: root - DEBUG - _audio_data_worker writing audio data into queue.
2025-04-16 14:10:03.695 - RealTimeSTT: root - DEBUG - _audio_data_worker writing audio data into queue.
2025-04-16 14:10:04.719 - RealTimeSTT: root - DEBUG - _audio_data_worker writing audio data into queue.
2025-04-16 14:10:05.743 - RealTimeSTT: root - DEBUG - _audio_data_worker writing audio data into queue.
2025-04-16 14:10:06.767 - RealTimeSTT: root - DEBUG - _audio_data_worker writing audio data into queue.
2025-04-16 14:10:07.791 - RealTimeSTT: root - DEBUG - _audio_data_worker writing audio data into queue.
2025-04-16 14:10:08.815 - RealTimeSTT: root - DEBUG - _audio_data_worker writing audio data into queue.
2025-04-16 14:10:09.839 - RealTimeSTT: root - DEBUG - _audio_data_worker writing audio data into queue.
2025-04-16 14:10:10.863 - RealTimeSTT: root - DEBUG - _audio_data_worker writing audio data into queue.
2025-04-16 14:10:11.887 - RealTimeSTT: root - DEBUG - _audio_data_worker writing audio data into queue.
2025-04-16 14:10:12.911 - RealTimeSTT: root - DEBUG - _audio_data_worker writing audio data into queue.
2025-04-16 14:10:13.935 - RealTimeSTT: root - DEBUG - _audio_data_worker writing audio data into queue.
2025-04-16 14:10:14.959 - RealTimeSTT: root - DEBUG - _audio_data_worker writing audio data into queue.
2025-04-16 14:10:15.983 - RealTimeSTT: root - DEBUG - _audio_data_worker writing audio data into queue.
2025-04-16 14:10:17.007 - RealTimeSTT: root - DEBUG - _audio_data_worker writing audio data into queue.
2025-04-16 14:10:18.031 - RealTimeSTT: root - DEBUG - _audio_data_worker writing audio data into queue.
2025-04-16 14:10:19.055 - RealTimeSTT: root - DEBUG - _audio_data_worker writing audio data into queue.
2025-04-16 14:10:20.079 - RealTimeSTT: root - DEBUG - _audio_data_worker writing audio data into queue.
2025-04-16 14:10:21.103 - RealTimeSTT: root - DEBUG - _audio_data_worker writing audio data into queue.
2025-04-16 14:10:22.127 - RealTimeSTT: root - DEBUG - _audio_data_worker writing audio data into queue.
2025-04-16 14:10:23.151 - RealTimeSTT: root - DEBUG - _audio_data_worker writing audio data into queue.
2025-04-16 14:10:24.175 - RealTimeSTT: root - DEBUG - _audio_data_worker writing audio data into queue.
2025-04-16 14:10:25.199 - RealTimeSTT: root - DEBUG - _audio_data_worker writing audio data into queue.
2025-04-16 14:10:26.223 - RealTimeSTT: root - DEBUG - _audio_data_worker writing audio data into queue.
2025-04-16 14:10:27.247 - RealTimeSTT: root - DEBUG - _audio_data_worker writing audio data into queue.
2025-04-16 14:10:28.271 - RealTimeSTT: root - DEBUG - _audio_data_worker writing audio data into queue.
2025-04-16 14:10:29.295 - RealTimeSTT: root - DEBUG - _audio_data_worker writing audio data into queue.
2025-04-16 14:10:30.319 - RealTimeSTT: root - DEBUG - _audio_data_worker writing audio data into queue.
2025-04-16 14:10:31.343 - RealTimeSTT: root - DEBUG - _audio_data_worker writing audio data into queue.
2025-04-16 14:10:32.367 - RealTimeSTT: root - DEBUG - _audio_data_worker writing audio data into queue.
2025-04-16 14:10:33.391 - RealTimeSTT: root - DEBUG - _audio_data_worker writing audio data into queue.
2025-04-16 14:10:34.415 - RealTimeSTT: root - DEBUG - _audio_data_worker writing audio data into queue.
2025-04-16 14:10:35.439 - RealTimeSTT: root - DEBUG - _audio_data_worker writing audio data into queue.
2025-04-16 14:10:36.463 - RealTimeSTT: root - DEBUG - _audio_data_worker writing audio data into queue.
2025-04-16 14:10:37.487 - RealTimeSTT: root - DEBUG - _audio_data_worker writing audio data into queue.
2025-04-16 14:10:38.511 - RealTimeSTT: root - DEBUG - _audio_data_worker writing audio data into queue.
2025-04-16 14:10:39.535 - RealTimeSTT: root - DEBUG - _audio_data_worker writing audio data into queue.
2025-04-16 14:10:40.559 - RealTimeSTT: root - DEBUG - _audio_data_worker writing audio data into queue.
2025-04-16 14:10:41.583 - RealTimeSTT: root - DEBUG - _audio_data_worker writing audio data into queue.
2025-04-16 14:10:42.607 - RealTimeSTT: root - DEBUG - _audio_data_worker writing audio data into queue.
2025-04-16 14:10:43.631 - RealTimeSTT: root - DEBUG - _audio_data_worker writing audio data into queue.
2025-04-16 14:10:44.655 - RealTimeSTT: root - DEBUG - _audio_data_worker writing audio data into queue.
2025-04-16 14:10:45.679 - RealTimeSTT: root - DEBUG - _audio_data_worker writing audio data into queue.
2025-04-16 14:10:46.703 - RealTimeSTT: root - DEBUG - _audio_data_worker writing audio data into queue.
2025-04-16 14:10:47.727 - RealTimeSTT: root - DEBUG - _audio_data_worker writing audio data into queue.
2025-04-16 14:10:48.751 - RealTimeSTT: root - DEBUG - _audio_data_worker writing audio data into queue.
2025-04-16 14:10:49.775 - RealTimeSTT: root - DEBUG - _audio_data_worker writing audio data into queue.
2025-04-16 14:10:50.799 - RealTimeSTT: root - DEBUG - _audio_data_worker writing audio data into queue.
2025-04-16 14:10:51.823 - RealTimeSTT: root - DEBUG - _audio_data_worker writing audio data into queue.
2025-04-16 14:10:52.847 - RealTimeSTT: root - DEBUG - _audio_data_worker writing audio data into queue.
2025-04-16 14:10:53.871 - RealTimeSTT: root - DEBUG - _audio_data_worker writing audio data into queue.
2025-04-16 14:10:54.895 - RealTimeSTT: root - DEBUG - _audio_data_worker writing audio data into queue.
2025-04-16 14:10:55.919 - RealTimeSTT: root - DEBUG - _audio_data_worker writing audio data into queue.
2025-04-16 14:10:56.943 - RealTimeSTT: root - DEBUG - _audio_data_worker writing audio data into queue.
2025-04-16 14:10:57.967 - RealTimeSTT: root - DEBUG - _audio_data_worker writing audio data into queue.
2025-04-16 14:10:58.991 - RealTimeSTT: root - DEBUG - _audio_data_worker writing audio data into queue.
2025-04-16 14:11:00.015 - RealTimeSTT: root - DEBUG - _audio_data_worker writing audio data into queue.
2025-04-16 14:11:01.039 - RealTimeSTT: root - DEBUG - _audio_data_worker writing audio data into queue.
2025-04-16 14:11:02.063 - RealTimeSTT: root - DEBUG - _audio_data_worker writing audio data into queue.
2025-04-16 14:11:03.087 - RealTimeSTT: root - DEBUG - _audio_data_worker writing audio data into queue.
2025-04-16 14:11:04.111 - RealTimeSTT: root - DEBUG - _audio_data_worker writing audio data into queue.
2025-04-16 14:11:05.135 - RealTimeSTT: root - DEBUG - _audio_data_worker writing audio data into queue.
2025-04-16 14:11:06.159 - RealTimeSTT: root - DEBUG - _audio_data_worker writing audio data into queue.
2025-04-16 14:11:07.183 - RealTimeSTT: root - DEBUG - _audio_data_worker writing audio data into queue.
2025-04-16 14:11:08.207 - RealTimeSTT: root - DEBUG - _audio_data_worker writing audio data into queue.
2025-04-16 14:11:09.231 - RealTimeSTT: root - DEBUG - _audio_data_worker writing audio data into queue.
2025-04-16 14:11:10.255 - RealTimeSTT: root - DEBUG - _audio_data_worker writing audio data into queue.
2025-04-16 14:11:11.279 - RealTimeSTT: root - DEBUG - _audio_data_worker writing audio data into queue.
2025-04-16 14:11:12.303 - RealTimeSTT: root - DEBUG - _audio_data_worker writing audio data into queue.
2025-04-16 14:11:13.327 - RealTimeSTT: root - DEBUG - _audio_data_worker writing audio data into queue.
2025-04-16 14:11:14.351 - RealTimeSTT: root - DEBUG - _audio_data_worker writing audio data into queue.
2025-04-16 14:11:15.375 - RealTimeSTT: root - DEBUG - _audio_data_worker writing audio data into queue.
2025-04-16 14:11:16.399 - RealTimeSTT: root - DEBUG - _audio_data_worker writing audio data into queue.
2025-04-16 14:11:17.423 - RealTimeSTT: root - DEBUG - _audio_data_worker writing audio data into queue.
2025-04-16 14:11:18.447 - RealTimeSTT: root - DEBUG - _audio_data_worker writing audio data into queue.
2025-04-16 14:11:19.471 - RealTimeSTT: root - DEBUG - _audio_data_worker writing audio data into queue.
2025-04-16 14:11:20.495 - RealTimeSTT: root - DEBUG - _audio_data_worker writing audio data into queue.
2025-04-16 14:11:21.519 - RealTimeSTT: root - DEBUG - _audio_data_worker writing audio data into queue.
2025-04-16 14:11:22.543 - RealTimeSTT: root - DEBUG - _audio_data_worker writing audio data into queue.
2025-04-16 14:11:23.567 - RealTimeSTT: root - DEBUG - _audio_data_worker writing audio data into queue.
2025-04-16 14:11:24.591 - RealTimeSTT: root - DEBUG - _audio_data_worker writing audio data into queue.
2025-04-16 14:11:25.615 - RealTimeSTT: root - DEBUG - _audio_data_worker writing audio data into queue.
2025-04-16 14:11:26.639 - RealTimeSTT: root - DEBUG - _audio_data_worker writing audio data into queue.
2025-04-16 14:11:27.663 - RealTimeSTT: root - DEBUG - _audio_data_worker writing audio data into queue.
2025-04-16 14:11:28.687 - RealTimeSTT: root - DEBUG - _audio_data_worker writing audio data into queue.
2025-04-16 14:11:29.711 - RealTimeSTT: root - DEBUG - _audio_data_worker writing audio data into queue.
2025-04-16 14:11:30.735 - RealTimeSTT: root - DEBUG - _audio_data_worker writing audio data into queue.
2025-04-16 14:11:31.759 - RealTimeSTT: root - DEBUG - _audio_data_worker writing audio data into queue.
2025-04-16 14:11:32.783 - RealTimeSTT: root - DEBUG - _audio_data_worker writing audio data into queue.
2025-04-16 14:11:33.807 - RealTimeSTT: root - DEBUG - _audio_data_worker writing audio data into queue.
2025-04-16 14:11:34.831 - RealTimeSTT: root - DEBUG - _audio_data_worker writing audio data into queue.
2025-04-16 14:11:35.855 - RealTimeSTT: root - DEBUG - _audio_data_worker writing audio data into queue.
2025-04-16 14:11:36.879 - RealTimeSTT: root - DEBUG - _audio_data_worker writing audio data into queue.
2025-04-16 14:11:37.903 - RealTimeSTT: root - DEBUG - _audio_data_worker writing audio data into queue.
2025-04-16 14:11:38.927 - RealTimeSTT: root - DEBUG - _audio_data_worker writing audio data into queue.
2025-04-16 14:11:39.951 - RealTimeSTT: root - DEBUG - _audio_data_worker writing audio data into queue.
2025-04-16 14:11:40.975 - RealTimeSTT: root - DEBUG - _audio_data_worker writing audio data into queue.
2025-04-16 14:11:41.999 - RealTimeSTT: root - DEBUG - _audio_data_worker writing audio data into queue.
2025-04-16 14:11:43.023 - RealTimeSTT: root - DEBUG - _audio_data_worker writing audio data into queue.
2025-04-16 14:11:44.047 - RealTimeSTT: root - DEBUG - _audio_data_worker writing audio data into queue.
2025-04-16 14:11:45.071 - RealTimeSTT: root - DEBUG - _audio_data_worker writing audio data into queue.
2025-04-16 14:11:46.095 - RealTimeSTT: root - DEBUG - _audio_data_worker writing audio data into queue.
2025-04-16 14:11:47.119 - RealTimeSTT: root - DEBUG - _audio_data_worker writing audio data into queue.
2025-04-16 14:11:48.143 - RealTimeSTT: root - DEBUG - _audio_data_worker writing audio data into queue.
2025-04-16 14:11:49.167 - RealTimeSTT: root - DEBUG - _audio_data_worker writing audio data into queue.
2025-04-16 14:11:50.191 - RealTimeSTT: root - DEBUG - _audio_data_worker writing audio data into queue.
2025-04-16 14:11:51.215 - RealTimeSTT: root - DEBUG - _audio_data_worker writing audio data into queue.
2025-04-16 14:11:52.239 - RealTimeSTT: root - DEBUG - _audio_data_worker writing audio data into queue.
2025-04-16 14:11:53.263 - RealTimeSTT: root - DEBUG - _audio_data_worker writing audio data into queue.
2025-04-16 14:11:54.286 - RealTimeSTT: root - DEBUG - _audio_data_worker writing audio data into queue.
2025-04-16 14:11:55.310 - RealTimeSTT: root - DEBUG - _audio_data_worker writing audio data into queue.
2025-04-16 14:11:56.334 - RealTimeSTT: root - DEBUG - _audio_data_worker writing audio data into queue.
2025-04-16 14:11:57.358 - RealTimeSTT: root - DEBUG - _audio_data_worker writing audio data into queue.
2025-04-16 14:11:58.382 - RealTimeSTT: root - DEBUG - _audio_data_worker writing audio data into queue.
2025-04-16 14:11:59.406 - RealTimeSTT: root - DEBUG - _audio_data_worker writing audio data into queue.
2025-04-16 14:12:00.430 - RealTimeSTT: root - DEBUG - _audio_data_worker writing audio data into queue.
2025-04-16 14:12:01.454 - RealTimeSTT: root - DEBUG - _audio_data_worker writing audio data into queue.
2025-04-16 14:12:02.478 - RealTimeSTT: root - DEBUG - _audio_data_worker writing audio data into queue.
2025-04-16 14:12:03.502 - RealTimeSTT: root - DEBUG - _audio_data_worker writing audio data into queue.
2025-04-16 14:12:04.526 - RealTimeSTT: root - DEBUG - _audio_data_worker writing audio data into queue.
2025-04-16 14:12:05.550 - RealTimeSTT: root - DEBUG - _audio_data_worker writing audio data into queue.
2025-04-16 14:12:06.574 - RealTimeSTT: root - DEBUG - _audio_data_worker writing audio data into queue.
2025-04-16 14:12:07.598 - RealTimeSTT: root - DEBUG - _audio_data_worker writing audio data into queue.
2025-04-16 14:12:08.622 - RealTimeSTT: root - DEBUG - _audio_data_worker writing audio data into queue.
2025-04-16 14:12:09.646 - RealTimeSTT: root - DEBUG - _audio_data_worker writing audio data into queue.
2025-04-16 14:12:10.670 - RealTimeSTT: root - DEBUG - _audio_data_worker writing audio data into queue.
2025-04-16 14:12:11.694 - RealTimeSTT: root - DEBUG - _audio_data_worker writing audio data into queue.
2025-04-16 14:12:12.718 - RealTimeSTT: root - DEBUG - _audio_data_worker writing audio data into queue.
2025-04-16 14:12:13.742 - RealTimeSTT: root - DEBUG - _audio_data_worker writing audio data into queue.
2025-04-16 14:12:14.766 - RealTimeSTT: root - DEBUG - _audio_data_worker writing audio data into queue.
2025-04-16 14:12:15.790 - RealTimeSTT: root - DEBUG - _audio_data_worker writing audio data into queue.
2025-04-16 14:12:16.814 - RealTimeSTT: root - DEBUG - _audio_data_worker writing audio data into queue.
2025-04-16 14:12:17.838 - RealTimeSTT: root - DEBUG - _audio_data_worker writing audio data into queue.
2025-04-16 14:12:18.862 - RealTimeSTT: root - DEBUG - _audio_data_worker writing audio data into queue.
2025-04-16 14:12:19.886 - RealTimeSTT: root - DEBUG - _audio_data_worker writing audio data into queue.
2025-04-16 14:12:20.910 - RealTimeSTT: root - DEBUG - _audio_data_worker writing audio data into queue.
2025-04-16 14:12:21.934 - RealTimeSTT: root - DEBUG - _audio_data_worker writing audio data into queue.
2025-04-16 14:12:22.958 - RealTimeSTT: root - DEBUG - _audio_data_worker writing audio data into queue.
2025-04-16 14:12:23.982 - RealTimeSTT: root - DEBUG - _audio_data_worker writing audio data into queue.
2025-04-16 14:12:25.006 - RealTimeSTT: root - DEBUG - _audio_data_worker writing audio data into queue.
2025-04-16 14:12:26.030 - RealTimeSTT: root - DEBUG - _audio_data_worker writing audio data into queue.
2025-04-16 14:12:27.054 - RealTimeSTT: root - DEBUG - _audio_data_worker writing audio data into queue.
2025-04-16 14:12:28.078 - RealTimeSTT: root - DEBUG - _audio_data_worker writing audio data into queue.
2025-04-16 14:12:29.102 - RealTimeSTT: root - DEBUG - _audio_data_worker writing audio data into queue.
2025-04-16 14:12:30.126 - RealTimeSTT: root - DEBUG - _audio_data_worker writing audio data into queue.
2025-04-16 14:12:31.150 - RealTimeSTT: root - DEBUG - _audio_data_worker writing audio data into queue.
2025-04-16 14:12:32.174 - RealTimeSTT: root - DEBUG - _audio_data_worker writing audio data into queue.
2025-04-16 14:12:33.198 - RealTimeSTT: root - DEBUG - _audio_data_worker writing audio data into queue.
2025-04-16 14:12:34.222 - RealTimeSTT: root - DEBUG - _audio_data_worker writing audio data into queue.
2025-04-16 14:12:35.246 - RealTimeSTT: root - DEBUG - _audio_data_worker writing audio data into queue.
2025-04-16 14:12:36.270 - RealTimeSTT: root - DEBUG - _audio_data_worker writing audio data into queue.
2025-04-16 14:12:37.294 - RealTimeSTT: root - DEBUG - _audio_data_worker writing audio data into queue.
2025-04-16 14:12:38.318 - RealTimeSTT: root - DEBUG - _audio_data_worker writing audio data into queue.
2025-04-16 14:12:39.342 - RealTimeSTT: root - DEBUG - _audio_data_worker writing audio data into queue.
2025-04-16 14:12:40.366 - RealTimeSTT: root - DEBUG - _audio_data_worker writing audio data into queue.
2025-04-16 14:12:41.390 - RealTimeSTT: root - DEBUG - _audio_data_worker writing audio data into queue.
2025-04-16 14:12:42.414 - RealTimeSTT: root - DEBUG - _audio_data_worker writing audio data into queue.
2025-04-16 14:12:43.438 - RealTimeSTT: root - DEBUG - _audio_data_worker writing audio data into queue.
2025-04-16 14:12:44.462 - RealTimeSTT: root - DEBUG - _audio_data_worker writing audio data into queue.
2025-04-16 14:12:45.486 - RealTimeSTT: root - DEBUG - _audio_data_worker writing audio data into queue.
2025-04-16 14:12:46.510 - RealTimeSTT: root - DEBUG - _audio_data_worker writing audio data into queue.
2025-04-16 14:12:47.534 - RealTimeSTT: root - DEBUG - _audio_data_worker writing audio data into queue.
2025-04-16 14:12:48.558 - RealTimeSTT: root - DEBUG - _audio_data_worker writing audio data into queue.
2025-04-16 14:12:49.582 - RealTimeSTT: root - DEBUG - _audio_data_worker writing audio data into queue.
2025-04-16 14:12:50.606 - RealTimeSTT: root - DEBUG - _audio_data_worker writing audio data into queue.
2025-04-16 14:12:51.630 - RealTimeSTT: root - DEBUG - _audio_data_worker writing audio data into queue.
2025-04-16 14:12:52.654 - RealTimeSTT: root - DEBUG - _audio_data_worker writing audio data into queue.
2025-04-16 14:12:53.678 - RealTimeSTT: root - DEBUG - _audio_data_worker writing audio data into queue.
2025-04-16 14:12:54.702 - RealTimeSTT: root - DEBUG - _audio_data_worker writing audio data into queue.
2025-04-16 14:12:55.726 - RealTimeSTT: root - DEBUG - _audio_data_worker writing audio data into queue.
2025-04-16 14:12:56.750 - RealTimeSTT: root - DEBUG - _audio_data_worker writing audio data into queue.
2025-04-16 14:12:57.774 - RealTimeSTT: root - DEBUG - _audio_data_worker writing audio data into queue.
2025-04-16 14:12:58.798 - RealTimeSTT: root - DEBUG - _audio_data_worker writing audio data into queue.
2025-04-16 14:12:59.822 - RealTimeSTT: root - DEBUG - _audio_data_worker writing audio data into queue.
2025-04-16 14:13:00.846 - RealTimeSTT: root - DEBUG - _audio_data_worker writing audio data into queue.
2025-04-16 14:13:01.870 - RealTimeSTT: root - DEBUG - _audio_data_worker writing audio data into queue.
2025-04-16 14:13:02.894 - RealTimeSTT: root - DEBUG - _audio_data_worker writing audio data into queue.
2025-04-16 14:13:03.918 - RealTimeSTT: root - DEBUG - _audio_data_worker writing audio data into queue.
2025-04-16 14:13:04.942 - RealTimeSTT: root - DEBUG - _audio_data_worker writing audio data into queue.
2025-04-16 14:13:05.966 - RealTimeSTT: root - DEBUG - _audio_data_worker writing audio data into queue.
2025-04-16 14:13:06.990 - RealTimeSTT: root - DEBUG - _audio_data_worker writing audio data into queue.
2025-04-16 14:13:08.014 - RealTimeSTT: root - DEBUG - _audio_data_worker writing audio data into queue.
2025-04-16 14:13:09.038 - RealTimeSTT: root - DEBUG - _audio_data_worker writing audio data into queue.
2025-04-16 14:13:10.062 - RealTimeSTT: root - DEBUG - _audio_data_worker writing audio data into queue.
2025-04-16 14:13:11.086 - RealTimeSTT: root - DEBUG - _audio_data_worker writing audio data into queue.
2025-04-16 14:13:12.110 - RealTimeSTT: root - DEBUG - _audio_data_worker writing audio data into queue.
2025-04-16 14:13:13.134 - RealTimeSTT: root - DEBUG - _audio_data_worker writing audio data into queue.
2025-04-16 14:13:14.158 - RealTimeSTT: root - DEBUG - _audio_data_worker writing audio data into queue.
2025-04-16 14:13:15.182 - RealTimeSTT: root - DEBUG - _audio_data_worker writing audio data into queue.
2025-04-16 14:13:16.206 - RealTimeSTT: root - DEBUG - _audio_data_worker writing audio data into queue.
2025-04-16 14:13:17.230 - RealTimeSTT: root - DEBUG - _audio_data_worker writing audio data into queue.
2025-04-16 14:13:18.254 - RealTimeSTT: root - DEBUG - _audio_data_worker writing audio data into queue.
2025-04-16 14:13:19.278 - RealTimeSTT: root - DEBUG - _audio_data_worker writing audio data into queue.
2025-04-16 14:13:20.302 - RealTimeSTT: root - DEBUG - _audio_data_worker writing audio data into queue.
2025-04-16 14:13:21.326 - RealTimeSTT: root - DEBUG - _audio_data_worker writing audio data into queue.
2025-04-16 14:13:22.350 - RealTimeSTT: root - DEBUG - _audio_data_worker writing audio data into queue.
2025-04-16 14:13:23.374 - RealTimeSTT: root - DEBUG - _audio_data_worker writing audio data into queue.
2025-04-16 14:13:24.398 - RealTimeSTT: root - DEBUG - _audio_data_worker writing audio data into queue.
2025-04-16 14:13:25.422 - RealTimeSTT: root - DEBUG - _audio_data_worker writing audio data into queue.
2025-04-16 14:13:26.446 - RealTimeSTT: root - DEBUG - _audio_data_worker writing audio data into queue.
2025-04-16 14:13:27.470 - RealTimeSTT: root - DEBUG - _audio_data_worker writing audio data into queue.
2025-04-16 14:13:28.494 - RealTimeSTT: root - DEBUG - _audio_data_worker writing audio data into queue.
2025-04-16 14:13:29.518 - RealTimeSTT: root - DEBUG - _audio_data_worker writing audio data into queue.
2025-04-16 14:13:30.542 - RealTimeSTT: root - DEBUG - _audio_data_worker writing audio data into queue.
2025-04-16 14:13:31.566 - RealTimeSTT: root - DEBUG - _audio_data_worker writing audio data into queue.
2025-04-16 14:13:32.590 - RealTimeSTT: root - DEBUG - _audio_data_worker writing audio data into queue.
2025-04-16 14:13:33.614 - RealTimeSTT: root - DEBUG - _audio_data_worker writing audio data into queue.
2025-04-16 14:13:34.638 - RealTimeSTT: root - DEBUG - _audio_data_worker writing audio data into queue.
2025-04-16 14:13:35.662 - RealTimeSTT: root - DEBUG - _audio_data_worker writing audio data into queue.
2025-04-16 14:13:36.686 - RealTimeSTT: root - DEBUG - _audio_data_worker writing audio data into queue.
2025-04-16 14:13:37.710 - RealTimeSTT: root - DEBUG - _audio_data_worker writing audio data into queue.
2025-04-16 14:13:38.734 - RealTimeSTT: root - DEBUG - _audio_data_worker writing audio data into queue.
2025-04-16 14:13:39.758 - RealTimeSTT: root - DEBUG - _audio_data_worker writing audio data into queue.
2025-04-16 14:13:40.782 - RealTimeSTT: root - DEBUG - _audio_data_worker writing audio data into queue.
2025-04-16 14:13:41.806 - RealTimeSTT: root - DEBUG - _audio_data_worker writing audio data into queue.
2025-04-16 14:13:42.830 - RealTimeSTT: root - DEBUG - _audio_data_worker writing audio data into queue.
2025-04-16 14:13:43.854 - RealTimeSTT: root - DEBUG - _audio_data_worker writing audio data into queue.
2025-04-16 14:13:44.878 - RealTimeSTT: root - DEBUG - _audio_data_worker writing audio data into queue.
2025-04-16 14:13:45.902 - RealTimeSTT: root - DEBUG - _audio_data_worker writing audio data into queue.
2025-04-16 14:13:46.926 - RealTimeSTT: root - DEBUG - _audio_data_worker writing audio data into queue.
2025-04-16 14:13:47.950 - RealTimeSTT: root - DEBUG - _audio_data_worker writing audio data into queue.
2025-04-16 14:13:48.974 - RealTimeSTT: root - DEBUG - _audio_data_worker writing audio data into queue.
2025-04-16 14:13:49.998 - RealTimeSTT: root - DEBUG - _audio_data_worker writing audio data into queue.
2025-04-16 14:13:51.022 - RealTimeSTT: root - DEBUG - _audio_data_worker writing audio data into queue.
2025-04-16 14:13:52.046 - RealTimeSTT: root - DEBUG - _audio_data_worker writing audio data into queue.
2025-04-16 14:13:53.070 - RealTimeSTT: root - DEBUG - _audio_data_worker writing audio data into queue.
2025-04-16 14:13:54.094 - RealTimeSTT: root - DEBUG - _audio_data_worker writing audio data into queue.
2025-04-16 14:13:55.118 - RealTimeSTT: root - DEBUG - _audio_data_worker writing audio data into queue.
2025-04-16 14:13:56.142 - RealTimeSTT: root - DEBUG - _audio_data_worker writing audio data into queue.
2025-04-16 14:13:57.166 - RealTimeSTT: root - DEBUG - _audio_data_worker writing audio data into queue.
2025-04-16 14:13:58.190 - RealTimeSTT: root - DEBUG - _audio_data_worker writing audio data into queue.
2025-04-16 14:13:59.214 - RealTimeSTT: root - DEBUG - _audio_data_worker writing audio data into queue.
2025-04-16 14:14:00.238 - RealTimeSTT: root - DEBUG - _audio_data_worker writing audio data into queue.
2025-04-16 14:14:01.262 - RealTimeSTT: root - DEBUG - _audio_data_worker writing audio data into queue.
2025-04-16 14:14:02.286 - RealTimeSTT: root - DEBUG - _audio_data_worker writing audio data into queue.
2025-04-16 14:14:03.310 - RealTimeSTT: root - DEBUG - _audio_data_worker writing audio data into queue.
2025-04-16 14:14:04.334 - RealTimeSTT: root - DEBUG - _audio_data_worker writing audio data into queue.
2025-04-16 14:14:05.358 - RealTimeSTT: root - DEBUG - _audio_data_worker writing audio data into queue.
2025-04-16 14:14:06.382 - RealTimeSTT: root - DEBUG - _audio_data_worker writing audio data into queue.
2025-04-16 14:14:07.406 - RealTimeSTT: root - DEBUG - _audio_data_worker writing audio data into queue.
2025-04-16 14:14:08.430 - RealTimeSTT: root - DEBUG - _audio_data_worker writing audio data into queue.
2025-04-16 14:14:09.454 - RealTimeSTT: root - DEBUG - _audio_data_worker writing audio data into queue.
2025-04-16 14:14:10.478 - RealTimeSTT: root - DEBUG - _audio_data_worker writing audio data into queue.
2025-04-16 14:14:11.502 - RealTimeSTT: root - DEBUG - _audio_data_worker writing audio data into queue.
2025-04-16 14:14:12.526 - RealTimeSTT: root - DEBUG - _audio_data_worker writing audio data into queue.
2025-04-16 14:14:13.550 - RealTimeSTT: root - DEBUG - _audio_data_worker writing audio data into queue.
2025-04-16 14:14:14.574 - RealTimeSTT: root - DEBUG - _audio_data_worker writing audio data into queue.
2025-04-16 14:14:15.598 - RealTimeSTT: root - DEBUG - _audio_data_worker writing audio data into queue.
2025-04-16 14:14:16.622 - RealTimeSTT: root - DEBUG - _audio_data_worker writing audio data into queue.
2025-04-16 14:14:17.646 - RealTimeSTT: root - DEBUG - _audio_data_worker writing audio data into queue.
2025-04-16 14:14:18.670 - RealTimeSTT: root - DEBUG - _audio_data_worker writing audio data into queue.
2025-04-16 14:14:19.694 - RealTimeSTT: root - DEBUG - _audio_data_worker writing audio data into queue.
2025-04-16 14:14:20.718 - RealTimeSTT: root - DEBUG - _audio_data_worker writing audio data into queue.
2025-04-16 14:14:21.742 - RealTimeSTT: root - DEBUG - _audio_data_worker writing audio data into queue.
2025-04-16 14:14:22.766 - RealTimeSTT: root - DEBUG - _audio_data_worker writing audio data into queue.
2025-04-16 14:14:23.790 - RealTimeSTT: root - DEBUG - _audio_data_worker writing audio data into queue.
2025-04-16 14:14:24.814 - RealTimeSTT: root - DEBUG - _audio_data_worker writing audio data into queue.
2025-04-16 14:14:25.838 - RealTimeSTT: root - DEBUG - _audio_data_worker writing audio data into queue.
2025-04-16 14:14:26.861 - RealTimeSTT: root - DEBUG - _audio_data_worker writing audio data into queue.
2025-04-16 14:14:27.885 - RealTimeSTT: root - DEBUG - _audio_data_worker writing audio data into queue.
2025-04-16 14:14:28.909 - RealTimeSTT: root - DEBUG - _audio_data_worker writing audio data into queue.
2025-04-16 14:14:29.933 - RealTimeSTT: root - DEBUG - _audio_data_worker writing audio data into queue.
2025-04-16 14:14:30.957 - RealTimeSTT: root - DEBUG - _audio_data_worker writing audio data into queue.
2025-04-16 14:14:31.981 - RealTimeSTT: root - DEBUG - _audio_data_worker writing audio data into queue.
2025-04-16 14:14:33.005 - RealTimeSTT: root - DEBUG - _audio_data_worker writing audio data into queue.
2025-04-16 14:14:34.029 - RealTimeSTT: root - DEBUG - _audio_data_worker writing audio data into queue.
2025-04-16 14:14:35.053 - RealTimeSTT: root - DEBUG - _audio_data_worker writing audio data into queue.
2025-04-16 14:14:36.077 - RealTimeSTT: root - DEBUG - _audio_data_worker writing audio data into queue.
2025-04-16 14:14:37.101 - RealTimeSTT: root - DEBUG - _audio_data_worker writing audio data into queue.
2025-04-16 14:14:38.125 - RealTimeSTT: root - DEBUG - _audio_data_worker writing audio data into queue.
2025-04-16 14:14:39.149 - RealTimeSTT: root - DEBUG - _audio_data_worker writing audio data into queue.
2025-04-16 14:14:40.173 - RealTimeSTT: root - DEBUG - _audio_data_worker writing audio data into queue.
2025-04-16 14:14:41.197 - RealTimeSTT: root - DEBUG - _audio_data_worker writing audio data into queue.
2025-04-16 14:14:42.221 - RealTimeSTT: root - DEBUG - _audio_data_worker writing audio data into queue.
2025-04-16 14:14:43.245 - RealTimeSTT: root - DEBUG - _audio_data_worker writing audio data into queue.
2025-04-16 14:14:44.269 - RealTimeSTT: root - DEBUG - _audio_data_worker writing audio data into queue.
2025-04-16 14:14:45.293 - RealTimeSTT: root - DEBUG - _audio_data_worker writing audio data into queue.
2025-04-16 14:14:46.317 - RealTimeSTT: root - DEBUG - _audio_data_worker writing audio data into queue.
2025-04-16 14:14:47.341 - RealTimeSTT: root - DEBUG - _audio_data_worker writing audio data into queue.
2025-04-16 14:14:48.365 - RealTimeSTT: root - DEBUG - _audio_data_worker writing audio data into queue.
2025-04-16 14:14:49.389 - RealTimeSTT: root - DEBUG - _audio_data_worker writing audio data into queue.
2025-04-16 14:14:50.413 - RealTimeSTT: root - DEBUG - _audio_data_worker writing audio data into queue.
2025-04-16 14:14:51.437 - RealTimeSTT: root - DEBUG - _audio_data_worker writing audio data into queue.
2025-04-16 14:14:52.461 - RealTimeSTT: root - DEBUG - _audio_data_worker writing audio data into queue.
2025-04-16 14:14:53.485 - RealTimeSTT: root - DEBUG - _audio_data_worker writing audio data into queue.
2025-04-16 14:14:54.509 - RealTimeSTT: root - DEBUG - _audio_data_worker writing audio data into queue.
2025-04-16 14:14:55.533 - RealTimeSTT: root - DEBUG - _audio_data_worker writing audio data into queue.
2025-04-16 14:14:56.557 - RealTimeSTT: root - DEBUG - _audio_data_worker writing audio data into queue.
2025-04-16 14:14:57.581 - RealTimeSTT: root - DEBUG - _audio_data_worker writing audio data into queue.
2025-04-16 14:14:58.605 - RealTimeSTT: root - DEBUG - _audio_data_worker writing audio data into queue.
2025-04-16 14:14:59.629 - RealTimeSTT: root - DEBUG - _audio_data_worker writing audio data into queue.
2025-04-16 14:15:00.653 - RealTimeSTT: root - DEBUG - _audio_data_worker writing audio data into queue.
2025-04-16 14:15:01.677 - RealTimeSTT: root - DEBUG - _audio_data_worker writing audio data into queue.
2025-04-16 14:15:02.701 - RealTimeSTT: root - DEBUG - _audio_data_worker writing audio data into queue.
2025-04-16 14:15:03.725 - RealTimeSTT: root - DEBUG - _audio_data_worker writing audio data into queue.
2025-04-16 14:15:04.749 - RealTimeSTT: root - DEBUG - _audio_data_worker writing audio data into queue.
2025-04-16 14:15:05.773 - RealTimeSTT: root - DEBUG - _audio_data_worker writing audio data into queue.
2025-04-16 14:15:06.797 - RealTimeSTT: root - DEBUG - _audio_data_worker writing audio data into queue.
2025-04-16 14:15:07.821 - RealTimeSTT: root - DEBUG - _audio_data_worker writing audio data into queue.
2025-04-16 14:15:08.845 - RealTimeSTT: root - DEBUG - _audio_data_worker writing audio data into queue.
2025-04-16 14:15:09.869 - RealTimeSTT: root - DEBUG - _audio_data_worker writing audio data into queue.
2025-04-16 14:15:10.893 - RealTimeSTT: root - DEBUG - _audio_data_worker writing audio data into queue.
2025-04-16 14:15:11.917 - RealTimeSTT: root - DEBUG - _audio_data_worker writing audio data into queue.
2025-04-16 14:15:12.941 - RealTimeSTT: root - DEBUG - _audio_data_worker writing audio data into queue.
2025-04-16 14:15:13.965 - RealTimeSTT: root - DEBUG - _audio_data_worker writing audio data into queue.
2025-04-16 14:15:14.989 - RealTimeSTT: root - DEBUG - _audio_data_worker writing audio data into queue.
2025-04-16 14:15:16.013 - RealTimeSTT: root - DEBUG - _audio_data_worker writing audio data into queue.
2025-04-16 14:15:17.037 - RealTimeSTT: root - DEBUG - _audio_data_worker writing audio data into queue.
2025-04-16 14:15:18.061 - RealTimeSTT: root - DEBUG - _audio_data_worker writing audio data into queue.
2025-04-16 14:15:19.085 - RealTimeSTT: root - DEBUG - _audio_data_worker writing audio data into queue.
2025-04-16 14:15:20.109 - RealTimeSTT: root - DEBUG - _audio_data_worker writing audio data into queue.
2025-04-16 14:15:21.133 - RealTimeSTT: root - DEBUG - _audio_data_worker writing audio data into queue.
2025-04-16 14:15:22.157 - RealTimeSTT: root - DEBUG - _audio_data_worker writing audio data into queue.
2025-04-16 14:15:23.181 - RealTimeSTT: root - DEBUG - _audio_data_worker writing audio data into queue.
2025-04-16 14:15:24.205 - RealTimeSTT: root - DEBUG - _audio_data_worker writing audio data into queue.
2025-04-16 14:15:25.229 - RealTimeSTT: root - DEBUG - _audio_data_worker writing audio data into queue.
2025-04-16 14:15:26.253 - RealTimeSTT: root - DEBUG - _audio_data_worker writing audio data into queue.
2025-04-16 14:15:27.277 - RealTimeSTT: root - DEBUG - _audio_data_worker writing audio data into queue.
2025-04-16 14:15:28.301 - RealTimeSTT: root - DEBUG - _audio_data_worker writing audio data into queue.
2025-04-16 14:15:29.325 - RealTimeSTT: root - DEBUG - _audio_data_worker writing audio data into queue.
2025-04-16 14:15:30.349 - RealTimeSTT: root - DEBUG - _audio_data_worker writing audio data into queue.
2025-04-16 14:15:31.373 - RealTimeSTT: root - DEBUG - _audio_data_worker writing audio data into queue.
2025-04-16 14:15:32.397 - RealTimeSTT: root - DEBUG - _audio_data_worker writing audio data into queue.
2025-04-16 14:15:33.421 - RealTimeSTT: root - DEBUG - _audio_data_worker writing audio data into queue.
2025-04-16 14:15:34.445 - RealTimeSTT: root - DEBUG - _audio_data_worker writing audio data into queue.
2025-04-16 14:15:35.469 - RealTimeSTT: root - DEBUG - _audio_data_worker writing audio data into queue.
2025-04-16 14:15:36.493 - RealTimeSTT: root - DEBUG - _audio_data_worker writing audio data into queue.
2025-04-16 14:15:37.517 - RealTimeSTT: root - DEBUG - _audio_data_worker writing audio data into queue.
2025-04-16 14:15:38.541 - RealTimeSTT: root - DEBUG - _audio_data_worker writing audio data into queue.
2025-04-16 14:15:39.565 - RealTimeSTT: root - DEBUG - _audio_data_worker writing audio data into queue.
2025-04-16 14:15:40.589 - RealTimeSTT: root - DEBUG - _audio_data_worker writing audio data into queue.
2025-04-16 14:15:41.613 - RealTimeSTT: root - DEBUG - _audio_data_worker writing audio data into queue.
2025-04-16 14:15:42.637 - RealTimeSTT: root - DEBUG - _audio_data_worker writing audio data into queue.
2025-04-16 14:15:43.661 - RealTimeSTT: root - DEBUG - _audio_data_worker writing audio data into queue.
2025-04-16 14:15:44.685 - RealTimeSTT: root - DEBUG - _audio_data_worker writing audio data into queue.
2025-04-16 14:15:45.709 - RealTimeSTT: root - DEBUG - _audio_data_worker writing audio data into queue.
2025-04-16 14:15:46.733 - RealTimeSTT: root - DEBUG - _audio_data_worker writing audio data into queue.
2025-04-16 14:15:47.757 - RealTimeSTT: root - DEBUG - _audio_data_worker writing audio data into queue.
2025-04-16 14:15:48.781 - RealTimeSTT: root - DEBUG - _audio_data_worker writing audio data into queue.
2025-04-16 14:15:49.805 - RealTimeSTT: root - DEBUG - _audio_data_worker writing audio data into queue.
2025-04-16 14:15:50.829 - RealTimeSTT: root - DEBUG - _audio_data_worker writing audio data into queue.
2025-04-16 14:15:51.853 - RealTimeSTT: root - DEBUG - _audio_data_worker writing audio data into queue.
2025-04-16 14:15:52.877 - RealTimeSTT: root - DEBUG - _audio_data_worker writing audio data into queue.
2025-04-16 14:15:53.901 - RealTimeSTT: root - DEBUG - _audio_data_worker writing audio data into queue.
2025-04-16 14:15:54.925 - RealTimeSTT: root - DEBUG - _audio_data_worker writing audio data into queue.
2025-04-16 14:15:55.949 - RealTimeSTT: root - DEBUG - _audio_data_worker writing audio data into queue.
2025-04-16 14:15:56.973 - RealTimeSTT: root - DEBUG - _audio_data_worker writing audio data into queue.
2025-04-16 14:15:57.997 - RealTimeSTT: root - DEBUG - _audio_data_worker writing audio data into queue.
2025-04-16 14:15:59.021 - RealTimeSTT: root - DEBUG - _audio_data_worker writing audio data into queue.
2025-04-16 14:16:00.045 - RealTimeSTT: root - DEBUG - _audio_data_worker writing audio data into queue.
2025-04-16 14:16:01.069 - RealTimeSTT: root - DEBUG - _audio_data_worker writing audio data into queue.
2025-04-16 14:16:02.093 - RealTimeSTT: root - DEBUG - _audio_data_worker writing audio data into queue.
2025-04-16 14:16:03.117 - RealTimeSTT: root - DEBUG - _audio_data_worker writing audio data into queue.
2025-04-16 14:16:04.141 - RealTimeSTT: root - DEBUG - _audio_data_worker writing audio data into queue.
2025-04-16 14:16:05.165 - RealTimeSTT: root - DEBUG - _audio_data_worker writing audio data into queue.
2025-04-16 14:16:06.189 - RealTimeSTT: root - DEBUG - _audio_data_worker writing audio data into queue.
2025-04-16 14:16:07.213 - RealTimeSTT: root - DEBUG - _audio_data_worker writing audio data into queue.
2025-04-16 14:16:08.237 - RealTimeSTT: root - DEBUG - _audio_data_worker writing audio data into queue.
2025-04-16 14:16:09.261 - RealTimeSTT: root - DEBUG - _audio_data_worker writing audio data into queue.
2025-04-16 14:16:10.285 - RealTimeSTT: root - DEBUG - _audio_data_worker writing audio data into queue.
2025-04-16 14:16:11.309 - RealTimeSTT: root - DEBUG - _audio_data_worker writing audio data into queue.
2025-04-16 14:16:12.333 - RealTimeSTT: root - DEBUG - _audio_data_worker writing audio data into queue.
2025-04-16 14:16:13.357 - RealTimeSTT: root - DEBUG - _audio_data_worker writing audio data into queue.
2025-04-16 14:16:14.381 - RealTimeSTT: root - DEBUG - _audio_data_worker writing audio data into queue.
2025-04-16 14:16:15.405 - RealTimeSTT: root - DEBUG - _audio_data_worker writing audio data into queue.
2025-04-16 14:16:16.429 - RealTimeSTT: root - DEBUG - _audio_data_worker writing audio data into queue.
2025-04-16 14:16:17.453 - RealTimeSTT: root - DEBUG - _audio_data_worker writing audio data into queue.
2025-04-16 14:16:18.477 - RealTimeSTT: root - DEBUG - _audio_data_worker writing audio data into queue.
2025-04-16 14:16:19.501 - RealTimeSTT: root - DEBUG - _audio_data_worker writing audio data into queue.
2025-04-16 14:16:20.525 - RealTimeSTT: root - DEBUG - _audio_data_worker writing audio data into queue.
2025-04-16 14:16:21.549 - RealTimeSTT: root - DEBUG - _audio_data_worker writing audio data into queue.
2025-04-16 14:16:22.573 - RealTimeSTT: root - DEBUG - _audio_data_worker writing audio data into queue.
2025-04-16 14:16:23.597 - RealTimeSTT: root - DEBUG - _audio_data_worker writing audio data into queue.
2025-04-16 14:16:24.621 - RealTimeSTT: root - DEBUG - _audio_data_worker writing audio data into queue.
2025-04-16 14:16:25.645 - RealTimeSTT: root - DEBUG - _audio_data_worker writing audio data into queue.
2025-04-16 14:16:26.669 - RealTimeSTT: root - DEBUG - _audio_data_worker writing audio data into queue.
2025-04-16 14:16:27.693 - RealTimeSTT: root - DEBUG - _audio_data_worker writing audio data into queue.
2025-04-16 14:16:28.717 - RealTimeSTT: root - DEBUG - _audio_data_worker writing audio data into queue.
2025-04-16 14:16:29.741 - RealTimeSTT: root - DEBUG - _audio_data_worker writing audio data into queue.
2025-04-16 14:16:30.765 - RealTimeSTT: root - DEBUG - _audio_data_worker writing audio data into queue.
2025-04-16 14:16:31.789 - RealTimeSTT: root - DEBUG - _audio_data_worker writing audio data into queue.
2025-04-16 14:16:32.813 - RealTimeSTT: root - DEBUG - _audio_data_worker writing audio data into queue.
2025-04-16 14:16:33.837 - RealTimeSTT: root - DEBUG - _audio_data_worker writing audio data into queue.
2025-04-16 14:16:34.861 - RealTimeSTT: root - DEBUG - _audio_data_worker writing audio data into queue.
2025-04-16 14:16:35.885 - RealTimeSTT: root - DEBUG - _audio_data_worker writing audio data into queue.
2025-04-16 14:16:36.909 - RealTimeSTT: root - DEBUG - _audio_data_worker writing audio data into queue.
2025-04-16 14:16:37.933 - RealTimeSTT: root - DEBUG - _audio_data_worker writing audio data into queue.
2025-04-16 14:16:38.957 - RealTimeSTT: root - DEBUG - _audio_data_worker writing audio data into queue.
2025-04-16 14:16:39.981 - RealTimeSTT: root - DEBUG - _audio_data_worker writing audio data into queue.
2025-04-16 14:16:41.005 - RealTimeSTT: root - DEBUG - _audio_data_worker writing audio data into queue.
2025-04-16 14:16:42.029 - RealTimeSTT: root - DEBUG - _audio_data_worker writing audio data into queue.
2025-04-16 14:16:43.053 - RealTimeSTT: root - DEBUG - _audio_data_worker writing audio data into queue.
2025-04-16 14:16:44.077 - RealTimeSTT: root - DEBUG - _audio_data_worker writing audio data into queue.
2025-04-16 14:16:45.101 - RealTimeSTT: root - DEBUG - _audio_data_worker writing audio data into queue.
2025-04-16 14:16:46.125 - RealTimeSTT: root - DEBUG - _audio_data_worker writing audio data into queue.
2025-04-16 14:16:47.149 - RealTimeSTT: root - DEBUG - _audio_data_worker writing audio data into queue.
2025-04-16 14:16:48.173 - RealTimeSTT: root - DEBUG - _audio_data_worker writing audio data into queue.
2025-04-16 14:16:49.197 - RealTimeSTT: root - DEBUG - _audio_data_worker writing audio data into queue.
2025-04-16 14:16:50.221 - RealTimeSTT: root - DEBUG - _audio_data_worker writing audio data into queue.
2025-04-16 14:16:51.245 - RealTimeSTT: root - DEBUG - _audio_data_worker writing audio data into queue.
2025-04-16 14:16:52.269 - RealTimeSTT: root - DEBUG - _audio_data_worker writing audio data into queue.
2025-04-16 14:16:53.293 - RealTimeSTT: root - DEBUG - _audio_data_worker writing audio data into queue.
2025-04-16 14:16:54.317 - RealTimeSTT: root - DEBUG - _audio_data_worker writing audio data into queue.
2025-04-16 14:16:55.341 - RealTimeSTT: root - DEBUG - _audio_data_worker writing audio data into queue.
2025-04-16 14:16:56.365 - RealTimeSTT: root - DEBUG - _audio_data_worker writing audio data into queue.
2025-04-16 14:16:57.389 - RealTimeSTT: root - DEBUG - _audio_data_worker writing audio data into queue.
2025-04-16 14:16:58.413 - RealTimeSTT: root - DEBUG - _audio_data_worker writing audio data into queue.
2025-04-16 14:16:59.436 - RealTimeSTT: root - DEBUG - _audio_data_worker writing audio data into queue.
2025-04-16 14:17:00.460 - RealTimeSTT: root - DEBUG - _audio_data_worker writing audio data into queue.
2025-04-16 14:17:01.484 - RealTimeSTT: root - DEBUG - _audio_data_worker writing audio data into queue.
2025-04-16 14:17:02.508 - RealTimeSTT: root - DEBUG - _audio_data_worker writing audio data into queue.
2025-04-16 14:17:03.532 - RealTimeSTT: root - DEBUG - _audio_data_worker writing audio data into queue.
2025-04-16 14:17:04.556 - RealTimeSTT: root - DEBUG - _audio_data_worker writing audio data into queue.
2025-04-16 14:17:05.580 - RealTimeSTT: root - DEBUG - _audio_data_worker writing audio data into queue.
2025-04-16 14:17:06.604 - RealTimeSTT: root - DEBUG - _audio_data_worker writing audio data into queue.
2025-04-16 14:17:07.628 - RealTimeSTT: root - DEBUG - _audio_data_worker writing audio data into queue.
2025-04-16 14:17:08.652 - RealTimeSTT: root - DEBUG - _audio_data_worker writing audio data into queue.
2025-04-16 14:17:09.676 - RealTimeSTT: root - DEBUG - _audio_data_worker writing audio data into queue.
2025-04-16 14:17:10.700 - RealTimeSTT: root - DEBUG - _audio_data_worker writing audio data into queue.
2025-04-16 14:17:11.724 - RealTimeSTT: root - DEBUG - _audio_data_worker writing audio data into queue.
2025-04-16 14:17:12.748 - RealTimeSTT: root - DEBUG - _audio_data_worker writing audio data into queue.
2025-04-16 14:17:13.772 - RealTimeSTT: root - DEBUG - _audio_data_worker writing audio data into queue.
2025-04-16 14:17:14.796 - RealTimeSTT: root - DEBUG - _audio_data_worker writing audio data into queue.
2025-04-16 14:17:15.820 - RealTimeSTT: root - DEBUG - _audio_data_worker writing audio data into queue.
2025-04-16 14:17:16.844 - RealTimeSTT: root - DEBUG - _audio_data_worker writing audio data into queue.
2025-04-16 14:17:17.868 - RealTimeSTT: root - DEBUG - _audio_data_worker writing audio data into queue.
2025-04-16 14:17:18.892 - RealTimeSTT: root - DEBUG - _audio_data_worker writing audio data into queue.
2025-04-16 14:17:19.916 - RealTimeSTT: root - DEBUG - _audio_data_worker writing audio data into queue.
2025-04-16 14:17:20.940 - RealTimeSTT: root - DEBUG - _audio_data_worker writing audio data into queue.
2025-04-16 14:17:21.964 - RealTimeSTT: root - DEBUG - _audio_data_worker writing audio data into queue.
2025-04-16 14:17:22.988 - RealTimeSTT: root - DEBUG - _audio_data_worker writing audio data into queue.
2025-04-16 14:17:24.012 - RealTimeSTT: root - DEBUG - _audio_data_worker writing audio data into queue.
2025-04-16 14:17:25.036 - RealTimeSTT: root - DEBUG - _audio_data_worker writing audio data into queue.
2025-04-16 14:17:26.060 - RealTimeSTT: root - DEBUG - _audio_data_worker writing audio data into queue.
2025-04-16 14:17:27.084 - RealTimeSTT: root - DEBUG - _audio_data_worker writing audio data into queue.
2025-04-16 14:17:28.108 - RealTimeSTT: root - DEBUG - _audio_data_worker writing audio data into queue.
2025-04-16 14:17:29.132 - RealTimeSTT: root - DEBUG - _audio_data_worker writing audio data into queue.
2025-04-16 14:17:30.156 - RealTimeSTT: root - DEBUG - _audio_data_worker writing audio data into queue.
2025-04-16 14:17:31.180 - RealTimeSTT: root - DEBUG - _audio_data_worker writing audio data into queue.
2025-04-16 14:17:32.204 - RealTimeSTT: root - DEBUG - _audio_data_worker writing audio data into queue.
2025-04-16 14:17:33.228 - RealTimeSTT: root - DEBUG - _audio_data_worker writing audio data into queue.
2025-04-16 14:17:34.252 - RealTimeSTT: root - DEBUG - _audio_data_worker writing audio data into queue.
2025-04-16 14:17:35.276 - RealTimeSTT: root - DEBUG - _audio_data_worker writing audio data into queue.
2025-04-16 14:17:36.300 - RealTimeSTT: root - DEBUG - _audio_data_worker writing audio data into queue.
2025-04-16 14:17:37.324 - RealTimeSTT: root - DEBUG - _audio_data_worker writing audio data into queue.
2025-04-16 14:17:38.348 - RealTimeSTT: root - DEBUG - _audio_data_worker writing audio data into queue.
2025-04-16 14:17:39.372 - RealTimeSTT: root - DEBUG - _audio_data_worker writing audio data into queue.
2025-04-16 14:17:40.396 - RealTimeSTT: root - DEBUG - _audio_data_worker writing audio data into queue.
2025-04-16 14:17:41.420 - RealTimeSTT: root - DEBUG - _audio_data_worker writing audio data into queue.
2025-04-16 14:17:42.444 - RealTimeSTT: root - DEBUG - _audio_data_worker writing audio data into queue.
2025-04-16 14:17:43.468 - RealTimeSTT: root - DEBUG - _audio_data_worker writing audio data into queue.
2025-04-16 14:17:44.492 - RealTimeSTT: root - DEBUG - _audio_data_worker writing audio data into queue.
2025-04-16 14:17:45.516 - RealTimeSTT: root - DEBUG - _audio_data_worker writing audio data into queue.
2025-04-16 14:17:46.540 - RealTimeSTT: root - DEBUG - _audio_data_worker writing audio data into queue.
2025-04-16 14:17:47.564 - RealTimeSTT: root - DEBUG - _audio_data_worker writing audio data into queue.
2025-04-16 14:17:48.588 - RealTimeSTT: root - DEBUG - _audio_data_worker writing audio data into queue.
2025-04-16 14:17:49.612 - RealTimeSTT: root - DEBUG - _audio_data_worker writing audio data into queue.
2025-04-16 14:17:50.636 - RealTimeSTT: root - DEBUG - _audio_data_worker writing audio data into queue.
2025-04-16 14:17:51.660 - RealTimeSTT: root - DEBUG - _audio_data_worker writing audio data into queue.
2025-04-16 14:17:52.684 - RealTimeSTT: root - DEBUG - _audio_data_worker writing audio data into queue.
2025-04-16 14:17:53.708 - RealTimeSTT: root - DEBUG - _audio_data_worker writing audio data into queue.
2025-04-16 14:17:54.732 - RealTimeSTT: root - DEBUG - _audio_data_worker writing audio data into queue.
2025-04-16 14:17:55.756 - RealTimeSTT: root - DEBUG - _audio_data_worker writing audio data into queue.
2025-04-16 14:17:56.780 - RealTimeSTT: root - DEBUG - _audio_data_worker writing audio data into queue.
2025-04-16 14:17:57.804 - RealTimeSTT: root - DEBUG - _audio_data_worker writing audio data into queue.
2025-04-16 14:17:58.828 - RealTimeSTT: root - DEBUG - _audio_data_worker writing audio data into queue.
2025-04-16 14:17:59.852 - RealTimeSTT: root - DEBUG - _audio_data_worker writing audio data into queue.
2025-04-16 14:18:00.876 - RealTimeSTT: root - DEBUG - _audio_data_worker writing audio data into queue.
2025-04-16 14:18:01.900 - RealTimeSTT: root - DEBUG - _audio_data_worker writing audio data into queue.
2025-04-16 14:18:02.924 - RealTimeSTT: root - DEBUG - _audio_data_worker writing audio data into queue.
2025-04-16 14:18:03.948 - RealTimeSTT: root - DEBUG - _audio_data_worker writing audio data into queue.
2025-04-16 14:18:04.972 - RealTimeSTT: root - DEBUG - _audio_data_worker writing audio data into queue.
2025-04-16 14:18:05.996 - RealTimeSTT: root - DEBUG - _audio_data_worker writing audio data into queue.
2025-04-16 14:18:07.020 - RealTimeSTT: root - DEBUG - _audio_data_worker writing audio data into queue.
2025-04-16 14:18:08.044 - RealTimeSTT: root - DEBUG - _audio_data_worker writing audio data into queue.
2025-04-16 14:18:09.068 - RealTimeSTT: root - DEBUG - _audio_data_worker writing audio data into queue.
2025-04-16 14:18:10.092 - RealTimeSTT: root - DEBUG - _audio_data_worker writing audio data into queue.
2025-04-16 14:18:11.116 - RealTimeSTT: root - DEBUG - _audio_data_worker writing audio data into queue.
2025-04-16 14:18:12.140 - RealTimeSTT: root - DEBUG - _audio_data_worker writing audio data into queue.
2025-04-16 14:18:13.164 - RealTimeSTT: root - DEBUG - _audio_data_worker writing audio data into queue.
2025-04-16 14:18:14.188 - RealTimeSTT: root - DEBUG - _audio_data_worker writing audio data into queue.
2025-04-16 14:18:15.212 - RealTimeSTT: root - DEBUG - _audio_data_worker writing audio data into queue.
2025-04-16 14:18:16.236 - RealTimeSTT: root - DEBUG - _audio_data_worker writing audio data into queue.
2025-04-16 14:18:17.260 - RealTimeSTT: root - DEBUG - _audio_data_worker writing audio data into queue.
2025-04-16 14:18:18.284 - RealTimeSTT: root - DEBUG - _audio_data_worker writing audio data into queue.
2025-04-16 14:18:19.308 - RealTimeSTT: root - DEBUG - _audio_data_worker writing audio data into queue.
2025-04-16 14:18:20.332 - RealTimeSTT: root - DEBUG - _audio_data_worker writing audio data into queue.
2025-04-16 14:18:21.356 - RealTimeSTT: root - DEBUG - _audio_data_worker writing audio data into queue.
2025-04-16 14:18:22.380 - RealTimeSTT: root - DEBUG - _audio_data_worker writing audio data into queue.
2025-04-16 14:18:23.404 - RealTimeSTT: root - DEBUG - _audio_data_worker writing audio data into queue.
2025-04-16 14:18:24.428 - RealTimeSTT: root - DEBUG - _audio_data_worker writing audio data into queue.
2025-04-16 14:18:25.452 - RealTimeSTT: root - DEBUG - _audio_data_worker writing audio data into queue.
2025-04-16 14:18:26.476 - RealTimeSTT: root - DEBUG - _audio_data_worker writing audio data into queue.
2025-04-16 14:18:27.500 - RealTimeSTT: root - DEBUG - _audio_data_worker writing audio data into queue.
2025-04-16 14:18:28.524 - RealTimeSTT: root - DEBUG - _audio_data_worker writing audio data into queue.
2025-04-16 14:18:29.548 - RealTimeSTT: root - DEBUG - _audio_data_worker writing audio data into queue.
2025-04-16 14:18:30.572 - RealTimeSTT: root - DEBUG - _audio_data_worker writing audio data into queue.
2025-04-16 14:18:31.596 - RealTimeSTT: root - DEBUG - _audio_data_worker writing audio data into queue.
2025-04-16 14:18:32.620 - RealTimeSTT: root - DEBUG - _audio_data_worker writing audio data into queue.
2025-04-16 14:18:33.644 - RealTimeSTT: root - DEBUG - _audio_data_worker writing audio data into queue.
2025-04-16 14:18:34.668 - RealTimeSTT: root - DEBUG - _audio_data_worker writing audio data into queue.
2025-04-16 14:18:35.692 - RealTimeSTT: root - DEBUG - _audio_data_worker writing audio data into queue.
2025-04-16 14:18:36.716 - RealTimeSTT: root - DEBUG - _audio_data_worker writing audio data into queue.
2025-04-16 14:18:37.740 - RealTimeSTT: root - DEBUG - _audio_data_worker writing audio data into queue.
2025-04-16 14:18:38.764 - RealTimeSTT: root - DEBUG - _audio_data_worker writing audio data into queue.
2025-04-16 14:18:39.788 - RealTimeSTT: root - DEBUG - _audio_data_worker writing audio data into queue.
2025-04-16 14:18:40.812 - RealTimeSTT: root - DEBUG - _audio_data_worker writing audio data into queue.
2025-04-16 14:18:41.836 - RealTimeSTT: root - DEBUG - _audio_data_worker writing audio data into queue.
2025-04-16 14:18:42.860 - RealTimeSTT: root - DEBUG - _audio_data_worker writing audio data into queue.
2025-04-16 14:18:43.884 - RealTimeSTT: root - DEBUG - _audio_data_worker writing audio data into queue.
2025-04-16 14:18:44.908 - RealTimeSTT: root - DEBUG - _audio_data_worker writing audio data into queue.
2025-04-16 14:18:45.932 - RealTimeSTT: root - DEBUG - _audio_data_worker writing audio data into queue.
2025-04-16 14:18:46.956 - RealTimeSTT: root - DEBUG - _audio_data_worker writing audio data into queue.
2025-04-16 14:18:47.980 - RealTimeSTT: root - DEBUG - _audio_data_worker writing audio data into queue.
2025-04-16 14:18:49.004 - RealTimeSTT: root - DEBUG - _audio_data_worker writing audio data into queue.
2025-04-16 14:18:50.028 - RealTimeSTT: root - DEBUG - _audio_data_worker writing audio data into queue.
2025-04-16 14:18:51.052 - RealTimeSTT: root - DEBUG - _audio_data_worker writing audio data into queue.
2025-04-16 14:18:52.076 - RealTimeSTT: root - DEBUG - _audio_data_worker writing audio data into queue.
2025-04-16 14:18:53.100 - RealTimeSTT: root - DEBUG - _audio_data_worker writing audio data into queue.
2025-04-16 14:18:54.124 - RealTimeSTT: root - DEBUG - _audio_data_worker writing audio data into queue.
2025-04-16 14:18:55.148 - RealTimeSTT: root - DEBUG - _audio_data_worker writing audio data into queue.
2025-04-16 14:18:56.172 - RealTimeSTT: root - DEBUG - _audio_data_worker writing audio data into queue.
2025-04-16 14:18:57.196 - RealTimeSTT: root - DEBUG - _audio_data_worker writing audio data into queue.
2025-04-16 14:18:58.220 - RealTimeSTT: root - DEBUG - _audio_data_worker writing audio data into queue.
2025-04-16 14:18:59.244 - RealTimeSTT: root - DEBUG - _audio_data_worker writing audio data into queue.
2025-04-16 14:19:00.268 - RealTimeSTT: root - DEBUG - _audio_data_worker writing audio data into queue.
2025-04-16 14:19:01.292 - RealTimeSTT: root - DEBUG - _audio_data_worker writing audio data into queue.
2025-04-16 14:19:02.316 - RealTimeSTT: root - DEBUG - _audio_data_worker writing audio data into queue.
2025-04-16 14:19:03.340 - RealTimeSTT: root - DEBUG - _audio_data_worker writing audio data into queue.
2025-04-16 14:19:04.364 - RealTimeSTT: root - DEBUG - _audio_data_worker writing audio data into queue.
2025-04-16 14:19:05.388 - RealTimeSTT: root - DEBUG - _audio_data_worker writing audio data into queue.
2025-04-16 14:19:06.412 - RealTimeSTT: root - DEBUG - _audio_data_worker writing audio data into queue.
2025-04-16 14:19:07.436 - RealTimeSTT: root - DEBUG - _audio_data_worker writing audio data into queue.
2025-04-16 14:19:08.460 - RealTimeSTT: root - DEBUG - _audio_data_worker writing audio data into queue.
2025-04-16 14:19:09.484 - RealTimeSTT: root - DEBUG - _audio_data_worker writing audio data into queue.
2025-04-16 14:19:10.508 - RealTimeSTT: root - DEBUG - _audio_data_worker writing audio data into queue.
2025-04-16 14:19:11.532 - RealTimeSTT: root - DEBUG - _audio_data_worker writing audio data into queue.
2025-04-16 14:19:12.556 - RealTimeSTT: root - DEBUG - _audio_data_worker writing audio data into queue.
2025-04-16 14:19:13.580 - RealTimeSTT: root - DEBUG - _audio_data_worker writing audio data into queue.
2025-04-16 14:19:14.604 - RealTimeSTT: root - DEBUG - _audio_data_worker writing audio data into queue.
2025-04-16 14:19:15.628 - RealTimeSTT: root - DEBUG - _audio_data_worker writing audio data into queue.
2025-04-16 14:19:16.652 - RealTimeSTT: root - DEBUG - _audio_data_worker writing audio data into queue.
2025-04-16 14:19:17.676 - RealTimeSTT: root - DEBUG - _audio_data_worker writing audio data into queue.
2025-04-16 14:19:18.700 - RealTimeSTT: root - DEBUG - _audio_data_worker writing audio data into queue.
2025-04-16 14:19:19.724 - RealTimeSTT: root - DEBUG - _audio_data_worker writing audio data into queue.
2025-04-16 14:19:20.748 - RealTimeSTT: root - DEBUG - _audio_data_worker writing audio data into queue.
2025-04-16 14:19:21.772 - RealTimeSTT: root - DEBUG - _audio_data_worker writing audio data into queue.
2025-04-16 14:19:22.796 - RealTimeSTT: root - DEBUG - _audio_data_worker writing audio data into queue.
2025-04-16 14:19:23.820 - RealTimeSTT: root - DEBUG - _audio_data_worker writing audio data into queue.
2025-04-16 14:19:24.844 - RealTimeSTT: root - DEBUG - _audio_data_worker writing audio data into queue.
2025-04-16 14:19:25.868 - RealTimeSTT: root - DEBUG - _audio_data_worker writing audio data into queue.
2025-04-16 14:19:26.892 - RealTimeSTT: root - DEBUG - _audio_data_worker writing audio data into queue.
2025-04-16 14:19:27.916 - RealTimeSTT: root - DEBUG - _audio_data_worker writing audio data into queue.
2025-04-16 14:19:28.940 - RealTimeSTT: root - DEBUG - _audio_data_worker writing audio data into queue.
2025-04-16 14:19:29.964 - RealTimeSTT: root - DEBUG - _audio_data_worker writing audio data into queue.
2025-04-16 14:19:30.988 - RealTimeSTT: root - DEBUG - _audio_data_worker writing audio data into queue.
2025-04-16 14:19:32.011 - RealTimeSTT: root - DEBUG - _audio_data_worker writing audio data into queue.
2025-04-16 14:19:33.035 - RealTimeSTT: root - DEBUG - _audio_data_worker writing audio data into queue.
2025-04-16 14:19:34.059 - RealTimeSTT: root - DEBUG - _audio_data_worker writing audio data into queue.
2025-04-16 14:19:35.083 - RealTimeSTT: root - DEBUG - _audio_data_worker writing audio data into queue.
2025-04-16 14:19:36.107 - RealTimeSTT: root - DEBUG - _audio_data_worker writing audio data into queue.
2025-04-16 14:19:37.131 - RealTimeSTT: root - DEBUG - _audio_data_worker writing audio data into queue.
2025-04-16 14:19:38.155 - RealTimeSTT: root - DEBUG - _audio_data_worker writing audio data into queue.
2025-04-16 14:19:39.179 - RealTimeSTT: root - DEBUG - _audio_data_worker writing audio data into queue.
2025-04-16 14:19:40.203 - RealTimeSTT: root - DEBUG - _audio_data_worker writing audio data into queue.
2025-04-16 14:19:41.227 - RealTimeSTT: root - DEBUG - _audio_data_worker writing audio data into queue.
2025-04-16 14:19:42.251 - RealTimeSTT: root - DEBUG - _audio_data_worker writing audio data into queue.
2025-04-16 14:19:43.275 - RealTimeSTT: root - DEBUG - _audio_data_worker writing audio data into queue.
2025-04-16 14:19:44.299 - RealTimeSTT: root - DEBUG - _audio_data_worker writing audio data into queue.
2025-04-16 14:19:45.323 - RealTimeSTT: root - DEBUG - _audio_data_worker writing audio data into queue.
2025-04-16 14:19:46.347 - RealTimeSTT: root - DEBUG - _audio_data_worker writing audio data into queue.
2025-04-16 14:19:47.371 - RealTimeSTT: root - DEBUG - _audio_data_worker writing audio data into queue.
2025-04-16 14:19:48.395 - RealTimeSTT: root - DEBUG - _audio_data_worker writing audio data into queue.
2025-04-16 14:19:49.419 - RealTimeSTT: root - DEBUG - _audio_data_worker writing audio data into queue.
2025-04-16 14:19:50.443 - RealTimeSTT: root - DEBUG - _audio_data_worker writing audio data into queue.
2025-04-16 14:19:51.467 - RealTimeSTT: root - DEBUG - _audio_data_worker writing audio data into queue.
2025-04-16 14:19:52.491 - RealTimeSTT: root - DEBUG - _audio_data_worker writing audio data into queue.
2025-04-16 14:19:53.515 - RealTimeSTT: root - DEBUG - _audio_data_worker writing audio data into queue.
2025-04-16 14:19:54.539 - RealTimeSTT: root - DEBUG - _audio_data_worker writing audio data into queue.
2025-04-16 14:19:55.563 - RealTimeSTT: root - DEBUG - _audio_data_worker writing audio data into queue.
2025-04-16 14:19:56.587 - RealTimeSTT: root - DEBUG - _audio_data_worker writing audio data into queue.
2025-04-16 14:19:57.611 - RealTimeSTT: root - DEBUG - _audio_data_worker writing audio data into queue.
2025-04-16 14:19:58.635 - RealTimeSTT: root - DEBUG - _audio_data_worker writing audio data into queue.
2025-04-16 14:19:59.659 - RealTimeSTT: root - DEBUG - _audio_data_worker writing audio data into queue.
2025-04-16 14:20:00.683 - RealTimeSTT: root - DEBUG - _audio_data_worker writing audio data into queue.
2025-04-16 14:20:01.707 - RealTimeSTT: root - DEBUG - _audio_data_worker writing audio data into queue.
2025-04-16 14:20:02.731 - RealTimeSTT: root - DEBUG - _audio_data_worker writing audio data into queue.
2025-04-16 14:20:03.755 - RealTimeSTT: root - DEBUG - _audio_data_worker writing audio data into queue.
2025-04-16 14:20:04.779 - RealTimeSTT: root - DEBUG - _audio_data_worker writing audio data into queue.
2025-04-16 14:20:05.803 - RealTimeSTT: root - DEBUG - _audio_data_worker writing audio data into queue.
2025-04-16 14:20:06.827 - RealTimeSTT: root - DEBUG - _audio_data_worker writing audio data into queue.
2025-04-16 14:20:07.851 - RealTimeSTT: root - DEBUG - _audio_data_worker writing audio data into queue.
2025-04-16 14:20:08.875 - RealTimeSTT: root - DEBUG - _audio_data_worker writing audio data into queue.
2025-04-16 14:20:09.899 - RealTimeSTT: root - DEBUG - _audio_data_worker writing audio data into queue.
2025-04-16 14:20:10.923 - RealTimeSTT: root - DEBUG - _audio_data_worker writing audio data into queue.
2025-04-16 14:20:11.947 - RealTimeSTT: root - DEBUG - _audio_data_worker writing audio data into queue.
2025-04-16 14:20:12.971 - RealTimeSTT: root - DEBUG - _audio_data_worker writing audio data into queue.
2025-04-16 14:20:13.995 - RealTimeSTT: root - DEBUG - _audio_data_worker writing audio data into queue.
2025-04-16 14:20:15.019 - RealTimeSTT: root - DEBUG - _audio_data_worker writing audio data into queue.
2025-04-16 14:20:16.043 - RealTimeSTT: root - DEBUG - _audio_data_worker writing audio data into queue.
2025-04-16 14:20:17.067 - RealTimeSTT: root - DEBUG - _audio_data_worker writing audio data into queue.
2025-04-16 14:20:18.091 - RealTimeSTT: root - DEBUG - _audio_data_worker writing audio data into queue.
2025-04-16 14:20:19.115 - RealTimeSTT: root - DEBUG - _audio_data_worker writing audio data into queue.
2025-04-16 14:20:20.139 - RealTimeSTT: root - DEBUG - _audio_data_worker writing audio data into queue.
2025-04-16 14:20:21.163 - RealTimeSTT: root - DEBUG - _audio_data_worker writing audio data into queue.
2025-04-16 14:20:22.187 - RealTimeSTT: root - DEBUG - _audio_data_worker writing audio data into queue.
2025-04-16 14:20:23.211 - RealTimeSTT: root - DEBUG - _audio_data_worker writing audio data into queue.
2025-04-16 14:20:24.235 - RealTimeSTT: root - DEBUG - _audio_data_worker writing audio data into queue.
2025-04-16 14:20:25.259 - RealTimeSTT: root - DEBUG - _audio_data_worker writing audio data into queue.
2025-04-16 14:20:26.283 - RealTimeSTT: root - DEBUG - _audio_data_worker writing audio data into queue.
2025-04-16 14:20:27.307 - RealTimeSTT: root - DEBUG - _audio_data_worker writing audio data into queue.
2025-04-16 14:20:28.331 - RealTimeSTT: root - DEBUG - _audio_data_worker writing audio data into queue.
2025-04-16 14:20:29.355 - RealTimeSTT: root - DEBUG - _audio_data_worker writing audio data into queue.
2025-04-16 14:20:30.379 - RealTimeSTT: root - DEBUG - _audio_data_worker writing audio data into queue.
2025-04-16 14:20:31.403 - RealTimeSTT: root - DEBUG - _audio_data_worker writing audio data into queue.
2025-04-16 14:20:32.427 - RealTimeSTT: root - DEBUG - _audio_data_worker writing audio data into queue.
2025-04-16 14:20:33.451 - RealTimeSTT: root - DEBUG - _audio_data_worker writing audio data into queue.
2025-04-16 14:20:34.475 - RealTimeSTT: root - DEBUG - _audio_data_worker writing audio data into queue.
2025-04-16 14:20:35.499 - RealTimeSTT: root - DEBUG - _audio_data_worker writing audio data into queue.
2025-04-16 14:20:36.523 - RealTimeSTT: root - DEBUG - _audio_data_worker writing audio data into queue.
2025-04-16 14:20:37.547 - RealTimeSTT: root - DEBUG - _audio_data_worker writing audio data into queue.
2025-04-16 14:20:38.571 - RealTimeSTT: root - DEBUG - _audio_data_worker writing audio data into queue.
2025-04-16 14:20:39.595 - RealTimeSTT: root - DEBUG - _audio_data_worker writing audio data into queue.
2025-04-16 14:20:40.619 - RealTimeSTT: root - DEBUG - _audio_data_worker writing audio data into queue.
2025-04-16 14:20:41.643 - RealTimeSTT: root - DEBUG - _audio_data_worker writing audio data into queue.
2025-04-16 14:20:42.667 - RealTimeSTT: root - DEBUG - _audio_data_worker writing audio data into queue.
2025-04-16 14:20:43.691 - RealTimeSTT: root - DEBUG - _audio_data_worker writing audio data into queue.
2025-04-16 14:20:44.715 - RealTimeSTT: root - DEBUG - _audio_data_worker writing audio data into queue.
2025-04-16 14:20:45.739 - RealTimeSTT: root - DEBUG - _audio_data_worker writing audio data into queue.
2025-04-16 14:20:46.763 - RealTimeSTT: root - DEBUG - _audio_data_worker writing audio data into queue.
2025-04-16 14:20:47.787 - RealTimeSTT: root - DEBUG - _audio_data_worker writing audio data into queue.
2025-04-16 14:20:48.811 - RealTimeSTT: root - DEBUG - _audio_data_worker writing audio data into queue.
2025-04-16 14:20:49.835 - RealTimeSTT: root - DEBUG - _audio_data_worker writing audio data into queue.
2025-04-16 14:20:50.859 - RealTimeSTT: root - DEBUG - _audio_data_worker writing audio data into queue.
2025-04-16 14:20:51.883 - RealTimeSTT: root - DEBUG - _audio_data_worker writing audio data into queue.
2025-04-16 14:20:52.907 - RealTimeSTT: root - DEBUG - _audio_data_worker writing audio data into queue.
2025-04-16 14:20:53.931 - RealTimeSTT: root - DEBUG - _audio_data_worker writing audio data into queue.
2025-04-16 14:20:54.955 - RealTimeSTT: root - DEBUG - _audio_data_worker writing audio data into queue.
2025-04-16 14:20:55.979 - RealTimeSTT: root - DEBUG - _audio_data_worker writing audio data into queue.
2025-04-16 14:20:57.003 - RealTimeSTT: root - DEBUG - _audio_data_worker writing audio data into queue.
2025-04-16 14:20:58.027 - RealTimeSTT: root - DEBUG - _audio_data_worker writing audio data into queue.
2025-04-16 14:20:59.051 - RealTimeSTT: root - DEBUG - _audio_data_worker writing audio data into queue.
2025-04-16 14:21:00.075 - RealTimeSTT: root - DEBUG - _audio_data_worker writing audio data into queue.
2025-04-16 14:21:01.099 - RealTimeSTT: root - DEBUG - _audio_data_worker writing audio data into queue.
2025-04-16 14:21:02.123 - RealTimeSTT: root - DEBUG - _audio_data_worker writing audio data into queue.
2025-04-16 14:21:03.147 - RealTimeSTT: root - DEBUG - _audio_data_worker writing audio data into queue.
2025-04-16 14:21:04.171 - RealTimeSTT: root - DEBUG - _audio_data_worker writing audio data into queue.
2025-04-16 14:21:05.195 - RealTimeSTT: root - DEBUG - _audio_data_worker writing audio data into queue.
2025-04-16 14:21:06.219 - RealTimeSTT: root - DEBUG - _audio_data_worker writing audio data into queue.
2025-04-16 14:21:07.243 - RealTimeSTT: root - DEBUG - _audio_data_worker writing audio data into queue.
2025-04-16 14:21:08.267 - RealTimeSTT: root - DEBUG - _audio_data_worker writing audio data into queue.
2025-04-16 14:21:09.291 - RealTimeSTT: root - DEBUG - _audio_data_worker writing audio data into queue.
2025-04-16 14:21:10.315 - RealTimeSTT: root - DEBUG - _audio_data_worker writing audio data into queue.
2025-04-16 14:21:11.339 - RealTimeSTT: root - DEBUG - _audio_data_worker writing audio data into queue.
2025-04-16 14:21:12.363 - RealTimeSTT: root - DEBUG - _audio_data_worker writing audio data into queue.
2025-04-16 14:21:13.387 - RealTimeSTT: root - DEBUG - _audio_data_worker writing audio data into queue.
2025-04-16 14:21:14.411 - RealTimeSTT: root - DEBUG - _audio_data_worker writing audio data into queue.
2025-04-16 14:21:15.435 - RealTimeSTT: root - DEBUG - _audio_data_worker writing audio data into queue.
2025-04-16 14:21:16.459 - RealTimeSTT: root - DEBUG - _audio_data_worker writing audio data into queue.
2025-04-16 14:21:17.483 - RealTimeSTT: root - DEBUG - _audio_data_worker writing audio data into queue.
2025-04-16 14:21:18.507 - RealTimeSTT: root - DEBUG - _audio_data_worker writing audio data into queue.
2025-04-16 14:21:19.531 - RealTimeSTT: root - DEBUG - _audio_data_worker writing audio data into queue.
2025-04-16 14:21:20.555 - RealTimeSTT: root - DEBUG - _audio_data_worker writing audio data into queue.
2025-04-16 14:21:21.579 - RealTimeSTT: root - DEBUG - _audio_data_worker writing audio data into queue.
2025-04-16 14:21:22.603 - RealTimeSTT: root - DEBUG - _audio_data_worker writing audio data into queue.
2025-04-16 14:21:23.627 - RealTimeSTT: root - DEBUG - _audio_data_worker writing audio data into queue.
2025-04-16 14:21:24.651 - RealTimeSTT: root - DEBUG - _audio_data_worker writing audio data into queue.
2025-04-16 14:21:25.675 - RealTimeSTT: root - DEBUG - _audio_data_worker writing audio data into queue.
2025-04-16 14:21:26.699 - RealTimeSTT: root - DEBUG - _audio_data_worker writing audio data into queue.
2025-04-16 14:21:27.723 - RealTimeSTT: root - DEBUG - _audio_data_worker writing audio data into queue.
2025-04-16 14:21:28.747 - RealTimeSTT: root - DEBUG - _audio_data_worker writing audio data into queue.
2025-04-16 14:21:29.771 - RealTimeSTT: root - DEBUG - _audio_data_worker writing audio data into queue.
2025-04-16 14:21:30.795 - RealTimeSTT: root - DEBUG - _audio_data_worker writing audio data into queue.
2025-04-16 14:21:31.819 - RealTimeSTT: root - DEBUG - _audio_data_worker writing audio data into queue.
2025-04-16 14:21:32.843 - RealTimeSTT: root - DEBUG - _audio_data_worker writing audio data into queue.
2025-04-16 14:21:33.867 - RealTimeSTT: root - DEBUG - _audio_data_worker writing audio data into queue.
2025-04-16 14:21:34.891 - RealTimeSTT: root - DEBUG - _audio_data_worker writing audio data into queue.
2025-04-16 14:21:35.915 - RealTimeSTT: root - DEBUG - _audio_data_worker writing audio data into queue.
2025-04-16 14:21:36.939 - RealTimeSTT: root - DEBUG - _audio_data_worker writing audio data into queue.
2025-04-16 14:21:37.963 - RealTimeSTT: root - DEBUG - _audio_data_worker writing audio data into queue.
2025-04-16 14:21:38.987 - RealTimeSTT: root - DEBUG - _audio_data_worker writing audio data into queue.
2025-04-16 14:21:40.011 - RealTimeSTT: root - DEBUG - _audio_data_worker writing audio data into queue.
2025-04-16 14:21:41.035 - RealTimeSTT: root - DEBUG - _audio_data_worker writing audio data into queue.
2025-04-16 14:21:42.059 - RealTimeSTT: root - DEBUG - _audio_data_worker writing audio data into queue.
2025-04-16 14:21:43.083 - RealTimeSTT: root - DEBUG - _audio_data_worker writing audio data into queue.
2025-04-16 14:21:44.107 - RealTimeSTT: root - DEBUG - _audio_data_worker writing audio data into queue.
2025-04-16 14:21:45.131 - RealTimeSTT: root - DEBUG - _audio_data_worker writing audio data into queue.
2025-04-16 14:21:46.155 - RealTimeSTT: root - DEBUG - _audio_data_worker writing audio data into queue.
2025-04-16 14:21:47.179 - RealTimeSTT: root - DEBUG - _audio_data_worker writing audio data into queue.
2025-04-16 14:21:48.203 - RealTimeSTT: root - DEBUG - _audio_data_worker writing audio data into queue.
2025-04-16 14:21:49.227 - RealTimeSTT: root - DEBUG - _audio_data_worker writing audio data into queue.
2025-04-16 14:21:50.251 - RealTimeSTT: root - DEBUG - _audio_data_worker writing audio data into queue.
2025-04-16 14:21:51.275 - RealTimeSTT: root - DEBUG - _audio_data_worker writing audio data into queue.
2025-04-16 14:21:52.299 - RealTimeSTT: root - DEBUG - _audio_data_worker writing audio data into queue.
2025-04-16 14:21:53.323 - RealTimeSTT: root - DEBUG - _audio_data_worker writing audio data into queue.
2025-04-16 14:21:54.347 - RealTimeSTT: root - DEBUG - _audio_data_worker writing audio data into queue.
2025-04-16 14:21:55.371 - RealTimeSTT: root - DEBUG - _audio_data_worker writing audio data into queue.
2025-04-16 14:21:56.395 - RealTimeSTT: root - DEBUG - _audio_data_worker writing audio data into queue.
2025-04-16 14:21:57.419 - RealTimeSTT: root - DEBUG - _audio_data_worker writing audio data into queue.
2025-04-16 14:21:58.443 - RealTimeSTT: root - DEBUG - _audio_data_worker writing audio data into queue.
2025-04-16 14:21:59.467 - RealTimeSTT: root - DEBUG - _audio_data_worker writing audio data into queue.
2025-04-16 14:22:00.491 - RealTimeSTT: root - DEBUG - _audio_data_worker writing audio data into queue.
2025-04-16 14:22:01.515 - RealTimeSTT: root - DEBUG - _audio_data_worker writing audio data into queue.
2025-04-16 14:22:02.538 - RealTimeSTT: root - DEBUG - _audio_data_worker writing audio data into queue.
2025-04-16 14:22:03.562 - RealTimeSTT: root - DEBUG - _audio_data_worker writing audio data into queue.
2025-04-16 14:22:04.586 - RealTimeSTT: root - DEBUG - _audio_data_worker writing audio data into queue.
2025-04-16 14:22:05.610 - RealTimeSTT: root - DEBUG - _audio_data_worker writing audio data into queue.
2025-04-16 14:22:06.634 - RealTimeSTT: root - DEBUG - _audio_data_worker writing audio data into queue.
2025-04-16 14:22:07.658 - RealTimeSTT: root - DEBUG - _audio_data_worker writing audio data into queue.
2025-04-16 14:22:08.682 - RealTimeSTT: root - DEBUG - _audio_data_worker writing audio data into queue.
2025-04-16 14:22:09.706 - RealTimeSTT: root - DEBUG - _audio_data_worker writing audio data into queue.
2025-04-16 14:22:10.730 - RealTimeSTT: root - DEBUG - _audio_data_worker writing audio data into queue.
2025-04-16 14:22:11.754 - RealTimeSTT: root - DEBUG - _audio_data_worker writing audio data into queue.
2025-04-16 14:22:12.778 - RealTimeSTT: root - DEBUG - _audio_data_worker writing audio data into queue.
2025-04-16 14:22:13.802 - RealTimeSTT: root - DEBUG - _audio_data_worker writing audio data into queue.
2025-04-16 14:22:14.826 - RealTimeSTT: root - DEBUG - _audio_data_worker writing audio data into queue.
2025-04-16 14:22:15.850 - RealTimeSTT: root - DEBUG - _audio_data_worker writing audio data into queue.
2025-04-16 14:22:16.874 - RealTimeSTT: root - DEBUG - _audio_data_worker writing audio data into queue.
2025-04-16 14:22:17.898 - RealTimeSTT: root - DEBUG - _audio_data_worker writing audio data into queue.
2025-04-16 14:22:18.922 - RealTimeSTT: root - DEBUG - _audio_data_worker writing audio data into queue.
2025-04-16 14:22:19.946 - RealTimeSTT: root - DEBUG - _audio_data_worker writing audio data into queue.
2025-04-16 14:22:20.970 - RealTimeSTT: root - DEBUG - _audio_data_worker writing audio data into queue.
2025-04-16 14:22:21.994 - RealTimeSTT: root - DEBUG - _audio_data_worker writing audio data into queue.
2025-04-16 14:22:23.018 - RealTimeSTT: root - DEBUG - _audio_data_worker writing audio data into queue.
2025-04-16 14:22:24.042 - RealTimeSTT: root - DEBUG - _audio_data_worker writing audio data into queue.
2025-04-16 14:22:25.066 - RealTimeSTT: root - DEBUG - _audio_data_worker writing audio data into queue.
2025-04-16 14:22:26.090 - RealTimeSTT: root - DEBUG - _audio_data_worker writing audio data into queue.
2025-04-16 14:22:27.114 - RealTimeSTT: root - DEBUG - _audio_data_worker writing audio data into queue.
2025-04-16 14:22:28.138 - RealTimeSTT: root - DEBUG - _audio_data_worker writing audio data into queue.
2025-04-16 14:22:29.162 - RealTimeSTT: root - DEBUG - _audio_data_worker writing audio data into queue.
2025-04-16 14:22:30.186 - RealTimeSTT: root - DEBUG - _audio_data_worker writing audio data into queue.
2025-04-16 14:22:31.210 - RealTimeSTT: root - DEBUG - _audio_data_worker writing audio data into queue.
2025-04-16 14:22:32.234 - RealTimeSTT: root - DEBUG - _audio_data_worker writing audio data into queue.
2025-04-16 14:22:33.258 - RealTimeSTT: root - DEBUG - _audio_data_worker writing audio data into queue.
2025-04-16 14:22:34.282 - RealTimeSTT: root - DEBUG - _audio_data_worker writing audio data into queue.
2025-04-16 14:22:35.306 - RealTimeSTT: root - DEBUG - _audio_data_worker writing audio data into queue.
2025-04-16 14:22:36.330 - RealTimeSTT: root - DEBUG - _audio_data_worker writing audio data into queue.
2025-04-16 14:22:37.354 - RealTimeSTT: root - DEBUG - _audio_data_worker writing audio data into queue.
2025-04-16 14:22:38.378 - RealTimeSTT: root - DEBUG - _audio_data_worker writing audio data into queue.
2025-04-16 14:22:39.402 - RealTimeSTT: root - DEBUG - _audio_data_worker writing audio data into queue.
2025-04-16 14:22:40.426 - RealTimeSTT: root - DEBUG - _audio_data_worker writing audio data into queue.
2025-04-16 14:22:41.450 - RealTimeSTT: root - DEBUG - _audio_data_worker writing audio data into queue.
2025-04-16 14:22:42.474 - RealTimeSTT: root - DEBUG - _audio_data_worker writing audio data into queue.
2025-04-16 14:22:43.498 - RealTimeSTT: root - DEBUG - _audio_data_worker writing audio data into queue.
2025-04-16 14:22:44.522 - RealTimeSTT: root - DEBUG - _audio_data_worker writing audio data into queue.
2025-04-16 14:22:45.546 - RealTimeSTT: root - DEBUG - _audio_data_worker writing audio data into queue.
2025-04-16 14:22:46.570 - RealTimeSTT: root - DEBUG - _audio_data_worker writing audio data into queue.
2025-04-16 14:22:47.594 - RealTimeSTT: root - DEBUG - _audio_data_worker writing audio data into queue.
2025-04-16 14:22:48.618 - RealTimeSTT: root - DEBUG - _audio_data_worker writing audio data into queue.
2025-04-16 14:22:49.642 - RealTimeSTT: root - DEBUG - _audio_data_worker writing audio data into queue.
2025-04-16 14:22:50.666 - RealTimeSTT: root - DEBUG - _audio_data_worker writing audio data into queue.
2025-04-16 14:22:51.690 - RealTimeSTT: root - DEBUG - _audio_data_worker writing audio data into queue.
2025-04-16 14:22:52.714 - RealTimeSTT: root - DEBUG - _audio_data_worker writing audio data into queue.
2025-04-16 14:22:53.738 - RealTimeSTT: root - DEBUG - _audio_data_worker writing audio data into queue.
2025-04-16 14:22:54.762 - RealTimeSTT: root - DEBUG - _audio_data_worker writing audio data into queue.
2025-04-16 14:22:55.786 - RealTimeSTT: root - DEBUG - _audio_data_worker writing audio data into queue.
2025-04-16 14:22:56.810 - RealTimeSTT: root - DEBUG - _audio_data_worker writing audio data into queue.
2025-04-16 14:22:57.834 - RealTimeSTT: root - DEBUG - _audio_data_worker writing audio data into queue.
2025-04-16 14:22:58.858 - RealTimeSTT: root - DEBUG - _audio_data_worker writing audio data into queue.
2025-04-16 14:22:59.882 - RealTimeSTT: root - DEBUG - _audio_data_worker writing audio data into queue.
2025-04-16 14:23:00.906 - RealTimeSTT: root - DEBUG - _audio_data_worker writing audio data into queue.
2025-04-16 14:23:01.930 - RealTimeSTT: root - DEBUG - _audio_data_worker writing audio data into queue.
2025-04-16 14:23:02.954 - RealTimeSTT: root - DEBUG - _audio_data_worker writing audio data into queue.
2025-04-16 14:23:03.978 - RealTimeSTT: root - DEBUG - _audio_data_worker writing audio data into queue.
2025-04-16 14:23:05.002 - RealTimeSTT: root - DEBUG - _audio_data_worker writing audio data into queue.
2025-04-16 14:23:06.026 - RealTimeSTT: root - DEBUG - _audio_data_worker writing audio data into queue.
2025-04-16 14:23:07.050 - RealTimeSTT: root - DEBUG - _audio_data_worker writing audio data into queue.
2025-04-16 14:23:08.074 - RealTimeSTT: root - DEBUG - _audio_data_worker writing audio data into queue.
2025-04-16 14:23:09.098 - RealTimeSTT: root - DEBUG - _audio_data_worker writing audio data into queue.
2025-04-16 14:23:10.122 - RealTimeSTT: root - DEBUG - _audio_data_worker writing audio data into queue.
2025-04-16 14:23:11.146 - RealTimeSTT: root - DEBUG - _audio_data_worker writing audio data into queue.
2025-04-16 14:23:12.170 - RealTimeSTT: root - DEBUG - _audio_data_worker writing audio data into queue.
2025-04-16 14:23:13.194 - RealTimeSTT: root - DEBUG - _audio_data_worker writing audio data into queue.
2025-04-16 14:23:14.218 - RealTimeSTT: root - DEBUG - _audio_data_worker writing audio data into queue.
2025-04-16 14:23:15.242 - RealTimeSTT: root - DEBUG - _audio_data_worker writing audio data into queue.
2025-04-16 14:23:16.266 - RealTimeSTT: root - DEBUG - _audio_data_worker writing audio data into queue.
2025-04-16 14:23:17.290 - RealTimeSTT: root - DEBUG - _audio_data_worker writing audio data into queue.
2025-04-16 14:23:18.314 - RealTimeSTT: root - DEBUG - _audio_data_worker writing audio data into queue.
2025-04-16 14:23:19.338 - RealTimeSTT: root - DEBUG - _audio_data_worker writing audio data into queue.
2025-04-16 14:23:20.362 - RealTimeSTT: root - DEBUG - _audio_data_worker writing audio data into queue.
2025-04-16 14:23:21.386 - RealTimeSTT: root - DEBUG - _audio_data_worker writing audio data into queue.
2025-04-16 14:23:22.410 - RealTimeSTT: root - DEBUG - _audio_data_worker writing audio data into queue.
2025-04-16 14:23:23.434 - RealTimeSTT: root - DEBUG - _audio_data_worker writing audio data into queue.
2025-04-16 14:23:24.458 - RealTimeSTT: root - DEBUG - _audio_data_worker writing audio data into queue.
2025-04-16 14:23:25.482 - RealTimeSTT: root - DEBUG - _audio_data_worker writing audio data into queue.
2025-04-16 14:23:26.506 - RealTimeSTT: root - DEBUG - _audio_data_worker writing audio data into queue.
2025-04-16 14:23:27.530 - RealTimeSTT: root - DEBUG - _audio_data_worker writing audio data into queue.
2025-04-16 14:23:28.554 - RealTimeSTT: root - DEBUG - _audio_data_worker writing audio data into queue.
2025-04-16 14:23:29.578 - RealTimeSTT: root - DEBUG - _audio_data_worker writing audio data into queue.
2025-04-16 14:23:30.602 - RealTimeSTT: root - DEBUG - _audio_data_worker writing audio data into queue.
2025-04-16 14:23:31.626 - RealTimeSTT: root - DEBUG - _audio_data_worker writing audio data into queue.
2025-04-16 14:23:32.650 - RealTimeSTT: root - DEBUG - _audio_data_worker writing audio data into queue.
2025-04-16 14:23:33.674 - RealTimeSTT: root - DEBUG - _audio_data_worker writing audio data into queue.
2025-04-16 14:23:34.698 - RealTimeSTT: root - DEBUG - _audio_data_worker writing audio data into queue.
2025-04-16 14:23:35.722 - RealTimeSTT: root - DEBUG - _audio_data_worker writing audio data into queue.
2025-04-16 14:23:36.746 - RealTimeSTT: root - DEBUG - _audio_data_worker writing audio data into queue.
2025-04-16 14:23:37.770 - RealTimeSTT: root - DEBUG - _audio_data_worker writing audio data into queue.
2025-04-16 14:23:38.794 - RealTimeSTT: root - DEBUG - _audio_data_worker writing audio data into queue.
2025-04-16 14:23:39.818 - RealTimeSTT: root - DEBUG - _audio_data_worker writing audio data into queue.
2025-04-16 14:23:40.842 - RealTimeSTT: root - DEBUG - _audio_data_worker writing audio data into queue.
2025-04-16 14:23:41.866 - RealTimeSTT: root - DEBUG - _audio_data_worker writing audio data into queue.
2025-04-16 14:23:42.890 - RealTimeSTT: root - DEBUG - _audio_data_worker writing audio data into queue.
2025-04-16 14:23:43.914 - RealTimeSTT: root - DEBUG - _audio_data_worker writing audio data into queue.
2025-04-16 14:23:44.938 - RealTimeSTT: root - DEBUG - _audio_data_worker writing audio data into queue.
2025-04-16 14:23:45.962 - RealTimeSTT: root - DEBUG - _audio_data_worker writing audio data into queue.
2025-04-16 14:23:46.986 - RealTimeSTT: root - DEBUG - _audio_data_worker writing audio data into queue.
2025-04-16 14:23:48.010 - RealTimeSTT: root - DEBUG - _audio_data_worker writing audio data into queue.
2025-04-16 14:23:49.034 - RealTimeSTT: root - DEBUG - _audio_data_worker writing audio data into queue.
2025-04-16 14:23:50.058 - RealTimeSTT: root - DEBUG - _audio_data_worker writing audio data into queue.
2025-04-16 14:23:51.082 - RealTimeSTT: root - DEBUG - _audio_data_worker writing audio data into queue.
2025-04-16 14:23:52.106 - RealTimeSTT: root - DEBUG - _audio_data_worker writing audio data into queue.
2025-04-16 14:23:53.130 - RealTimeSTT: root - DEBUG - _audio_data_worker writing audio data into queue.
2025-04-16 14:23:54.154 - RealTimeSTT: root - DEBUG - _audio_data_worker writing audio data into queue.
2025-04-16 14:23:55.178 - RealTimeSTT: root - DEBUG - _audio_data_worker writing audio data into queue.
2025-04-16 14:23:56.202 - RealTimeSTT: root - DEBUG - _audio_data_worker writing audio data into queue.
2025-04-16 14:23:57.226 - RealTimeSTT: root - DEBUG - _audio_data_worker writing audio data into queue.
2025-04-16 14:23:58.250 - RealTimeSTT: root - DEBUG - _audio_data_worker writing audio data into queue.
2025-04-16 14:23:59.274 - RealTimeSTT: root - DEBUG - _audio_data_worker writing audio data into queue.
2025-04-16 14:24:00.298 - RealTimeSTT: root - DEBUG - _audio_data_worker writing audio data into queue.
2025-04-16 14:24:01.322 - RealTimeSTT: root - DEBUG - _audio_data_worker writing audio data into queue.
2025-04-16 14:24:02.346 - RealTimeSTT: root - DEBUG - _audio_data_worker writing audio data into queue.
2025-04-16 14:24:03.370 - RealTimeSTT: root - DEBUG - _audio_data_worker writing audio data into queue.
2025-04-16 14:24:04.394 - RealTimeSTT: root - DEBUG - _audio_data_worker writing audio data into queue.
2025-04-16 14:24:05.418 - RealTimeSTT: root - DEBUG - _audio_data_worker writing audio data into queue.
2025-04-16 14:24:06.442 - RealTimeSTT: root - DEBUG - _audio_data_worker writing audio data into queue.
2025-04-16 14:24:07.466 - RealTimeSTT: root - DEBUG - _audio_data_worker writing audio data into queue.
2025-04-16 14:24:08.490 - RealTimeSTT: root - DEBUG - _audio_data_worker writing audio data into queue.
2025-04-16 14:24:09.514 - RealTimeSTT: root - DEBUG - _audio_data_worker writing audio data into queue.
2025-04-16 14:24:10.538 - RealTimeSTT: root - DEBUG - _audio_data_worker writing audio data into queue.
2025-04-16 14:24:11.562 - RealTimeSTT: root - DEBUG - _audio_data_worker writing audio data into queue.
2025-04-16 14:24:12.586 - RealTimeSTT: root - DEBUG - _audio_data_worker writing audio data into queue.
2025-04-16 14:24:13.610 - RealTimeSTT: root - DEBUG - _audio_data_worker writing audio data into queue.
2025-04-16 14:24:14.634 - RealTimeSTT: root - DEBUG - _audio_data_worker writing audio data into queue.
2025-04-16 14:24:15.658 - RealTimeSTT: root - DEBUG - _audio_data_worker writing audio data into queue.
2025-04-16 14:24:16.682 - RealTimeSTT: root - DEBUG - _audio_data_worker writing audio data into queue.
2025-04-16 14:24:17.706 - RealTimeSTT: root - DEBUG - _audio_data_worker writing audio data into queue.
2025-04-16 14:24:18.730 - RealTimeSTT: root - DEBUG - _audio_data_worker writing audio data into queue.
2025-04-16 14:24:19.754 - RealTimeSTT: root - DEBUG - _audio_data_worker writing audio data into queue.
2025-04-16 14:24:20.778 - RealTimeSTT: root - DEBUG - _audio_data_worker writing audio data into queue.
2025-04-16 14:24:21.802 - RealTimeSTT: root - DEBUG - _audio_data_worker writing audio data into queue.
2025-04-16 14:24:22.826 - RealTimeSTT: root - DEBUG - _audio_data_worker writing audio data into queue.
2025-04-16 14:24:23.850 - RealTimeSTT: root - DEBUG - _audio_data_worker writing audio data into queue.
2025-04-16 14:24:24.874 - RealTimeSTT: root - DEBUG - _audio_data_worker writing audio data into queue.
2025-04-16 14:24:25.898 - RealTimeSTT: root - DEBUG - _audio_data_worker writing audio data into queue.
2025-04-16 14:24:26.922 - RealTimeSTT: root - DEBUG - _audio_data_worker writing audio data into queue.
2025-04-16 14:24:27.946 - RealTimeSTT: root - DEBUG - _audio_data_worker writing audio data into queue.
2025-04-16 14:24:28.970 - RealTimeSTT: root - DEBUG - _audio_data_worker writing audio data into queue.
2025-04-16 14:24:29.994 - RealTimeSTT: root - DEBUG - _audio_data_worker writing audio data into queue.
2025-04-16 14:24:31.018 - RealTimeSTT: root - DEBUG - _audio_data_worker writing audio data into queue.
2025-04-16 14:24:32.042 - RealTimeSTT: root - DEBUG - _audio_data_worker writing audio data into queue.
2025-04-16 14:24:33.066 - RealTimeSTT: root - DEBUG - _audio_data_worker writing audio data into queue.
2025-04-16 14:24:34.090 - RealTimeSTT: root - DEBUG - _audio_data_worker writing audio data into queue.
2025-04-16 14:24:35.113 - RealTimeSTT: root - DEBUG - _audio_data_worker writing audio data into queue.
2025-04-16 14:24:36.137 - RealTimeSTT: root - DEBUG - _audio_data_worker writing audio data into queue.
2025-04-16 14:24:37.161 - RealTimeSTT: root - DEBUG - _audio_data_worker writing audio data into queue.
2025-04-16 14:24:38.185 - RealTimeSTT: root - DEBUG - _audio_data_worker writing audio data into queue.
2025-04-16 14:24:39.209 - RealTimeSTT: root - DEBUG - _audio_data_worker writing audio data into queue.
2025-04-16 14:24:40.233 - RealTimeSTT: root - DEBUG - _audio_data_worker writing audio data into queue.
2025-04-16 14:24:41.257 - RealTimeSTT: root - DEBUG - _audio_data_worker writing audio data into queue.
2025-04-16 14:24:42.281 - RealTimeSTT: root - DEBUG - _audio_data_worker writing audio data into queue.
2025-04-16 14:24:43.305 - RealTimeSTT: root - DEBUG - _audio_data_worker writing audio data into queue.
2025-04-16 14:24:44.329 - RealTimeSTT: root - DEBUG - _audio_data_worker writing audio data into queue.
2025-04-16 14:24:45.353 - RealTimeSTT: root - DEBUG - _audio_data_worker writing audio data into queue.
2025-04-16 14:24:46.377 - RealTimeSTT: root - DEBUG - _audio_data_worker writing audio data into queue.
2025-04-16 14:24:47.401 - RealTimeSTT: root - DEBUG - _audio_data_worker writing audio data into queue.
2025-04-16 14:24:48.425 - RealTimeSTT: root - DEBUG - _audio_data_worker writing audio data into queue.
2025-04-16 14:24:49.449 - RealTimeSTT: root - DEBUG - _audio_data_worker writing audio data into queue.
2025-04-16 14:24:50.473 - RealTimeSTT: root - DEBUG - _audio_data_worker writing audio data into queue.
2025-04-16 14:24:51.497 - RealTimeSTT: root - DEBUG - _audio_data_worker writing audio data into queue.
2025-04-16 14:24:52.521 - RealTimeSTT: root - DEBUG - _audio_data_worker writing audio data into queue.
2025-04-16 14:24:53.545 - RealTimeSTT: root - DEBUG - _audio_data_worker writing audio data into queue.
2025-04-16 14:24:54.569 - RealTimeSTT: root - DEBUG - _audio_data_worker writing audio data into queue.
2025-04-16 14:24:55.593 - RealTimeSTT: root - DEBUG - _audio_data_worker writing audio data into queue.
2025-04-16 14:24:56.617 - RealTimeSTT: root - DEBUG - _audio_data_worker writing audio data into queue.
2025-04-16 14:24:57.641 - RealTimeSTT: root - DEBUG - _audio_data_worker writing audio data into queue.
2025-04-16 14:24:58.665 - RealTimeSTT: root - DEBUG - _audio_data_worker writing audio data into queue.
2025-04-16 14:24:59.689 - RealTimeSTT: root - DEBUG - _audio_data_worker writing audio data into queue.
2025-04-16 14:25:00.713 - RealTimeSTT: root - DEBUG - _audio_data_worker writing audio data into queue.
2025-04-16 14:25:01.737 - RealTimeSTT: root - DEBUG - _audio_data_worker writing audio data into queue.
2025-04-16 14:25:02.761 - RealTimeSTT: root - DEBUG - _audio_data_worker writing audio data into queue.
2025-04-16 14:25:03.785 - RealTimeSTT: root - DEBUG - _audio_data_worker writing audio data into queue.
2025-04-16 14:25:04.809 - RealTimeSTT: root - DEBUG - _audio_data_worker writing audio data into queue.
2025-04-16 14:25:05.833 - RealTimeSTT: root - DEBUG - _audio_data_worker writing audio data into queue.
2025-04-16 14:25:06.857 - RealTimeSTT: root - DEBUG - _audio_data_worker writing audio data into queue.
2025-04-16 14:25:07.881 - RealTimeSTT: root - DEBUG - _audio_data_worker writing audio data into queue.
2025-04-16 14:25:08.905 - RealTimeSTT: root - DEBUG - _audio_data_worker writing audio data into queue.
2025-04-16 14:25:09.929 - RealTimeSTT: root - DEBUG - _audio_data_worker writing audio data into queue.
2025-04-16 14:25:10.953 - RealTimeSTT: root - DEBUG - _audio_data_worker writing audio data into queue.
2025-04-16 14:25:11.977 - RealTimeSTT: root - DEBUG - _audio_data_worker writing audio data into queue.
2025-04-16 14:25:13.001 - RealTimeSTT: root - DEBUG - _audio_data_worker writing audio data into queue.
2025-04-16 14:25:14.025 - RealTimeSTT: root - DEBUG - _audio_data_worker writing audio data into queue.
2025-04-16 14:25:15.049 - RealTimeSTT: root - DEBUG - _audio_data_worker writing audio data into queue.
2025-04-16 14:25:16.073 - RealTimeSTT: root - DEBUG - _audio_data_worker writing audio data into queue.
2025-04-16 14:25:17.097 - RealTimeSTT: root - DEBUG - _audio_data_worker writing audio data into queue.
2025-04-16 14:25:18.121 - RealTimeSTT: root - DEBUG - _audio_data_worker writing audio data into queue.
2025-04-16 14:25:19.145 - RealTimeSTT: root - DEBUG - _audio_data_worker writing audio data into queue.
2025-04-16 14:25:20.169 - RealTimeSTT: root - DEBUG - _audio_data_worker writing audio data into queue.
2025-04-16 14:25:21.193 - RealTimeSTT: root - DEBUG - _audio_data_worker writing audio data into queue.
2025-04-16 14:25:22.217 - RealTimeSTT: root - DEBUG - _audio_data_worker writing audio data into queue.
2025-04-16 14:25:23.241 - RealTimeSTT: root - DEBUG - _audio_data_worker writing audio data into queue.
2025-04-16 14:25:24.265 - RealTimeSTT: root - DEBUG - _audio_data_worker writing audio data into queue.
2025-04-16 14:25:25.289 - RealTimeSTT: root - DEBUG - _audio_data_worker writing audio data into queue.
2025-04-16 14:25:26.313 - RealTimeSTT: root - DEBUG - _audio_data_worker writing audio data into queue.
2025-04-16 14:25:27.337 - RealTimeSTT: root - DEBUG - _audio_data_worker writing audio data into queue.
2025-04-16 14:25:28.361 - RealTimeSTT: root - DEBUG - _audio_data_worker writing audio data into queue.
2025-04-16 14:25:29.385 - RealTimeSTT: root - DEBUG - _audio_data_worker writing audio data into queue.
2025-04-16 14:25:30.409 - RealTimeSTT: root - DEBUG - _audio_data_worker writing audio data into queue.
2025-04-16 14:25:31.433 - RealTimeSTT: root - DEBUG - _audio_data_worker writing audio data into queue.
2025-04-16 14:25:32.457 - RealTimeSTT: root - DEBUG - _audio_data_worker writing audio data into queue.
2025-04-16 14:25:33.481 - RealTimeSTT: root - DEBUG - _audio_data_worker writing audio data into queue.
2025-04-16 14:25:34.505 - RealTimeSTT: root - DEBUG - _audio_data_worker writing audio data into queue.
2025-04-16 14:25:35.529 - RealTimeSTT: root - DEBUG - _audio_data_worker writing audio data into queue.
2025-04-16 14:25:36.553 - RealTimeSTT: root - DEBUG - _audio_data_worker writing audio data into queue.
2025-04-16 14:25:37.577 - RealTimeSTT: root - DEBUG - _audio_data_worker writing audio data into queue.
2025-04-16 14:25:38.601 - RealTimeSTT: root - DEBUG - _audio_data_worker writing audio data into queue.
2025-04-16 14:25:39.625 - RealTimeSTT: root - DEBUG - _audio_data_worker writing audio data into queue.
2025-04-16 14:25:40.649 - RealTimeSTT: root - DEBUG - _audio_data_worker writing audio data into queue.
2025-04-16 14:25:41.673 - RealTimeSTT: root - DEBUG - _audio_data_worker writing audio data into queue.
2025-04-16 14:25:42.697 - RealTimeSTT: root - DEBUG - _audio_data_worker writing audio data into queue.
2025-04-16 14:25:43.721 - RealTimeSTT: root - DEBUG - _audio_data_worker writing audio data into queue.
2025-04-16 14:25:44.745 - RealTimeSTT: root - DEBUG - _audio_data_worker writing audio data into queue.
2025-04-16 14:25:45.769 - RealTimeSTT: root - DEBUG - _audio_data_worker writing audio data into queue.
2025-04-16 14:25:46.793 - RealTimeSTT: root - DEBUG - _audio_data_worker writing audio data into queue.
2025-04-16 14:25:47.817 - RealTimeSTT: root - DEBUG - _audio_data_worker writing audio data into queue.
2025-04-16 14:25:48.841 - RealTimeSTT: root - DEBUG - _audio_data_worker writing audio data into queue.
2025-04-16 14:25:49.865 - RealTimeSTT: root - DEBUG - _audio_data_worker writing audio data into queue.
2025-04-16 14:25:50.889 - RealTimeSTT: root - DEBUG - _audio_data_worker writing audio data into queue.
2025-04-16 14:25:51.913 - RealTimeSTT: root - DEBUG - _audio_data_worker writing audio data into queue.
2025-04-16 14:25:52.937 - RealTimeSTT: root - DEBUG - _audio_data_worker writing audio data into queue.
2025-04-16 14:25:53.961 - RealTimeSTT: root - DEBUG - _audio_data_worker writing audio data into queue.
2025-04-16 14:25:54.985 - RealTimeSTT: root - DEBUG - _audio_data_worker writing audio data into queue.
2025-04-16 14:25:56.009 - RealTimeSTT: root - DEBUG - _audio_data_worker writing audio data into queue.
2025-04-16 14:25:57.033 - RealTimeSTT: root - DEBUG - _audio_data_worker writing audio data into queue.
2025-04-16 14:25:58.057 - RealTimeSTT: root - DEBUG - _audio_data_worker writing audio data into queue.
2025-04-16 14:25:59.081 - RealTimeSTT: root - DEBUG - _audio_data_worker writing audio data into queue.
2025-04-16 14:26:00.105 - RealTimeSTT: root - DEBUG - _audio_data_worker writing audio data into queue.
2025-04-16 14:26:01.129 - RealTimeSTT: root - DEBUG - _audio_data_worker writing audio data into queue.
2025-04-16 14:26:02.153 - RealTimeSTT: root - DEBUG - _audio_data_worker writing audio data into queue.
2025-04-16 14:26:03.177 - RealTimeSTT: root - DEBUG - _audio_data_worker writing audio data into queue.
2025-04-16 14:26:04.201 - RealTimeSTT: root - DEBUG - _audio_data_worker writing audio data into queue.
2025-04-16 14:26:05.225 - RealTimeSTT: root - DEBUG - _audio_data_worker writing audio data into queue.
2025-04-16 14:26:06.249 - RealTimeSTT: root - DEBUG - _audio_data_worker writing audio data into queue.
2025-04-16 14:26:07.273 - RealTimeSTT: root - DEBUG - _audio_data_worker writing audio data into queue.
2025-04-16 14:26:08.297 - RealTimeSTT: root - DEBUG - _audio_data_worker writing audio data into queue.
2025-04-16 14:26:09.321 - RealTimeSTT: root - DEBUG - _audio_data_worker writing audio data into queue.
2025-04-16 14:26:10.345 - RealTimeSTT: root - DEBUG - _audio_data_worker writing audio data into queue.
2025-04-16 14:26:11.369 - RealTimeSTT: root - DEBUG - _audio_data_worker writing audio data into queue.
2025-04-16 14:26:12.393 - RealTimeSTT: root - DEBUG - _audio_data_worker writing audio data into queue.
2025-04-16 14:26:13.417 - RealTimeSTT: root - DEBUG - _audio_data_worker writing audio data into queue.
2025-04-16 14:26:14.441 - RealTimeSTT: root - DEBUG - _audio_data_worker writing audio data into queue.
2025-04-16 14:26:15.465 - RealTimeSTT: root - DEBUG - _audio_data_worker writing audio data into queue.
2025-04-16 14:26:16.489 - RealTimeSTT: root - DEBUG - _audio_data_worker writing audio data into queue.
2025-04-16 14:26:17.513 - RealTimeSTT: root - DEBUG - _audio_data_worker writing audio data into queue.
2025-04-16 14:26:18.537 - RealTimeSTT: root - DEBUG - _audio_data_worker writing audio data into queue.
2025-04-16 14:26:19.561 - RealTimeSTT: root - DEBUG - _audio_data_worker writing audio data into queue.
2025-04-16 14:26:20.585 - RealTimeSTT: root - DEBUG - _audio_data_worker writing audio data into queue.
2025-04-16 14:26:21.609 - RealTimeSTT: root - DEBUG - _audio_data_worker writing audio data into queue.
2025-04-16 14:26:22.633 - RealTimeSTT: root - DEBUG - _audio_data_worker writing audio data into queue.
2025-04-16 14:26:23.657 - RealTimeSTT: root - DEBUG - _audio_data_worker writing audio data into queue.
2025-04-16 14:26:24.681 - RealTimeSTT: root - DEBUG - _audio_data_worker writing audio data into queue.
2025-04-16 14:26:25.705 - RealTimeSTT: root - DEBUG - _audio_data_worker writing audio data into queue.
2025-04-16 14:26:26.729 - RealTimeSTT: root - DEBUG - _audio_data_worker writing audio data into queue.
2025-04-16 14:26:27.753 - RealTimeSTT: root - DEBUG - _audio_data_worker writing audio data into queue.
2025-04-16 14:26:28.777 - RealTimeSTT: root - DEBUG - _audio_data_worker writing audio data into queue.
2025-04-16 14:26:29.801 - RealTimeSTT: root - DEBUG - _audio_data_worker writing audio data into queue.
2025-04-16 14:26:30.825 - RealTimeSTT: root - DEBUG - _audio_data_worker writing audio data into queue.
2025-04-16 14:26:31.849 - RealTimeSTT: root - DEBUG - _audio_data_worker writing audio data into queue.
2025-04-16 14:26:32.873 - RealTimeSTT: root - DEBUG - _audio_data_worker writing audio data into queue.
2025-04-16 14:26:33.897 - RealTimeSTT: root - DEBUG - _audio_data_worker writing audio data into queue.
2025-04-16 14:26:34.921 - RealTimeSTT: root - DEBUG - _audio_data_worker writing audio data into queue.
2025-04-16 14:26:35.945 - RealTimeSTT: root - DEBUG - _audio_data_worker writing audio data into queue.
2025-04-16 14:26:36.969 - RealTimeSTT: root - DEBUG - _audio_data_worker writing audio data into queue.
2025-04-16 14:26:37.993 - RealTimeSTT: root - DEBUG - _audio_data_worker writing audio data into queue.
2025-04-16 14:26:39.017 - RealTimeSTT: root - DEBUG - _audio_data_worker writing audio data into queue.
2025-04-16 14:26:40.041 - RealTimeSTT: root - DEBUG - _audio_data_worker writing audio data into queue.
2025-04-16 14:26:41.065 - RealTimeSTT: root - DEBUG - _audio_data_worker writing audio data into queue.
2025-04-16 14:26:42.089 - RealTimeSTT: root - DEBUG - _audio_data_worker writing audio data into queue.
2025-04-16 14:26:43.113 - RealTimeSTT: root - DEBUG - _audio_data_worker writing audio data into queue.
2025-04-16 14:26:44.137 - RealTimeSTT: root - DEBUG - _audio_data_worker writing audio data into queue.
2025-04-16 14:26:45.161 - RealTimeSTT: root - DEBUG - _audio_data_worker writing audio data into queue.
2025-04-16 14:26:46.185 - RealTimeSTT: root - DEBUG - _audio_data_worker writing audio data into queue.
2025-04-16 14:26:47.209 - RealTimeSTT: root - DEBUG - _audio_data_worker writing audio data into queue.
2025-04-16 14:26:48.233 - RealTimeSTT: root - DEBUG - _audio_data_worker writing audio data into queue.
2025-04-16 14:26:49.257 - RealTimeSTT: root - DEBUG - _audio_data_worker writing audio data into queue.
2025-04-16 14:26:50.281 - RealTimeSTT: root - DEBUG - _audio_data_worker writing audio data into queue.
2025-04-16 14:26:51.305 - RealTimeSTT: root - DEBUG - _audio_data_worker writing audio data into queue.
2025-04-16 14:26:52.329 - RealTimeSTT: root - DEBUG - _audio_data_worker writing audio data into queue.
2025-04-16 14:26:53.353 - RealTimeSTT: root - DEBUG - _audio_data_worker writing audio data into queue.
2025-04-16 14:26:54.377 - RealTimeSTT: root - DEBUG - _audio_data_worker writing audio data into queue.
2025-04-16 14:26:55.401 - RealTimeSTT: root - DEBUG - _audio_data_worker writing audio data into queue.
2025-04-16 14:26:56.425 - RealTimeSTT: root - DEBUG - _audio_data_worker writing audio data into queue.
2025-04-16 14:26:57.449 - RealTimeSTT: root - DEBUG - _audio_data_worker writing audio data into queue.
2025-04-16 14:26:58.473 - RealTimeSTT: root - DEBUG - _audio_data_worker writing audio data into queue.
2025-04-16 14:26:59.497 - RealTimeSTT: root - DEBUG - _audio_data_worker writing audio data into queue.
2025-04-16 14:27:00.521 - RealTimeSTT: root - DEBUG - _audio_data_worker writing audio data into queue.
2025-04-16 14:27:01.545 - RealTimeSTT: root - DEBUG - _audio_data_worker writing audio data into queue.
2025-04-16 14:27:02.569 - RealTimeSTT: root - DEBUG - _audio_data_worker writing audio data into queue.
2025-04-16 14:27:03.593 - RealTimeSTT: root - DEBUG - _audio_data_worker writing audio data into queue.
2025-04-16 14:27:04.617 - RealTimeSTT: root - DEBUG - _audio_data_worker writing audio data into queue.
2025-04-16 14:27:05.641 - RealTimeSTT: root - DEBUG - _audio_data_worker writing audio data into queue.
2025-04-16 14:27:06.665 - RealTimeSTT: root - DEBUG - _audio_data_worker writing audio data into queue.
2025-04-16 14:27:07.688 - RealTimeSTT: root - DEBUG - _audio_data_worker writing audio data into queue.
2025-04-16 14:27:08.712 - RealTimeSTT: root - DEBUG - _audio_data_worker writing audio data into queue.
2025-04-16 14:27:09.736 - RealTimeSTT: root - DEBUG - _audio_data_worker writing audio data into queue.
2025-04-16 14:27:10.760 - RealTimeSTT: root - DEBUG - _audio_data_worker writing audio data into queue.
2025-04-16 14:27:11.784 - RealTimeSTT: root - DEBUG - _audio_data_worker writing audio data into queue.
2025-04-16 14:27:12.808 - RealTimeSTT: root - DEBUG - _audio_data_worker writing audio data into queue.
2025-04-16 14:27:13.832 - RealTimeSTT: root - DEBUG - _audio_data_worker writing audio data into queue.
2025-04-16 14:27:14.856 - RealTimeSTT: root - DEBUG - _audio_data_worker writing audio data into queue.
2025-04-16 14:27:15.880 - RealTimeSTT: root - DEBUG - _audio_data_worker writing audio data into queue.
2025-04-16 14:27:16.904 - RealTimeSTT: root - DEBUG - _audio_data_worker writing audio data into queue.
2025-04-16 14:27:17.928 - RealTimeSTT: root - DEBUG - _audio_data_worker writing audio data into queue.
2025-04-16 14:27:18.952 - RealTimeSTT: root - DEBUG - _audio_data_worker writing audio data into queue.
2025-04-16 14:27:19.976 - RealTimeSTT: root - DEBUG - _audio_data_worker writing audio data into queue.
2025-04-16 14:27:21.000 - RealTimeSTT: root - DEBUG - _audio_data_worker writing audio data into queue.
2025-04-16 14:27:22.024 - RealTimeSTT: root - DEBUG - _audio_data_worker writing audio data into queue.
2025-04-16 14:27:23.048 - RealTimeSTT: root - DEBUG - _audio_data_worker writing audio data into queue.
2025-04-16 14:27:24.072 - RealTimeSTT: root - DEBUG - _audio_data_worker writing audio data into queue.
2025-04-16 14:27:25.096 - RealTimeSTT: root - DEBUG - _audio_data_worker writing audio data into queue.
2025-04-16 14:27:26.120 - RealTimeSTT: root - DEBUG - _audio_data_worker writing audio data into queue.
2025-04-16 14:27:27.144 - RealTimeSTT: root - DEBUG - _audio_data_worker writing audio data into queue.
2025-04-16 14:27:28.168 - RealTimeSTT: root - DEBUG - _audio_data_worker writing audio data into queue.
2025-04-16 14:27:29.192 - RealTimeSTT: root - DEBUG - _audio_data_worker writing audio data into queue.
2025-04-16 14:27:30.216 - RealTimeSTT: root - DEBUG - _audio_data_worker writing audio data into queue.
2025-04-16 14:27:31.240 - RealTimeSTT: root - DEBUG - _audio_data_worker writing audio data into queue.
2025-04-16 14:27:32.264 - RealTimeSTT: root - DEBUG - _audio_data_worker writing audio data into queue.
2025-04-16 14:27:33.288 - RealTimeSTT: root - DEBUG - _audio_data_worker writing audio data into queue.
2025-04-16 14:27:34.312 - RealTimeSTT: root - DEBUG - _audio_data_worker writing audio data into queue.
2025-04-16 14:27:35.336 - RealTimeSTT: root - DEBUG - _audio_data_worker writing audio data into queue.
2025-04-16 14:27:36.360 - RealTimeSTT: root - DEBUG - _audio_data_worker writing audio data into queue.
2025-04-16 14:27:37.384 - RealTimeSTT: root - DEBUG - _audio_data_worker writing audio data into queue.
2025-04-16 14:27:38.408 - RealTimeSTT: root - DEBUG - _audio_data_worker writing audio data into queue.
2025-04-16 14:27:39.432 - RealTimeSTT: root - DEBUG - _audio_data_worker writing audio data into queue.
2025-04-16 14:27:40.456 - RealTimeSTT: root - DEBUG - _audio_data_worker writing audio data into queue.
2025-04-16 14:27:41.480 - RealTimeSTT: root - DEBUG - _audio_data_worker writing audio data into queue.
2025-04-16 14:27:42.504 - RealTimeSTT: root - DEBUG - _audio_data_worker writing audio data into queue.
2025-04-16 14:27:43.528 - RealTimeSTT: root - DEBUG - _audio_data_worker writing audio data into queue.
2025-04-16 14:27:44.552 - RealTimeSTT: root - DEBUG - _audio_data_worker writing audio data into queue.
2025-04-16 14:27:45.576 - RealTimeSTT: root - DEBUG - _audio_data_worker writing audio data into queue.
2025-04-16 14:27:46.600 - RealTimeSTT: root - DEBUG - _audio_data_worker writing audio data into queue.
2025-04-16 14:27:47.624 - RealTimeSTT: root - DEBUG - _audio_data_worker writing audio data into queue.
2025-04-16 14:27:48.648 - RealTimeSTT: root - DEBUG - _audio_data_worker writing audio data into queue.
2025-04-16 14:27:49.672 - RealTimeSTT: root - DEBUG - _audio_data_worker writing audio data into queue.
2025-04-16 14:27:50.696 - RealTimeSTT: root - DEBUG - _audio_data_worker writing audio data into queue.
2025-04-16 14:27:51.720 - RealTimeSTT: root - DEBUG - _audio_data_worker writing audio data into queue.
2025-04-16 14:27:52.744 - RealTimeSTT: root - DEBUG - _audio_data_worker writing audio data into queue.
2025-04-16 14:27:53.768 - RealTimeSTT: root - DEBUG - _audio_data_worker writing audio data into queue.
2025-04-16 14:27:54.792 - RealTimeSTT: root - DEBUG - _audio_data_worker writing audio data into queue.
2025-04-16 14:27:55.816 - RealTimeSTT: root - DEBUG - _audio_data_worker writing audio data into queue.
2025-04-16 14:27:56.840 - RealTimeSTT: root - DEBUG - _audio_data_worker writing audio data into queue.
2025-04-16 14:27:57.864 - RealTimeSTT: root - DEBUG - _audio_data_worker writing audio data into queue.
2025-04-16 14:27:58.888 - RealTimeSTT: root - DEBUG - _audio_data_worker writing audio data into queue.
2025-04-16 14:27:59.912 - RealTimeSTT: root - DEBUG - _audio_data_worker writing audio data into queue.
2025-04-16 14:28:00.936 - RealTimeSTT: root - DEBUG - _audio_data_worker writing audio data into queue.
2025-04-16 14:28:01.960 - RealTimeSTT: root - DEBUG - _audio_data_worker writing audio data into queue.
2025-04-16 14:28:02.984 - RealTimeSTT: root - DEBUG - _audio_data_worker writing audio data into queue.
2025-04-16 14:28:04.008 - RealTimeSTT: root - DEBUG - _audio_data_worker writing audio data into queue.
2025-04-16 14:28:05.032 - RealTimeSTT: root - DEBUG - _audio_data_worker writing audio data into queue.
2025-04-16 14:28:06.056 - RealTimeSTT: root - DEBUG - _audio_data_worker writing audio data into queue.
2025-04-16 14:28:07.080 - RealTimeSTT: root - DEBUG - _audio_data_worker writing audio data into queue.
2025-04-16 14:28:08.104 - RealTimeSTT: root - DEBUG - _audio_data_worker writing audio data into queue.
2025-04-16 14:28:09.128 - RealTimeSTT: root - DEBUG - _audio_data_worker writing audio data into queue.
2025-04-16 14:28:10.152 - RealTimeSTT: root - DEBUG - _audio_data_worker writing audio data into queue.
2025-04-16 14:28:11.176 - RealTimeSTT: root - DEBUG - _audio_data_worker writing audio data into queue.
2025-04-16 14:28:12.200 - RealTimeSTT: root - DEBUG - _audio_data_worker writing audio data into queue.
2025-04-16 14:28:13.224 - RealTimeSTT: root - DEBUG - _audio_data_worker writing audio data into queue.
2025-04-16 14:28:14.248 - RealTimeSTT: root - DEBUG - _audio_data_worker writing audio data into queue.
2025-04-16 14:28:15.272 - RealTimeSTT: root - DEBUG - _audio_data_worker writing audio data into queue.
2025-04-16 14:28:16.296 - RealTimeSTT: root - DEBUG - _audio_data_worker writing audio data into queue.
2025-04-16 14:28:17.320 - RealTimeSTT: root - DEBUG - _audio_data_worker writing audio data into queue.
2025-04-16 14:28:18.344 - RealTimeSTT: root - DEBUG - _audio_data_worker writing audio data into queue.
2025-04-16 14:28:19.368 - RealTimeSTT: root - DEBUG - _audio_data_worker writing audio data into queue.
2025-04-16 14:28:20.392 - RealTimeSTT: root - DEBUG - _audio_data_worker writing audio data into queue.
2025-04-16 14:28:21.416 - RealTimeSTT: root - DEBUG - _audio_data_worker writing audio data into queue.
2025-04-16 14:28:22.440 - RealTimeSTT: root - DEBUG - _audio_data_worker writing audio data into queue.
2025-04-16 14:28:23.464 - RealTimeSTT: root - DEBUG - _audio_data_worker writing audio data into queue.
2025-04-16 14:28:24.488 - RealTimeSTT: root - DEBUG - _audio_data_worker writing audio data into queue.
2025-04-16 14:28:25.512 - RealTimeSTT: root - DEBUG - _audio_data_worker writing audio data into queue.
2025-04-16 14:28:26.536 - RealTimeSTT: root - DEBUG - _audio_data_worker writing audio data into queue.
2025-04-16 14:28:27.560 - RealTimeSTT: root - DEBUG - _audio_data_worker writing audio data into queue.
2025-04-16 14:28:28.584 - RealTimeSTT: root - DEBUG - _audio_data_worker writing audio data into queue.
2025-04-16 14:28:29.608 - RealTimeSTT: root - DEBUG - _audio_data_worker writing audio data into queue.
2025-04-16 14:28:30.632 - RealTimeSTT: root - DEBUG - _audio_data_worker writing audio data into queue.
2025-04-16 14:28:31.656 - RealTimeSTT: root - DEBUG - _audio_data_worker writing audio data into queue.
2025-04-16 14:28:32.680 - RealTimeSTT: root - DEBUG - _audio_data_worker writing audio data into queue.
2025-04-16 14:28:33.704 - RealTimeSTT: root - DEBUG - _audio_data_worker writing audio data into queue.
2025-04-16 14:28:34.728 - RealTimeSTT: root - DEBUG - _audio_data_worker writing audio data into queue.
2025-04-16 14:28:35.752 - RealTimeSTT: root - DEBUG - _audio_data_worker writing audio data into queue.
2025-04-16 14:28:36.776 - RealTimeSTT: root - DEBUG - _audio_data_worker writing audio data into queue.
2025-04-16 14:28:37.800 - RealTimeSTT: root - DEBUG - _audio_data_worker writing audio data into queue.
2025-04-16 14:28:38.824 - RealTimeSTT: root - DEBUG - _audio_data_worker writing audio data into queue.
2025-04-16 14:28:39.848 - RealTimeSTT: root - DEBUG - _audio_data_worker writing audio data into queue.
2025-04-16 14:28:40.872 - RealTimeSTT: root - DEBUG - _audio_data_worker writing audio data into queue.
2025-04-16 14:28:41.896 - RealTimeSTT: root - DEBUG - _audio_data_worker writing audio data into queue.
2025-04-16 14:28:42.920 - RealTimeSTT: root - DEBUG - _audio_data_worker writing audio data into queue.
2025-04-16 14:28:43.944 - RealTimeSTT: root - DEBUG - _audio_data_worker writing audio data into queue.
2025-04-16 14:28:44.968 - RealTimeSTT: root - DEBUG - _audio_data_worker writing audio data into queue.
2025-04-16 14:28:45.992 - RealTimeSTT: root - DEBUG - _audio_data_worker writing audio data into queue.
2025-04-16 14:28:47.016 - RealTimeSTT: root - DEBUG - _audio_data_worker writing audio data into queue.
2025-04-16 14:28:48.040 - RealTimeSTT: root - DEBUG - _audio_data_worker writing audio data into queue.
2025-04-16 14:28:49.064 - RealTimeSTT: root - DEBUG - _audio_data_worker writing audio data into queue.
2025-04-16 14:28:50.088 - RealTimeSTT: root - DEBUG - _audio_data_worker writing audio data into queue.
2025-04-16 14:28:51.112 - RealTimeSTT: root - DEBUG - _audio_data_worker writing audio data into queue.
2025-04-16 14:28:52.136 - RealTimeSTT: root - DEBUG - _audio_data_worker writing audio data into queue.
2025-04-16 14:28:53.160 - RealTimeSTT: root - DEBUG - _audio_data_worker writing audio data into queue.
2025-04-16 14:28:54.184 - RealTimeSTT: root - DEBUG - _audio_data_worker writing audio data into queue.
2025-04-16 14:28:55.208 - RealTimeSTT: root - DEBUG - _audio_data_worker writing audio data into queue.
2025-04-16 14:28:56.232 - RealTimeSTT: root - DEBUG - _audio_data_worker writing audio data into queue.
2025-04-16 14:28:57.256 - RealTimeSTT: root - DEBUG - _audio_data_worker writing audio data into queue.
2025-04-16 14:28:58.280 - RealTimeSTT: root - DEBUG - _audio_data_worker writing audio data into queue.
2025-04-16 14:28:59.304 - RealTimeSTT: root - DEBUG - _audio_data_worker writing audio data into queue.
2025-04-16 14:29:00.328 - RealTimeSTT: root - DEBUG - _audio_data_worker writing audio data into queue.
2025-04-16 14:29:01.352 - RealTimeSTT: root - DEBUG - _audio_data_worker writing audio data into queue.
2025-04-16 14:29:02.376 - RealTimeSTT: root - DEBUG - _audio_data_worker writing audio data into queue.
2025-04-16 14:29:03.400 - RealTimeSTT: root - DEBUG - _audio_data_worker writing audio data into queue.
2025-04-16 14:29:04.424 - RealTimeSTT: root - DEBUG - _audio_data_worker writing audio data into queue.
2025-04-16 14:29:05.448 - RealTimeSTT: root - DEBUG - _audio_data_worker writing audio data into queue.
2025-04-16 14:29:06.472 - RealTimeSTT: root - DEBUG - _audio_data_worker writing audio data into queue.
2025-04-16 14:29:07.496 - RealTimeSTT: root - DEBUG - _audio_data_worker writing audio data into queue.
2025-04-16 14:29:08.520 - RealTimeSTT: root - DEBUG - _audio_data_worker writing audio data into queue.
2025-04-16 14:29:09.544 - RealTimeSTT: root - DEBUG - _audio_data_worker writing audio data into queue.
2025-04-16 14:29:10.568 - RealTimeSTT: root - DEBUG - _audio_data_worker writing audio data into queue.
2025-04-16 14:29:11.592 - RealTimeSTT: root - DEBUG - _audio_data_worker writing audio data into queue.
2025-04-16 14:29:12.616 - RealTimeSTT: root - DEBUG - _audio_data_worker writing audio data into queue.
2025-04-16 14:29:13.640 - RealTimeSTT: root - DEBUG - _audio_data_worker writing audio data into queue.
2025-04-16 14:29:14.664 - RealTimeSTT: root - DEBUG - _audio_data_worker writing audio data into queue.
2025-04-16 14:29:15.688 - RealTimeSTT: root - DEBUG - _audio_data_worker writing audio data into queue.
2025-04-16 14:29:16.712 - RealTimeSTT: root - DEBUG - _audio_data_worker writing audio data into queue.
2025-04-16 14:29:17.736 - RealTimeSTT: root - DEBUG - _audio_data_worker writing audio data into queue.
2025-04-16 14:29:18.760 - RealTimeSTT: root - DEBUG - _audio_data_worker writing audio data into queue.
2025-04-16 14:29:19.784 - RealTimeSTT: root - DEBUG - _audio_data_worker writing audio data into queue.
2025-04-16 14:29:20.808 - RealTimeSTT: root - DEBUG - _audio_data_worker writing audio data into queue.
2025-04-16 14:29:21.832 - RealTimeSTT: root - DEBUG - _audio_data_worker writing audio data into queue.
2025-04-16 14:29:22.856 - RealTimeSTT: root - DEBUG - _audio_data_worker writing audio data into queue.
2025-04-16 14:29:23.880 - RealTimeSTT: root - DEBUG - _audio_data_worker writing audio data into queue.
2025-04-16 14:29:24.904 - RealTimeSTT: root - DEBUG - _audio_data_worker writing audio data into queue.
2025-04-16 14:29:25.928 - RealTimeSTT: root - DEBUG - _audio_data_worker writing audio data into queue.
2025-04-16 14:29:26.952 - RealTimeSTT: root - DEBUG - _audio_data_worker writing audio data into queue.
2025-04-16 14:29:27.976 - RealTimeSTT: root - DEBUG - _audio_data_worker writing audio data into queue.
2025-04-16 14:29:29.000 - RealTimeSTT: root - DEBUG - _audio_data_worker writing audio data into queue.
2025-04-16 14:29:30.024 - RealTimeSTT: root - DEBUG - _audio_data_worker writing audio data into queue.
2025-04-16 14:29:31.048 - RealTimeSTT: root - DEBUG - _audio_data_worker writing audio data into queue.
2025-04-16 14:29:32.072 - RealTimeSTT: root - DEBUG - _audio_data_worker writing audio data into queue.
2025-04-16 14:29:33.096 - RealTimeSTT: root - DEBUG - _audio_data_worker writing audio data into queue.
2025-04-16 14:29:34.120 - RealTimeSTT: root - DEBUG - _audio_data_worker writing audio data into queue.
2025-04-16 14:29:35.144 - RealTimeSTT: root - DEBUG - _audio_data_worker writing audio data into queue.
2025-04-16 14:29:36.168 - RealTimeSTT: root - DEBUG - _audio_data_worker writing audio data into queue.
2025-04-16 14:29:37.192 - RealTimeSTT: root - DEBUG - _audio_data_worker writing audio data into queue.
2025-04-16 14:29:38.216 - RealTimeSTT: root - DEBUG - _audio_data_worker writing audio data into queue.
2025-04-16 14:29:39.240 - RealTimeSTT: root - DEBUG - _audio_data_worker writing audio data into queue.
2025-04-16 14:29:40.264 - RealTimeSTT: root - DEBUG - _audio_data_worker writing audio data into queue.
2025-04-16 14:29:41.287 - RealTimeSTT: root - DEBUG - _audio_data_worker writing audio data into queue.
2025-04-16 15:17:05.713 - RealTimeSTT: root - INFO - Starting RealTimeSTT
2025-04-16 15:17:05.716 - RealTimeSTT: root - INFO - Initializing faster_whisper main transcription model base.en
2025-04-16 15:17:05.716 - RealTimeSTT: root - INFO - Initializing audio recording (creating pyAudio input stream, sample rate: 16000 buffer size: 512
2025-04-16 15:17:05.718 - RealTimeSTT: root - INFO - Initializing WebRTC voice with Sensitivity 0
2025-04-16 15:17:05.718 - RealTimeSTT: root - DEBUG - WebRTC VAD voice activity detection engine initialized successfully
2025-04-16 15:17:05.722 - RealTimeSTT: urllib3.connectionpool - DEBUG - Starting new HTTPS connection (1): huggingface.co:443
2025-04-16 15:17:05.859 - RealTimeSTT: root - INFO - Microphone connected and validated (input_device_index: 5)
2025-04-16 15:17:05.859 - RealTimeSTT: root - DEBUG - Audio recording initialized successfully at 16000 Hz, reading 1024 frames at a time
2025-04-16 15:17:05.920 - RealTimeSTT: urllib3.connectionpool - DEBUG - https://huggingface.co:443 "GET /api/models/Systran/faster-whisper-base.en/revision/main HTTP/1.1" 200 932
2025-04-16 15:17:05.931 - RealTimeSTT: torio._extension.utils - DEBUG - Loading FFmpeg6
2025-04-16 15:17:05.934 - RealTimeSTT: torio._extension.utils - DEBUG - Failed to load FFmpeg6 extension.
Traceback (most recent call last):
  File "/home/hello-robot/.local/lib/python3.10/site-packages/torio/_extension/utils.py", line 116, in _find_ffmpeg_extension
    ext = _find_versionsed_ffmpeg_extension(ffmpeg_ver)
  File "/home/hello-robot/.local/lib/python3.10/site-packages/torio/_extension/utils.py", line 108, in _find_versionsed_ffmpeg_extension
    _load_lib(lib)
  File "/home/hello-robot/.local/lib/python3.10/site-packages/torio/_extension/utils.py", line 94, in _load_lib
    torch.ops.load_library(path)
  File "/home/hello-robot/.local/lib/python3.10/site-packages/torch/_ops.py", line 1032, in load_library
    ctypes.CDLL(path)
  File "/usr/lib/python3.10/ctypes/__init__.py", line 374, in __init__
    self._handle = _dlopen(self._name, mode)
OSError: libavutil.so.58: cannot open shared object file: No such file or directory
2025-04-16 15:17:05.935 - RealTimeSTT: torio._extension.utils - DEBUG - Loading FFmpeg5
2025-04-16 15:17:05.939 - RealTimeSTT: torio._extension.utils - DEBUG - Failed to load FFmpeg5 extension.
Traceback (most recent call last):
  File "/home/hello-robot/.local/lib/python3.10/site-packages/torio/_extension/utils.py", line 116, in _find_ffmpeg_extension
    ext = _find_versionsed_ffmpeg_extension(ffmpeg_ver)
  File "/home/hello-robot/.local/lib/python3.10/site-packages/torio/_extension/utils.py", line 108, in _find_versionsed_ffmpeg_extension
    _load_lib(lib)
  File "/home/hello-robot/.local/lib/python3.10/site-packages/torio/_extension/utils.py", line 94, in _load_lib
    torch.ops.load_library(path)
  File "/home/hello-robot/.local/lib/python3.10/site-packages/torch/_ops.py", line 1032, in load_library
    ctypes.CDLL(path)
  File "/usr/lib/python3.10/ctypes/__init__.py", line 374, in __init__
    self._handle = _dlopen(self._name, mode)
OSError: libavutil.so.57: cannot open shared object file: No such file or directory
2025-04-16 15:17:05.939 - RealTimeSTT: torio._extension.utils - DEBUG - Loading FFmpeg4
2025-04-16 15:17:06.181 - RealTimeSTT: torio._extension.utils - DEBUG - Successfully loaded FFmpeg4
2025-04-16 15:17:06.394 - RealTimeSTT: root - DEBUG - Silero VAD voice activity detection engine initialized successfully
2025-04-16 15:17:06.535 - RealTimeSTT: root - DEBUG - Starting realtime worker
2025-04-16 15:17:06.536 - RealTimeSTT: root - DEBUG - Waiting for main transcription model to start
2025-04-16 15:17:06.542 - RealTimeSTT: faster_whisper - INFO - Processing audio with duration 00:01.620
2025-04-16 15:17:06.585 - RealTimeSTT: faster_whisper - INFO - VAD filter removed 00:00.000 of audio
2025-04-16 15:17:06.949 - RealTimeSTT: root - DEBUG - _audio_data_worker writing audio data into queue.
2025-04-16 15:17:07.973 - RealTimeSTT: root - DEBUG - _audio_data_worker writing audio data into queue.
2025-04-16 15:17:08.218 - RealTimeSTT: root - DEBUG - Faster_whisper main speech to text transcription model initialized successfully
2025-04-16 15:17:08.218 - RealTimeSTT: root - DEBUG - Main transcription model ready
2025-04-16 15:17:08.219 - RealTimeSTT: root - DEBUG - RealtimeSTT initialization completed successfully
2025-04-16 15:17:08.997 - RealTimeSTT: root - DEBUG - _audio_data_worker writing audio data into queue.
2025-04-16 15:17:10.021 - RealTimeSTT: root - DEBUG - _audio_data_worker writing audio data into queue.
2025-04-16 15:17:11.045 - RealTimeSTT: root - DEBUG - _audio_data_worker writing audio data into queue.
2025-04-16 15:17:12.069 - RealTimeSTT: root - DEBUG - _audio_data_worker writing audio data into queue.
2025-04-16 15:17:13.093 - RealTimeSTT: root - DEBUG - _audio_data_worker writing audio data into queue.
2025-04-16 15:17:14.117 - RealTimeSTT: root - DEBUG - _audio_data_worker writing audio data into queue.
2025-04-16 15:17:15.141 - RealTimeSTT: root - DEBUG - _audio_data_worker writing audio data into queue.
2025-04-16 15:17:16.165 - RealTimeSTT: root - DEBUG - _audio_data_worker writing audio data into queue.
2025-04-16 15:17:17.189 - RealTimeSTT: root - DEBUG - _audio_data_worker writing audio data into queue.
2025-04-16 15:17:18.213 - RealTimeSTT: root - DEBUG - _audio_data_worker writing audio data into queue.
2025-04-16 15:17:19.237 - RealTimeSTT: root - DEBUG - _audio_data_worker writing audio data into queue.
2025-04-16 15:17:20.261 - RealTimeSTT: root - DEBUG - _audio_data_worker writing audio data into queue.
2025-04-16 15:17:21.285 - RealTimeSTT: root - DEBUG - _audio_data_worker writing audio data into queue.
2025-04-16 15:17:22.309 - RealTimeSTT: root - DEBUG - _audio_data_worker writing audio data into queue.
2025-04-16 15:17:23.333 - RealTimeSTT: root - DEBUG - _audio_data_worker writing audio data into queue.
2025-04-16 15:17:24.357 - RealTimeSTT: root - DEBUG - _audio_data_worker writing audio data into queue.
2025-04-16 15:17:25.381 - RealTimeSTT: root - DEBUG - _audio_data_worker writing audio data into queue.
2025-04-16 15:17:26.405 - RealTimeSTT: root - DEBUG - _audio_data_worker writing audio data into queue.
2025-04-16 15:17:27.429 - RealTimeSTT: root - DEBUG - _audio_data_worker writing audio data into queue.
2025-04-16 15:17:28.453 - RealTimeSTT: root - DEBUG - _audio_data_worker writing audio data into queue.
2025-04-16 15:17:29.477 - RealTimeSTT: root - DEBUG - _audio_data_worker writing audio data into queue.
2025-04-16 15:17:30.501 - RealTimeSTT: root - DEBUG - _audio_data_worker writing audio data into queue.
2025-04-16 15:17:31.525 - RealTimeSTT: root - DEBUG - _audio_data_worker writing audio data into queue.
2025-04-16 15:17:32.549 - RealTimeSTT: root - DEBUG - _audio_data_worker writing audio data into queue.
2025-04-16 15:17:33.573 - RealTimeSTT: root - DEBUG - _audio_data_worker writing audio data into queue.
2025-04-16 15:17:34.597 - RealTimeSTT: root - DEBUG - _audio_data_worker writing audio data into queue.
2025-04-16 15:17:35.621 - RealTimeSTT: root - DEBUG - _audio_data_worker writing audio data into queue.
2025-04-16 15:17:36.645 - RealTimeSTT: root - DEBUG - _audio_data_worker writing audio data into queue.
2025-04-16 15:17:37.669 - RealTimeSTT: root - DEBUG - _audio_data_worker writing audio data into queue.
2025-04-16 15:17:38.693 - RealTimeSTT: root - DEBUG - _audio_data_worker writing audio data into queue.
2025-04-16 15:17:39.717 - RealTimeSTT: root - DEBUG - _audio_data_worker writing audio data into queue.
2025-04-16 15:17:40.741 - RealTimeSTT: root - DEBUG - _audio_data_worker writing audio data into queue.
2025-04-16 15:17:41.765 - RealTimeSTT: root - DEBUG - _audio_data_worker writing audio data into queue.
2025-04-16 15:17:42.789 - RealTimeSTT: root - DEBUG - _audio_data_worker writing audio data into queue.
2025-04-16 15:17:43.813 - RealTimeSTT: root - DEBUG - _audio_data_worker writing audio data into queue.
2025-04-16 15:17:44.837 - RealTimeSTT: root - DEBUG - _audio_data_worker writing audio data into queue.
2025-04-16 15:17:45.861 - RealTimeSTT: root - DEBUG - _audio_data_worker writing audio data into queue.
2025-04-16 15:17:46.885 - RealTimeSTT: root - DEBUG - _audio_data_worker writing audio data into queue.
2025-04-16 15:17:47.909 - RealTimeSTT: root - DEBUG - _audio_data_worker writing audio data into queue.
2025-04-16 15:17:48.048 - RealTimeSTT: gtts.tts - DEBUG - text: Good morning Bill. Here is a reminder to take your morning medication.
2025-04-16 15:17:48.048 - RealTimeSTT: gtts.tts - DEBUG - tld: com
2025-04-16 15:17:48.048 - RealTimeSTT: gtts.tts - DEBUG - lang: en
2025-04-16 15:17:48.048 - RealTimeSTT: gtts.tts - DEBUG - slow: False
2025-04-16 15:17:48.048 - RealTimeSTT: gtts.tts - DEBUG - lang_check: True
2025-04-16 15:17:48.048 - RealTimeSTT: gtts.tts - DEBUG - pre_processor_funcs: [<function tone_marks at 0x7c13b0f35a20>, <function end_of_line at 0x7c13b0f36290>, <function abbreviations at 0x7c13b0f36320>, <function word_sub at 0x7c13b0f363b0>]
2025-04-16 15:17:48.048 - RealTimeSTT: gtts.tts - DEBUG - tokenizer_func: <bound method Tokenizer.run of re.compile('(?<=\\?).|(?<=!).|(?<=？).|(?<=！).|(?<!\\.[a-z])\\. |(?<!\\.[a-z]), |(?<!\\d):|、|\\(|…|：|—|\\\n|。|，|¿|،|\\)|\\]|;|¡|\\[|‥', re.IGNORECASE) from: [<function tone_marks at 0x7c13b0f36560>, <function period_comma at 0x7c13b0f365f0>, <function colon at 0x7c13b0f36680>, <function other_punctuation at 0x7c13b0f36710>]>
2025-04-16 15:17:48.048 - RealTimeSTT: gtts.tts - DEBUG - timeout: None
2025-04-16 15:17:48.048 - RealTimeSTT: gtts.lang - DEBUG - langs: {'af': 'Afrikaans', 'ar': 'Arabic', 'bg': 'Bulgarian', 'bn': 'Bengali', 'bs': 'Bosnian', 'ca': 'Catalan', 'cs': 'Czech', 'da': 'Danish', 'de': 'German', 'el': 'Greek', 'en': 'English', 'es': 'Spanish', 'et': 'Estonian', 'fi': 'Finnish', 'fr': 'French', 'gu': 'Gujarati', 'hi': 'Hindi', 'hr': 'Croatian', 'hu': 'Hungarian', 'id': 'Indonesian', 'is': 'Icelandic', 'it': 'Italian', 'iw': 'Hebrew', 'ja': 'Japanese', 'jw': 'Javanese', 'km': 'Khmer', 'kn': 'Kannada', 'ko': 'Korean', 'la': 'Latin', 'lv': 'Latvian', 'ml': 'Malayalam', 'mr': 'Marathi', 'ms': 'Malay', 'my': 'Myanmar (Burmese)', 'ne': 'Nepali', 'nl': 'Dutch', 'no': 'Norwegian', 'pl': 'Polish', 'pt': 'Portuguese', 'ro': 'Romanian', 'ru': 'Russian', 'si': 'Sinhala', 'sk': 'Slovak', 'sq': 'Albanian', 'sr': 'Serbian', 'su': 'Sundanese', 'sv': 'Swedish', 'sw': 'Swahili', 'ta': 'Tamil', 'te': 'Telugu', 'th': 'Thai', 'tl': 'Filipino', 'tr': 'Turkish', 'uk': 'Ukrainian', 'ur': 'Urdu', 'vi': 'Vietnamese', 'zh-CN': 'Chinese (Simplified)', 'zh-TW': 'Chinese (Mandarin/Taiwan)', 'zh': 'Chinese (Mandarin)'}
2025-04-16 15:17:48.049 - RealTimeSTT: gtts.tts - DEBUG - pre-processing: <function tone_marks at 0x7c13b0f35a20>
2025-04-16 15:17:48.049 - RealTimeSTT: gtts.tts - DEBUG - pre-processing: <function end_of_line at 0x7c13b0f36290>
2025-04-16 15:17:48.049 - RealTimeSTT: gtts.tts - DEBUG - pre-processing: <function abbreviations at 0x7c13b0f36320>
2025-04-16 15:17:48.050 - RealTimeSTT: gtts.tts - DEBUG - pre-processing: <function word_sub at 0x7c13b0f363b0>
2025-04-16 15:17:48.050 - RealTimeSTT: gtts.tts - DEBUG - text_parts: ['Good morning Bill. Here is a reminder to take your morning medication.']
2025-04-16 15:17:48.050 - RealTimeSTT: gtts.tts - DEBUG - text_parts: 1
2025-04-16 15:17:48.051 - RealTimeSTT: gtts.tts - DEBUG - data-0: f.req=%5B%5B%5B%22jQ1olc%22%2C%22%5B%5C%22Good%20morning%20Bill.%20Here%20is%20a%20reminder%20to%20take%20your%20morning%20medication.%5C%22%2C%5C%22en%5C%22%2Cnull%2C%5C%22null%5C%22%5D%22%2Cnull%2C%22generic%22%5D%5D%5D&
2025-04-16 15:17:48.052 - RealTimeSTT: urllib3.connectionpool - DEBUG - Starting new HTTPS connection (1): translate.google.com:443
2025-04-16 15:17:48.362 - RealTimeSTT: urllib3.connectionpool - DEBUG - https://translate.google.com:443 "POST /_/TranslateWebserverUi/data/batchexecute HTTP/1.1" 200 None
2025-04-16 15:17:48.384 - RealTimeSTT: gtts.tts - DEBUG - headers-0: {'Referer': 'http://translate.google.com/', 'User-Agent': 'Mozilla/5.0 (Windows NT 10.0; WOW64) AppleWebKit/537.36 (KHTML, like Gecko) Chrome/47.0.2526.106 Safari/537.36', 'Content-Type': 'application/x-www-form-urlencoded;charset=utf-8', 'Content-Length': '222'}
2025-04-16 15:17:48.384 - RealTimeSTT: gtts.tts - DEBUG - url-0: https://translate.google.com/_/TranslateWebserverUi/data/batchexecute
2025-04-16 15:17:48.384 - RealTimeSTT: gtts.tts - DEBUG - status-0: 200
2025-04-16 15:17:48.386 - RealTimeSTT: gtts.tts - DEBUG - part-0 written to <_io.BufferedWriter name='/tmp/tmpwbzfjk_x.mp4'>
2025-04-16 15:17:48.386 - RealTimeSTT: gtts.tts - DEBUG - part-0 created
2025-04-16 15:17:48.386 - RealTimeSTT: gtts.tts - DEBUG - Saved to /tmp/tmpwbzfjk_x.mp4
2025-04-16 15:17:48.933 - RealTimeSTT: root - DEBUG - _audio_data_worker writing audio data into queue.
2025-04-16 15:17:49.957 - RealTimeSTT: root - DEBUG - _audio_data_worker writing audio data into queue.
2025-04-16 15:17:50.981 - RealTimeSTT: root - DEBUG - _audio_data_worker writing audio data into queue.
2025-04-16 15:17:52.005 - RealTimeSTT: root - DEBUG - _audio_data_worker writing audio data into queue.
2025-04-16 15:17:53.029 - RealTimeSTT: root - DEBUG - _audio_data_worker writing audio data into queue.
2025-04-16 15:17:54.053 - RealTimeSTT: root - DEBUG - _audio_data_worker writing audio data into queue.
2025-04-16 15:17:55.077 - RealTimeSTT: root - DEBUG - _audio_data_worker writing audio data into queue.
2025-04-16 15:17:56.101 - RealTimeSTT: root - DEBUG - _audio_data_worker writing audio data into queue.
2025-04-16 15:17:57.125 - RealTimeSTT: root - DEBUG - _audio_data_worker writing audio data into queue.
2025-04-16 15:17:58.149 - RealTimeSTT: root - DEBUG - _audio_data_worker writing audio data into queue.
2025-04-16 15:17:59.173 - RealTimeSTT: root - DEBUG - _audio_data_worker writing audio data into queue.
2025-04-16 15:18:00.197 - RealTimeSTT: root - DEBUG - _audio_data_worker writing audio data into queue.
2025-04-16 15:18:01.221 - RealTimeSTT: root - DEBUG - _audio_data_worker writing audio data into queue.
2025-04-16 15:18:02.245 - RealTimeSTT: root - DEBUG - _audio_data_worker writing audio data into queue.
2025-04-16 15:18:03.269 - RealTimeSTT: root - DEBUG - _audio_data_worker writing audio data into queue.
2025-04-16 15:18:04.293 - RealTimeSTT: root - DEBUG - _audio_data_worker writing audio data into queue.
2025-04-16 15:18:05.317 - RealTimeSTT: root - DEBUG - _audio_data_worker writing audio data into queue.
2025-04-16 15:18:06.341 - RealTimeSTT: root - DEBUG - _audio_data_worker writing audio data into queue.
2025-04-16 15:18:07.365 - RealTimeSTT: root - DEBUG - _audio_data_worker writing audio data into queue.
2025-04-16 15:18:08.389 - RealTimeSTT: root - DEBUG - _audio_data_worker writing audio data into queue.
2025-04-16 15:18:09.413 - RealTimeSTT: root - DEBUG - _audio_data_worker writing audio data into queue.
2025-04-16 15:18:10.437 - RealTimeSTT: root - DEBUG - _audio_data_worker writing audio data into queue.
2025-04-16 15:18:11.461 - RealTimeSTT: root - DEBUG - _audio_data_worker writing audio data into queue.
2025-04-16 15:18:12.485 - RealTimeSTT: root - DEBUG - _audio_data_worker writing audio data into queue.
2025-04-16 15:18:13.509 - RealTimeSTT: root - DEBUG - _audio_data_worker writing audio data into queue.
2025-04-16 15:18:14.533 - RealTimeSTT: root - DEBUG - _audio_data_worker writing audio data into queue.
2025-04-16 15:18:15.557 - RealTimeSTT: root - DEBUG - _audio_data_worker writing audio data into queue.
2025-04-16 15:18:16.581 - RealTimeSTT: root - DEBUG - _audio_data_worker writing audio data into queue.
2025-04-16 15:18:17.605 - RealTimeSTT: root - DEBUG - _audio_data_worker writing audio data into queue.
2025-04-16 15:18:18.629 - RealTimeSTT: root - DEBUG - _audio_data_worker writing audio data into queue.
2025-04-16 15:18:19.653 - RealTimeSTT: root - DEBUG - _audio_data_worker writing audio data into queue.
2025-04-16 15:18:20.677 - RealTimeSTT: root - DEBUG - _audio_data_worker writing audio data into queue.
2025-04-16 15:18:21.701 - RealTimeSTT: root - DEBUG - _audio_data_worker writing audio data into queue.
2025-04-16 15:18:22.725 - RealTimeSTT: root - DEBUG - _audio_data_worker writing audio data into queue.
2025-04-16 15:18:23.749 - RealTimeSTT: root - DEBUG - _audio_data_worker writing audio data into queue.
2025-04-16 15:18:24.773 - RealTimeSTT: root - DEBUG - _audio_data_worker writing audio data into queue.
2025-04-16 15:18:25.797 - RealTimeSTT: root - DEBUG - _audio_data_worker writing audio data into queue.
2025-04-16 15:18:26.821 - RealTimeSTT: root - DEBUG - _audio_data_worker writing audio data into queue.
2025-04-16 15:18:27.845 - RealTimeSTT: root - DEBUG - _audio_data_worker writing audio data into queue.
2025-04-16 15:18:28.869 - RealTimeSTT: root - DEBUG - _audio_data_worker writing audio data into queue.
2025-04-16 15:18:29.893 - RealTimeSTT: root - DEBUG - _audio_data_worker writing audio data into queue.
2025-04-16 15:18:30.917 - RealTimeSTT: root - DEBUG - _audio_data_worker writing audio data into queue.
2025-04-16 15:18:31.941 - RealTimeSTT: root - DEBUG - _audio_data_worker writing audio data into queue.
2025-04-16 15:18:32.965 - RealTimeSTT: root - DEBUG - _audio_data_worker writing audio data into queue.
2025-04-16 15:18:33.989 - RealTimeSTT: root - DEBUG - _audio_data_worker writing audio data into queue.
2025-04-16 15:18:35.013 - RealTimeSTT: root - DEBUG - _audio_data_worker writing audio data into queue.
2025-04-16 15:18:36.037 - RealTimeSTT: root - DEBUG - _audio_data_worker writing audio data into queue.
2025-04-16 15:18:37.061 - RealTimeSTT: root - DEBUG - _audio_data_worker writing audio data into queue.
2025-04-16 15:18:38.085 - RealTimeSTT: root - DEBUG - _audio_data_worker writing audio data into queue.
2025-04-16 15:18:39.109 - RealTimeSTT: root - DEBUG - _audio_data_worker writing audio data into queue.
2025-04-16 15:18:40.133 - RealTimeSTT: root - DEBUG - _audio_data_worker writing audio data into queue.
2025-04-16 15:18:41.157 - RealTimeSTT: root - DEBUG - _audio_data_worker writing audio data into queue.
2025-04-16 15:18:42.181 - RealTimeSTT: root - DEBUG - _audio_data_worker writing audio data into queue.
2025-04-16 15:18:43.205 - RealTimeSTT: root - DEBUG - _audio_data_worker writing audio data into queue.
2025-04-16 15:18:44.229 - RealTimeSTT: root - DEBUG - _audio_data_worker writing audio data into queue.
2025-04-16 15:18:45.253 - RealTimeSTT: root - DEBUG - _audio_data_worker writing audio data into queue.
2025-04-16 15:18:46.277 - RealTimeSTT: root - DEBUG - _audio_data_worker writing audio data into queue.
2025-04-16 15:18:47.301 - RealTimeSTT: root - DEBUG - _audio_data_worker writing audio data into queue.
2025-04-16 15:18:48.325 - RealTimeSTT: root - DEBUG - _audio_data_worker writing audio data into queue.
2025-04-16 15:18:49.349 - RealTimeSTT: root - DEBUG - _audio_data_worker writing audio data into queue.
2025-04-16 15:18:50.373 - RealTimeSTT: root - DEBUG - _audio_data_worker writing audio data into queue.
2025-04-16 15:18:51.397 - RealTimeSTT: root - DEBUG - _audio_data_worker writing audio data into queue.
2025-04-16 15:18:52.421 - RealTimeSTT: root - DEBUG - _audio_data_worker writing audio data into queue.
2025-04-16 15:18:53.445 - RealTimeSTT: root - DEBUG - _audio_data_worker writing audio data into queue.
2025-04-16 15:18:54.469 - RealTimeSTT: root - DEBUG - _audio_data_worker writing audio data into queue.
2025-04-16 15:18:55.493 - RealTimeSTT: root - DEBUG - _audio_data_worker writing audio data into queue.
2025-04-16 15:18:56.517 - RealTimeSTT: root - DEBUG - _audio_data_worker writing audio data into queue.
2025-04-16 15:18:57.541 - RealTimeSTT: root - DEBUG - _audio_data_worker writing audio data into queue.
2025-04-16 15:18:58.565 - RealTimeSTT: root - DEBUG - _audio_data_worker writing audio data into queue.
2025-04-16 15:18:59.589 - RealTimeSTT: root - DEBUG - _audio_data_worker writing audio data into queue.
2025-04-16 15:19:00.613 - RealTimeSTT: root - DEBUG - _audio_data_worker writing audio data into queue.
2025-04-16 15:19:01.637 - RealTimeSTT: root - DEBUG - _audio_data_worker writing audio data into queue.
2025-04-16 15:19:02.661 - RealTimeSTT: root - DEBUG - _audio_data_worker writing audio data into queue.
2025-04-16 15:19:03.685 - RealTimeSTT: root - DEBUG - _audio_data_worker writing audio data into queue.
2025-04-16 15:19:04.709 - RealTimeSTT: root - DEBUG - _audio_data_worker writing audio data into queue.
2025-04-16 15:19:05.733 - RealTimeSTT: root - DEBUG - _audio_data_worker writing audio data into queue.
2025-04-16 15:19:06.757 - RealTimeSTT: root - DEBUG - _audio_data_worker writing audio data into queue.
2025-04-16 15:19:07.781 - RealTimeSTT: root - DEBUG - _audio_data_worker writing audio data into queue.
2025-04-16 15:19:08.805 - RealTimeSTT: root - DEBUG - _audio_data_worker writing audio data into queue.
2025-04-16 15:19:09.829 - RealTimeSTT: root - DEBUG - _audio_data_worker writing audio data into queue.
2025-04-16 15:19:10.853 - RealTimeSTT: root - DEBUG - _audio_data_worker writing audio data into queue.
2025-04-16 15:19:11.877 - RealTimeSTT: root - DEBUG - _audio_data_worker writing audio data into queue.
2025-04-16 15:19:12.901 - RealTimeSTT: root - DEBUG - _audio_data_worker writing audio data into queue.
2025-04-16 15:19:13.925 - RealTimeSTT: root - DEBUG - _audio_data_worker writing audio data into queue.
2025-04-16 15:19:14.949 - RealTimeSTT: root - DEBUG - _audio_data_worker writing audio data into queue.
2025-04-16 15:19:15.973 - RealTimeSTT: root - DEBUG - _audio_data_worker writing audio data into queue.
2025-04-16 15:19:16.997 - RealTimeSTT: root - DEBUG - _audio_data_worker writing audio data into queue.
2025-04-16 15:19:18.021 - RealTimeSTT: root - DEBUG - _audio_data_worker writing audio data into queue.
2025-04-16 15:19:19.045 - RealTimeSTT: root - DEBUG - _audio_data_worker writing audio data into queue.
2025-04-16 15:19:20.069 - RealTimeSTT: root - DEBUG - _audio_data_worker writing audio data into queue.
2025-04-16 15:19:21.093 - RealTimeSTT: root - DEBUG - _audio_data_worker writing audio data into queue.
2025-04-16 15:19:22.117 - RealTimeSTT: root - DEBUG - _audio_data_worker writing audio data into queue.
2025-04-16 15:19:23.141 - RealTimeSTT: root - DEBUG - _audio_data_worker writing audio data into queue.
2025-04-16 15:19:24.165 - RealTimeSTT: root - DEBUG - _audio_data_worker writing audio data into queue.
2025-04-16 15:19:25.189 - RealTimeSTT: root - DEBUG - _audio_data_worker writing audio data into queue.
2025-04-16 15:19:26.213 - RealTimeSTT: root - DEBUG - _audio_data_worker writing audio data into queue.
2025-04-16 15:19:27.237 - RealTimeSTT: root - DEBUG - _audio_data_worker writing audio data into queue.
2025-04-16 15:19:28.261 - RealTimeSTT: root - DEBUG - _audio_data_worker writing audio data into queue.
2025-04-16 15:19:29.285 - RealTimeSTT: root - DEBUG - _audio_data_worker writing audio data into queue.
2025-04-16 15:19:30.309 - RealTimeSTT: root - DEBUG - _audio_data_worker writing audio data into queue.
2025-04-16 15:19:31.333 - RealTimeSTT: root - DEBUG - _audio_data_worker writing audio data into queue.
2025-04-16 15:19:32.357 - RealTimeSTT: root - DEBUG - _audio_data_worker writing audio data into queue.
2025-04-16 15:19:33.381 - RealTimeSTT: root - DEBUG - _audio_data_worker writing audio data into queue.
2025-04-16 15:19:34.405 - RealTimeSTT: root - DEBUG - _audio_data_worker writing audio data into queue.
2025-04-16 15:19:35.429 - RealTimeSTT: root - DEBUG - _audio_data_worker writing audio data into queue.
2025-04-16 15:19:36.453 - RealTimeSTT: root - DEBUG - _audio_data_worker writing audio data into queue.
2025-04-16 15:19:37.477 - RealTimeSTT: root - DEBUG - _audio_data_worker writing audio data into queue.
2025-04-16 15:19:38.501 - RealTimeSTT: root - DEBUG - _audio_data_worker writing audio data into queue.
2025-04-16 15:19:39.525 - RealTimeSTT: root - DEBUG - _audio_data_worker writing audio data into queue.
2025-04-16 15:19:40.549 - RealTimeSTT: root - DEBUG - _audio_data_worker writing audio data into queue.
2025-04-16 15:19:41.573 - RealTimeSTT: root - DEBUG - _audio_data_worker writing audio data into queue.
2025-04-16 15:19:42.597 - RealTimeSTT: root - DEBUG - _audio_data_worker writing audio data into queue.
2025-04-16 15:19:43.621 - RealTimeSTT: root - DEBUG - _audio_data_worker writing audio data into queue.
2025-04-16 15:19:44.644 - RealTimeSTT: root - DEBUG - _audio_data_worker writing audio data into queue.
2025-04-16 15:19:45.214 - RealTimeSTT: gtts.tts - DEBUG - text: Good morning Bill. Here is the second reminder to take your morning medication incase you haven’t.
2025-04-16 15:19:45.214 - RealTimeSTT: gtts.tts - DEBUG - tld: com
2025-04-16 15:19:45.214 - RealTimeSTT: gtts.tts - DEBUG - lang: en
2025-04-16 15:19:45.214 - RealTimeSTT: gtts.tts - DEBUG - slow: False
2025-04-16 15:19:45.214 - RealTimeSTT: gtts.tts - DEBUG - lang_check: True
2025-04-16 15:19:45.214 - RealTimeSTT: gtts.tts - DEBUG - pre_processor_funcs: [<function tone_marks at 0x7c13b0f35a20>, <function end_of_line at 0x7c13b0f36290>, <function abbreviations at 0x7c13b0f36320>, <function word_sub at 0x7c13b0f363b0>]
2025-04-16 15:19:45.214 - RealTimeSTT: gtts.tts - DEBUG - tokenizer_func: <bound method Tokenizer.run of re.compile('(?<=\\?).|(?<=!).|(?<=？).|(?<=！).|(?<!\\.[a-z])\\. |(?<!\\.[a-z]), |(?<!\\d):|、|\\(|…|：|—|\\\n|。|，|¿|،|\\)|\\]|;|¡|\\[|‥', re.IGNORECASE) from: [<function tone_marks at 0x7c13b0f36560>, <function period_comma at 0x7c13b0f365f0>, <function colon at 0x7c13b0f36680>, <function other_punctuation at 0x7c13b0f36710>]>
2025-04-16 15:19:45.214 - RealTimeSTT: gtts.tts - DEBUG - timeout: None
2025-04-16 15:19:45.214 - RealTimeSTT: gtts.lang - DEBUG - langs: {'af': 'Afrikaans', 'ar': 'Arabic', 'bg': 'Bulgarian', 'bn': 'Bengali', 'bs': 'Bosnian', 'ca': 'Catalan', 'cs': 'Czech', 'da': 'Danish', 'de': 'German', 'el': 'Greek', 'en': 'English', 'es': 'Spanish', 'et': 'Estonian', 'fi': 'Finnish', 'fr': 'French', 'gu': 'Gujarati', 'hi': 'Hindi', 'hr': 'Croatian', 'hu': 'Hungarian', 'id': 'Indonesian', 'is': 'Icelandic', 'it': 'Italian', 'iw': 'Hebrew', 'ja': 'Japanese', 'jw': 'Javanese', 'km': 'Khmer', 'kn': 'Kannada', 'ko': 'Korean', 'la': 'Latin', 'lv': 'Latvian', 'ml': 'Malayalam', 'mr': 'Marathi', 'ms': 'Malay', 'my': 'Myanmar (Burmese)', 'ne': 'Nepali', 'nl': 'Dutch', 'no': 'Norwegian', 'pl': 'Polish', 'pt': 'Portuguese', 'ro': 'Romanian', 'ru': 'Russian', 'si': 'Sinhala', 'sk': 'Slovak', 'sq': 'Albanian', 'sr': 'Serbian', 'su': 'Sundanese', 'sv': 'Swedish', 'sw': 'Swahili', 'ta': 'Tamil', 'te': 'Telugu', 'th': 'Thai', 'tl': 'Filipino', 'tr': 'Turkish', 'uk': 'Ukrainian', 'ur': 'Urdu', 'vi': 'Vietnamese', 'zh-CN': 'Chinese (Simplified)', 'zh-TW': 'Chinese (Mandarin/Taiwan)', 'zh': 'Chinese (Mandarin)'}
2025-04-16 15:19:45.214 - RealTimeSTT: gtts.tts - DEBUG - pre-processing: <function tone_marks at 0x7c13b0f35a20>
2025-04-16 15:19:45.215 - RealTimeSTT: gtts.tts - DEBUG - pre-processing: <function end_of_line at 0x7c13b0f36290>
2025-04-16 15:19:45.215 - RealTimeSTT: gtts.tts - DEBUG - pre-processing: <function abbreviations at 0x7c13b0f36320>
2025-04-16 15:19:45.215 - RealTimeSTT: gtts.tts - DEBUG - pre-processing: <function word_sub at 0x7c13b0f363b0>
2025-04-16 15:19:45.215 - RealTimeSTT: gtts.tts - DEBUG - text_parts: ['Good morning Bill. Here is the second reminder to take your morning medication incase you haven’t.']
2025-04-16 15:19:45.215 - RealTimeSTT: gtts.tts - DEBUG - text_parts: 1
2025-04-16 15:19:45.215 - RealTimeSTT: gtts.tts - DEBUG - data-0: f.req=%5B%5B%5B%22jQ1olc%22%2C%22%5B%5C%22Good%20morning%20Bill.%20Here%20is%20the%20second%20reminder%20to%20take%20your%20morning%20medication%20incase%20you%20haven%5C%5Cu2019t.%5C%22%2C%5C%22en%5C%22%2Cnull%2C%5C%22null%5C%22%5D%22%2Cnull%2C%22generic%22%5D%5D%5D&
2025-04-16 15:19:45.216 - RealTimeSTT: urllib3.connectionpool - DEBUG - Starting new HTTPS connection (1): translate.google.com:443
2025-04-16 15:19:45.591 - RealTimeSTT: urllib3.connectionpool - DEBUG - https://translate.google.com:443 "POST /_/TranslateWebserverUi/data/batchexecute HTTP/1.1" 200 None
2025-04-16 15:19:45.621 - RealTimeSTT: gtts.tts - DEBUG - headers-0: {'Referer': 'http://translate.google.com/', 'User-Agent': 'Mozilla/5.0 (Windows NT 10.0; WOW64) AppleWebKit/537.36 (KHTML, like Gecko) Chrome/47.0.2526.106 Safari/537.36', 'Content-Type': 'application/x-www-form-urlencoded;charset=utf-8', 'Content-Length': '268'}
2025-04-16 15:19:45.621 - RealTimeSTT: gtts.tts - DEBUG - url-0: https://translate.google.com/_/TranslateWebserverUi/data/batchexecute
2025-04-16 15:19:45.621 - RealTimeSTT: gtts.tts - DEBUG - status-0: 200
2025-04-16 15:19:45.623 - RealTimeSTT: gtts.tts - DEBUG - part-0 written to <_io.BufferedWriter name='/tmp/tmpe6myngvp.mp4'>
2025-04-16 15:19:45.623 - RealTimeSTT: gtts.tts - DEBUG - part-0 created
2025-04-16 15:19:45.623 - RealTimeSTT: gtts.tts - DEBUG - Saved to /tmp/tmpe6myngvp.mp4
2025-04-16 15:19:45.668 - RealTimeSTT: root - DEBUG - _audio_data_worker writing audio data into queue.
2025-04-16 15:19:46.692 - RealTimeSTT: root - DEBUG - _audio_data_worker writing audio data into queue.
2025-04-16 15:19:47.716 - RealTimeSTT: root - DEBUG - _audio_data_worker writing audio data into queue.
2025-04-16 15:19:48.740 - RealTimeSTT: root - DEBUG - _audio_data_worker writing audio data into queue.
2025-04-16 15:19:49.764 - RealTimeSTT: root - DEBUG - _audio_data_worker writing audio data into queue.
2025-04-16 15:19:50.788 - RealTimeSTT: root - DEBUG - _audio_data_worker writing audio data into queue.
2025-04-16 15:19:51.812 - RealTimeSTT: root - DEBUG - _audio_data_worker writing audio data into queue.
2025-04-16 15:19:52.836 - RealTimeSTT: root - DEBUG - _audio_data_worker writing audio data into queue.
2025-04-16 15:19:53.860 - RealTimeSTT: root - DEBUG - _audio_data_worker writing audio data into queue.
2025-04-16 15:19:54.884 - RealTimeSTT: root - DEBUG - _audio_data_worker writing audio data into queue.
2025-04-16 15:19:55.908 - RealTimeSTT: root - DEBUG - _audio_data_worker writing audio data into queue.
2025-04-16 15:19:56.932 - RealTimeSTT: root - DEBUG - _audio_data_worker writing audio data into queue.
2025-04-16 15:19:57.956 - RealTimeSTT: root - DEBUG - _audio_data_worker writing audio data into queue.
2025-04-16 15:19:58.980 - RealTimeSTT: root - DEBUG - _audio_data_worker writing audio data into queue.
2025-04-16 15:20:00.004 - RealTimeSTT: root - DEBUG - _audio_data_worker writing audio data into queue.
2025-04-16 15:20:01.028 - RealTimeSTT: root - DEBUG - _audio_data_worker writing audio data into queue.
2025-04-16 15:20:02.052 - RealTimeSTT: root - DEBUG - _audio_data_worker writing audio data into queue.
2025-04-16 15:20:03.076 - RealTimeSTT: root - DEBUG - _audio_data_worker writing audio data into queue.
2025-04-16 15:20:04.100 - RealTimeSTT: root - DEBUG - _audio_data_worker writing audio data into queue.
2025-04-16 15:20:05.124 - RealTimeSTT: root - DEBUG - _audio_data_worker writing audio data into queue.
2025-04-16 15:20:06.148 - RealTimeSTT: root - DEBUG - _audio_data_worker writing audio data into queue.
2025-04-16 15:20:07.172 - RealTimeSTT: root - DEBUG - _audio_data_worker writing audio data into queue.
2025-04-16 15:20:08.196 - RealTimeSTT: root - DEBUG - _audio_data_worker writing audio data into queue.
2025-04-16 15:20:09.220 - RealTimeSTT: root - DEBUG - _audio_data_worker writing audio data into queue.
2025-04-16 15:20:10.244 - RealTimeSTT: root - DEBUG - _audio_data_worker writing audio data into queue.
2025-04-16 15:20:11.268 - RealTimeSTT: root - DEBUG - _audio_data_worker writing audio data into queue.
2025-04-16 15:20:12.292 - RealTimeSTT: root - DEBUG - _audio_data_worker writing audio data into queue.
2025-04-16 15:20:13.316 - RealTimeSTT: root - DEBUG - _audio_data_worker writing audio data into queue.
2025-04-16 15:20:14.340 - RealTimeSTT: root - DEBUG - _audio_data_worker writing audio data into queue.
2025-04-16 15:20:15.364 - RealTimeSTT: root - DEBUG - _audio_data_worker writing audio data into queue.
2025-04-16 15:20:16.388 - RealTimeSTT: root - DEBUG - _audio_data_worker writing audio data into queue.
2025-04-16 15:20:17.412 - RealTimeSTT: root - DEBUG - _audio_data_worker writing audio data into queue.
2025-04-16 15:20:18.436 - RealTimeSTT: root - DEBUG - _audio_data_worker writing audio data into queue.
2025-04-16 15:20:19.460 - RealTimeSTT: root - DEBUG - _audio_data_worker writing audio data into queue.
2025-04-16 15:20:20.484 - RealTimeSTT: root - DEBUG - _audio_data_worker writing audio data into queue.
2025-04-16 15:20:21.508 - RealTimeSTT: root - DEBUG - _audio_data_worker writing audio data into queue.
2025-04-16 15:20:22.532 - RealTimeSTT: root - DEBUG - _audio_data_worker writing audio data into queue.
2025-04-16 15:20:23.556 - RealTimeSTT: root - DEBUG - _audio_data_worker writing audio data into queue.
2025-04-16 15:20:24.580 - RealTimeSTT: root - DEBUG - _audio_data_worker writing audio data into queue.
2025-04-16 15:20:25.604 - RealTimeSTT: root - DEBUG - _audio_data_worker writing audio data into queue.
2025-04-16 15:20:26.628 - RealTimeSTT: root - DEBUG - _audio_data_worker writing audio data into queue.
2025-04-16 15:20:27.652 - RealTimeSTT: root - DEBUG - _audio_data_worker writing audio data into queue.
2025-04-16 15:20:28.676 - RealTimeSTT: root - DEBUG - _audio_data_worker writing audio data into queue.
2025-04-16 15:20:29.700 - RealTimeSTT: root - DEBUG - _audio_data_worker writing audio data into queue.
2025-04-16 15:20:30.724 - RealTimeSTT: root - DEBUG - _audio_data_worker writing audio data into queue.
2025-04-16 15:20:31.748 - RealTimeSTT: root - DEBUG - _audio_data_worker writing audio data into queue.
2025-04-16 15:20:32.772 - RealTimeSTT: root - DEBUG - _audio_data_worker writing audio data into queue.
2025-04-16 15:20:33.796 - RealTimeSTT: root - DEBUG - _audio_data_worker writing audio data into queue.
2025-04-16 15:20:34.820 - RealTimeSTT: root - DEBUG - _audio_data_worker writing audio data into queue.
2025-04-16 15:20:35.844 - RealTimeSTT: root - DEBUG - _audio_data_worker writing audio data into queue.
2025-04-16 15:20:36.868 - RealTimeSTT: root - DEBUG - _audio_data_worker writing audio data into queue.
2025-04-16 15:20:37.892 - RealTimeSTT: root - DEBUG - _audio_data_worker writing audio data into queue.
2025-04-16 15:20:38.916 - RealTimeSTT: root - DEBUG - _audio_data_worker writing audio data into queue.
2025-04-16 15:20:39.940 - RealTimeSTT: root - DEBUG - _audio_data_worker writing audio data into queue.
2025-04-16 15:20:40.964 - RealTimeSTT: root - DEBUG - _audio_data_worker writing audio data into queue.
2025-04-16 15:20:41.988 - RealTimeSTT: root - DEBUG - _audio_data_worker writing audio data into queue.
2025-04-16 15:20:43.012 - RealTimeSTT: root - DEBUG - _audio_data_worker writing audio data into queue.
2025-04-16 15:20:44.036 - RealTimeSTT: root - DEBUG - _audio_data_worker writing audio data into queue.
2025-04-16 15:20:45.060 - RealTimeSTT: root - DEBUG - _audio_data_worker writing audio data into queue.
2025-04-16 15:20:46.084 - RealTimeSTT: root - DEBUG - _audio_data_worker writing audio data into queue.
2025-04-16 15:20:47.108 - RealTimeSTT: root - DEBUG - _audio_data_worker writing audio data into queue.
2025-04-16 15:20:48.132 - RealTimeSTT: root - DEBUG - _audio_data_worker writing audio data into queue.
2025-04-16 15:20:49.156 - RealTimeSTT: root - DEBUG - _audio_data_worker writing audio data into queue.
2025-04-16 15:20:50.180 - RealTimeSTT: root - DEBUG - _audio_data_worker writing audio data into queue.
2025-04-16 15:20:51.204 - RealTimeSTT: root - DEBUG - _audio_data_worker writing audio data into queue.
2025-04-16 15:20:52.228 - RealTimeSTT: root - DEBUG - _audio_data_worker writing audio data into queue.
2025-04-16 15:20:53.252 - RealTimeSTT: root - DEBUG - _audio_data_worker writing audio data into queue.
2025-04-16 15:20:54.276 - RealTimeSTT: root - DEBUG - _audio_data_worker writing audio data into queue.
2025-04-16 15:20:55.300 - RealTimeSTT: root - DEBUG - _audio_data_worker writing audio data into queue.
2025-04-16 15:20:56.324 - RealTimeSTT: root - DEBUG - _audio_data_worker writing audio data into queue.
2025-04-16 15:20:57.348 - RealTimeSTT: root - DEBUG - _audio_data_worker writing audio data into queue.
2025-04-16 15:20:58.372 - RealTimeSTT: root - DEBUG - _audio_data_worker writing audio data into queue.
2025-04-16 15:20:59.396 - RealTimeSTT: root - DEBUG - _audio_data_worker writing audio data into queue.
2025-04-16 15:21:00.420 - RealTimeSTT: root - DEBUG - _audio_data_worker writing audio data into queue.
2025-04-16 15:21:01.444 - RealTimeSTT: root - DEBUG - _audio_data_worker writing audio data into queue.
2025-04-16 15:21:02.468 - RealTimeSTT: root - DEBUG - _audio_data_worker writing audio data into queue.
2025-04-16 15:21:03.492 - RealTimeSTT: root - DEBUG - _audio_data_worker writing audio data into queue.
2025-04-16 15:21:04.516 - RealTimeSTT: root - DEBUG - _audio_data_worker writing audio data into queue.
2025-04-16 15:21:05.540 - RealTimeSTT: root - DEBUG - _audio_data_worker writing audio data into queue.
2025-04-16 15:21:06.564 - RealTimeSTT: root - DEBUG - _audio_data_worker writing audio data into queue.
2025-04-16 15:21:07.588 - RealTimeSTT: root - DEBUG - _audio_data_worker writing audio data into queue.
2025-04-16 15:21:08.612 - RealTimeSTT: root - DEBUG - _audio_data_worker writing audio data into queue.
2025-04-16 15:21:09.636 - RealTimeSTT: root - DEBUG - _audio_data_worker writing audio data into queue.
2025-04-16 15:21:10.660 - RealTimeSTT: root - DEBUG - _audio_data_worker writing audio data into queue.
2025-04-16 15:21:11.684 - RealTimeSTT: root - DEBUG - _audio_data_worker writing audio data into queue.
2025-04-16 15:21:12.708 - RealTimeSTT: root - DEBUG - _audio_data_worker writing audio data into queue.
2025-04-16 15:21:13.732 - RealTimeSTT: root - DEBUG - _audio_data_worker writing audio data into queue.
2025-04-16 15:21:14.756 - RealTimeSTT: root - DEBUG - _audio_data_worker writing audio data into queue.
2025-04-16 15:21:15.780 - RealTimeSTT: root - DEBUG - _audio_data_worker writing audio data into queue.
2025-04-16 15:21:16.804 - RealTimeSTT: root - DEBUG - _audio_data_worker writing audio data into queue.
2025-04-16 15:21:17.828 - RealTimeSTT: root - DEBUG - _audio_data_worker writing audio data into queue.
2025-04-16 15:21:18.852 - RealTimeSTT: root - DEBUG - _audio_data_worker writing audio data into queue.
2025-04-16 15:21:19.876 - RealTimeSTT: root - DEBUG - _audio_data_worker writing audio data into queue.
2025-04-16 15:21:20.900 - RealTimeSTT: root - DEBUG - _audio_data_worker writing audio data into queue.
2025-04-16 15:21:21.924 - RealTimeSTT: root - DEBUG - _audio_data_worker writing audio data into queue.
2025-04-16 15:21:22.948 - RealTimeSTT: root - DEBUG - _audio_data_worker writing audio data into queue.
2025-04-16 15:21:23.972 - RealTimeSTT: root - DEBUG - _audio_data_worker writing audio data into queue.
2025-04-16 15:21:24.996 - RealTimeSTT: root - DEBUG - _audio_data_worker writing audio data into queue.
2025-04-16 15:21:26.020 - RealTimeSTT: root - DEBUG - _audio_data_worker writing audio data into queue.
2025-04-16 15:21:27.044 - RealTimeSTT: root - DEBUG - _audio_data_worker writing audio data into queue.
2025-04-16 15:21:28.068 - RealTimeSTT: root - DEBUG - _audio_data_worker writing audio data into queue.
2025-04-16 15:21:29.092 - RealTimeSTT: root - DEBUG - _audio_data_worker writing audio data into queue.
2025-04-16 15:21:30.116 - RealTimeSTT: root - DEBUG - _audio_data_worker writing audio data into queue.
2025-04-16 15:21:31.140 - RealTimeSTT: root - DEBUG - _audio_data_worker writing audio data into queue.
2025-04-16 15:21:32.164 - RealTimeSTT: root - DEBUG - _audio_data_worker writing audio data into queue.
2025-04-16 15:21:33.188 - RealTimeSTT: root - DEBUG - _audio_data_worker writing audio data into queue.
2025-04-16 15:21:34.212 - RealTimeSTT: root - DEBUG - _audio_data_worker writing audio data into queue.
2025-04-16 15:21:35.236 - RealTimeSTT: root - DEBUG - _audio_data_worker writing audio data into queue.
2025-04-16 15:21:36.260 - RealTimeSTT: root - DEBUG - _audio_data_worker writing audio data into queue.
2025-04-16 15:21:37.284 - RealTimeSTT: root - DEBUG - _audio_data_worker writing audio data into queue.
2025-04-16 15:21:38.308 - RealTimeSTT: root - DEBUG - _audio_data_worker writing audio data into queue.
2025-04-16 15:21:39.332 - RealTimeSTT: root - DEBUG - _audio_data_worker writing audio data into queue.
2025-04-16 15:21:40.356 - RealTimeSTT: root - DEBUG - _audio_data_worker writing audio data into queue.
2025-04-16 15:21:41.380 - RealTimeSTT: root - DEBUG - _audio_data_worker writing audio data into queue.
2025-04-16 15:21:42.404 - RealTimeSTT: root - DEBUG - _audio_data_worker writing audio data into queue.
2025-04-16 15:21:43.428 - RealTimeSTT: root - DEBUG - _audio_data_worker writing audio data into queue.
2025-04-16 15:21:44.452 - RealTimeSTT: root - DEBUG - _audio_data_worker writing audio data into queue.
2025-04-16 15:21:45.476 - RealTimeSTT: root - DEBUG - _audio_data_worker writing audio data into queue.
2025-04-16 15:21:46.500 - RealTimeSTT: root - DEBUG - _audio_data_worker writing audio data into queue.
2025-04-16 15:21:47.524 - RealTimeSTT: root - DEBUG - _audio_data_worker writing audio data into queue.
2025-04-16 15:21:48.548 - RealTimeSTT: root - DEBUG - _audio_data_worker writing audio data into queue.
2025-04-16 15:21:49.572 - RealTimeSTT: root - DEBUG - _audio_data_worker writing audio data into queue.
2025-04-16 15:21:50.596 - RealTimeSTT: root - DEBUG - _audio_data_worker writing audio data into queue.
2025-04-16 15:21:51.620 - RealTimeSTT: root - DEBUG - _audio_data_worker writing audio data into queue.
2025-04-16 15:21:52.644 - RealTimeSTT: root - DEBUG - _audio_data_worker writing audio data into queue.
2025-04-16 15:21:53.668 - RealTimeSTT: root - DEBUG - _audio_data_worker writing audio data into queue.
2025-04-16 15:21:54.692 - RealTimeSTT: root - DEBUG - _audio_data_worker writing audio data into queue.
2025-04-16 15:21:55.716 - RealTimeSTT: root - DEBUG - _audio_data_worker writing audio data into queue.
2025-04-16 15:21:56.740 - RealTimeSTT: root - DEBUG - _audio_data_worker writing audio data into queue.
2025-04-16 15:21:57.764 - RealTimeSTT: root - DEBUG - _audio_data_worker writing audio data into queue.
2025-04-16 15:21:58.788 - RealTimeSTT: root - DEBUG - _audio_data_worker writing audio data into queue.
2025-04-16 15:21:59.812 - RealTimeSTT: root - DEBUG - _audio_data_worker writing audio data into queue.
2025-04-16 15:22:00.836 - RealTimeSTT: root - DEBUG - _audio_data_worker writing audio data into queue.
2025-04-16 15:22:01.860 - RealTimeSTT: root - DEBUG - _audio_data_worker writing audio data into queue.
2025-04-16 15:22:02.884 - RealTimeSTT: root - DEBUG - _audio_data_worker writing audio data into queue.
2025-04-16 15:22:03.908 - RealTimeSTT: root - DEBUG - _audio_data_worker writing audio data into queue.
2025-04-16 15:22:04.932 - RealTimeSTT: root - DEBUG - _audio_data_worker writing audio data into queue.
2025-04-16 15:22:05.956 - RealTimeSTT: root - DEBUG - _audio_data_worker writing audio data into queue.
2025-04-16 15:22:06.980 - RealTimeSTT: root - DEBUG - _audio_data_worker writing audio data into queue.
2025-04-16 15:22:08.004 - RealTimeSTT: root - DEBUG - _audio_data_worker writing audio data into queue.
2025-04-16 15:22:09.028 - RealTimeSTT: root - DEBUG - _audio_data_worker writing audio data into queue.
2025-04-16 15:22:10.052 - RealTimeSTT: root - DEBUG - _audio_data_worker writing audio data into queue.
2025-04-16 15:22:11.076 - RealTimeSTT: root - DEBUG - _audio_data_worker writing audio data into queue.
2025-04-16 15:22:12.100 - RealTimeSTT: root - DEBUG - _audio_data_worker writing audio data into queue.
2025-04-16 15:22:13.124 - RealTimeSTT: root - DEBUG - _audio_data_worker writing audio data into queue.
2025-04-16 15:22:14.148 - RealTimeSTT: root - DEBUG - _audio_data_worker writing audio data into queue.
2025-04-16 15:22:15.172 - RealTimeSTT: root - DEBUG - _audio_data_worker writing audio data into queue.
2025-04-16 15:22:16.196 - RealTimeSTT: root - DEBUG - _audio_data_worker writing audio data into queue.
2025-04-16 15:22:17.220 - RealTimeSTT: root - DEBUG - _audio_data_worker writing audio data into queue.
2025-04-16 15:22:18.244 - RealTimeSTT: root - DEBUG - _audio_data_worker writing audio data into queue.
2025-04-16 15:22:19.268 - RealTimeSTT: root - DEBUG - _audio_data_worker writing audio data into queue.
2025-04-16 15:22:20.292 - RealTimeSTT: root - DEBUG - _audio_data_worker writing audio data into queue.
2025-04-16 15:22:21.316 - RealTimeSTT: root - DEBUG - _audio_data_worker writing audio data into queue.
2025-04-16 15:22:22.340 - RealTimeSTT: root - DEBUG - _audio_data_worker writing audio data into queue.
2025-04-16 15:22:23.363 - RealTimeSTT: root - DEBUG - _audio_data_worker writing audio data into queue.
2025-04-16 15:22:24.387 - RealTimeSTT: root - DEBUG - _audio_data_worker writing audio data into queue.
2025-04-16 15:22:25.411 - RealTimeSTT: root - DEBUG - _audio_data_worker writing audio data into queue.
2025-04-16 15:22:26.435 - RealTimeSTT: root - DEBUG - _audio_data_worker writing audio data into queue.
2025-04-16 15:22:27.459 - RealTimeSTT: root - DEBUG - _audio_data_worker writing audio data into queue.
2025-04-16 15:22:28.483 - RealTimeSTT: root - DEBUG - _audio_data_worker writing audio data into queue.
2025-04-16 15:22:29.507 - RealTimeSTT: root - DEBUG - _audio_data_worker writing audio data into queue.
2025-04-16 15:22:30.531 - RealTimeSTT: root - DEBUG - _audio_data_worker writing audio data into queue.
2025-04-16 15:22:31.555 - RealTimeSTT: root - DEBUG - _audio_data_worker writing audio data into queue.
2025-04-16 15:22:32.579 - RealTimeSTT: root - DEBUG - _audio_data_worker writing audio data into queue.
2025-04-16 15:22:33.603 - RealTimeSTT: root - DEBUG - _audio_data_worker writing audio data into queue.
2025-04-16 15:22:34.627 - RealTimeSTT: root - DEBUG - _audio_data_worker writing audio data into queue.
2025-04-16 15:22:35.651 - RealTimeSTT: root - DEBUG - _audio_data_worker writing audio data into queue.
2025-04-16 15:22:36.675 - RealTimeSTT: root - DEBUG - _audio_data_worker writing audio data into queue.
2025-04-16 15:22:37.699 - RealTimeSTT: root - DEBUG - _audio_data_worker writing audio data into queue.
2025-04-16 15:22:38.723 - RealTimeSTT: root - DEBUG - _audio_data_worker writing audio data into queue.
2025-04-16 15:22:39.747 - RealTimeSTT: root - DEBUG - _audio_data_worker writing audio data into queue.
2025-04-16 15:22:40.771 - RealTimeSTT: root - DEBUG - _audio_data_worker writing audio data into queue.
2025-04-16 15:22:41.795 - RealTimeSTT: root - DEBUG - _audio_data_worker writing audio data into queue.
2025-04-16 15:22:42.819 - RealTimeSTT: root - DEBUG - _audio_data_worker writing audio data into queue.
2025-04-16 15:22:43.843 - RealTimeSTT: root - DEBUG - _audio_data_worker writing audio data into queue.
2025-04-16 15:22:44.867 - RealTimeSTT: root - DEBUG - _audio_data_worker writing audio data into queue.
2025-04-16 15:22:45.891 - RealTimeSTT: root - DEBUG - _audio_data_worker writing audio data into queue.
2025-04-16 15:22:46.915 - RealTimeSTT: root - DEBUG - _audio_data_worker writing audio data into queue.
2025-04-16 15:22:47.939 - RealTimeSTT: root - DEBUG - _audio_data_worker writing audio data into queue.
2025-04-16 15:22:48.963 - RealTimeSTT: root - DEBUG - _audio_data_worker writing audio data into queue.
2025-04-16 15:22:49.987 - RealTimeSTT: root - DEBUG - _audio_data_worker writing audio data into queue.
2025-04-16 15:22:51.011 - RealTimeSTT: root - DEBUG - _audio_data_worker writing audio data into queue.
2025-04-16 15:22:52.035 - RealTimeSTT: root - DEBUG - _audio_data_worker writing audio data into queue.
2025-04-16 15:22:53.059 - RealTimeSTT: root - DEBUG - _audio_data_worker writing audio data into queue.
